fecha,valor
2026-09-17,7383438.0
2026-09-16,7379053.0
2026-09-15,7367210.0
2026-09-14,7384999.0
2026-09-11,7382974.0
2026-09-10,7398074.0
2026-09-09,7408415.0
2026-09-08,7383939.0
2026-09-07,7389069.0
2026-09-04,7370589.0
2026-09-03,7374679.0
2026-09-02,7391400.0
2026-09-01,7396777.0
2026-08-31,7380828.0
2026-08-28,7398268.0
2026-08-27,7396872.0
2026-08-26,7403784.0
2026-08-25,7390920.0
2026-08-24,7368269.0
2026-08-21,7322075.0
2026-08-20,7321278.0
2026-08-19,7322468.0
2026-08-18,7305812.0
2026-08-14,7279268.0
2026-08-13,7294623.0
2026-08-12,7298090.0
2026-08-11,7296287.0
2026-08-10,7325209.0
2026-08-07,7326880.0
2026-08-06,7319891.0
2026-08-05,7316502.0
2026-08-04,7317176.0
2026-08-03,7302467.0
2026-07-31,8414212.0
2026-07-30,8427722.0
2026-07-29,8458865.0
2026-07-28,8478575.0
2026-07-27,8471073.0
2026-07-24,8447685.0
2026-07-23,8421631.0
2026-07-22,8371297.0
2026-07-21,8353425.0
2026-07-20,8367416.0
2026-07-17,8367118.0
2026-07-16,8336859.0
2026-07-15,8340666.0
2026-07-14,8336677.0
2026-07-13,8400655.0
2026-07-08,8428058.0
2026-07-07,8431719.0
2026-07-06,8420666.0
2026-07-03,8414962.0
2026-07-02,8426774.0
2026-07-01,8410345.0
2026-06-30,8383497.0
2026-06-29,8370156.0
2026-06-26,8336583.0
2026-06-25,8351158.0
2026-06-24,8355368.0
2026-06-23,8309409.0
2026-06-22,8238136.0
2026-06-19,8254779.0
2026-06-18,8194462.0
2026-06-17,8135897.0
2026-06-16,8098868.0
2026-06-12,8088351.0
2026-06-11,8078292.0
2026-06-10,8121002.0
2026-06-09,8175168.0
2026-06-08,8170821.0
2026-06-05,8153958.0
2026-06-04,8133613.0
2026-06-03,8114197.0
2026-06-02,8066698.0
2026-06-01,8035541.0
2026-05-29,9410855.0
2026-05-28,9418295.0
2026-05-27,9416789.0
2026-05-26,9394832.0
2026-05-22,9298826.0
2026-05-21,9289941.0
2026-05-20,9334411.0
2026-05-19,9334954.0
2026-05-18,9308649.0
2026-05-15,9311143.0
2026-05-14,9297026.0
2026-05-13,9270168.0
2026-05-12,9252275.0
2026-05-11,9338683.0
2026-05-08,9302971.0
2026-05-07,9279708.0
2026-05-06,9250716.0
2026-05-05,9310096.0
2026-05-04,9330939.0
2026-04-30,9216037.0
2026-04-29,9310735.0
2026-04-28,9396566.0
2026-04-27,9428846.0
2026-04-24,9323545.0
2026-04-23,9260083.0
2026-04-22,9196221.0
2026-04-21,9202399.0
2026-04-20,9160512.0
2026-04-17,9075472.0
2026-04-16,9028406.0
2026-04-15,9099668.0
2026-04-14,9065405.0
2026-04-13,9094045.0
2026-04-10,9168044.0
2026-04-09,9230289.0
2026-04-08,9255644.0
2026-04-07,9309476.0
2026-04-06,9286726.0
2026-04-01,9260251.0
2026-03-31,9227130.0
2026-03-30,9308311.0
2026-03-27,9182695.0
2026-03-26,9143939.0
2026-03-25,9201847.0
2026-03-20,9298399.0
2026-03-19,9312254.0
2026-03-18,9339546.0
2026-03-17,9312248.0
2026-03-16,9306520.0
2026-03-13,9295377.0
2026-03-12,9340018.0
2026-03-11,9318517.0
2026-03-10,9358080.0
2026-03-09,9464157.0
2026-03-06,9434420.0
2026-03-05,9389902.0
2026-03-04,9352729.0
2026-03-03,9416302.0
2026-03-02,9352721.0
2026-02-27,10796895.0
2026-02-26,10794829.0
2026-02-25,10640712.0
2026-02-24,10552660.0
2026-02-23,10477115.0
2026-02-20,10607150.0
2026-02-19,10666656.0
2026-02-18,10742050.0
2026-02-13,10693095.0
2026-02-12,10683389.0
2026-02-11,10756526.0
2026-02-10,10769774.0
2026-02-09,10907225.0
2026-02-06,10962590.0
2026-02-05,11077805.0
2026-02-04,11093123.0
2026-02-03,11093444.0
2026-02-02,11124372.0
2026-01-30,11093449.0
2026-01-29,11082991.0
2026-01-28,11055366.0
2026-01-27,11044857.0
2026-01-26,11022908.0
2026-01-23,10982598.0
2026-01-22,10935342.0
2026-01-21,10956390.0
2026-01-20,11001191.0
2026-01-19,10978700.0
2026-01-16,10966161.0
2026-01-15,11064274.0
2026-01-14,11144470.0
2026-01-13,11213383.0
2026-01-12,11238895.0
2026-01-09,11237538.0
2026-01-08,11184761.0
2026-01-07,11234181.0
2026-01-06,11246365.0
2026-01-05,11285553.0
2026-01-02,11261631.0
2025-12-30,11183497.0
2025-12-29,11149013.0
2025-12-26,11118361.0
2025-12-23,11115168.0
2025-12-22,11114530.0
2025-12-19,11128579.0
2025-12-18,11135603.0
2025-12-17,11100481.0
2025-12-16,11121554.0
2025-12-15,11033429.0
2025-12-12,11022574.0
2025-12-11,11021297.0
2025-12-10,11030237.0
2025-12-09,11014911.0
2025-12-05,11023851.0
2025-12-04,11106228.0
2025-12-03,11138157.0
2025-12-02,11138796.0
2025-12-01,11104312.0
2025-11-28,12553327.0
2025-11-27,12529531.0
2025-11-26,12533857.0
2025-11-25,12484823.0
2025-11-20,12258404.0
2025-11-19,12135820.0
2025-11-18,12010351.0
2025-11-17,12122840.0
2025-11-14,12157452.0
2025-11-13,12190622.0
2025-11-12,12131493.0
2025-11-11,12256962.0
2025-11-10,12281478.0
2025-11-07,12473286.0
2025-11-05,12525204.0
2025-11-04,12747298.0
2025-11-03,12611013.0
2025-10-31,12486266.0
2025-10-30,12405505.0
2025-10-29,12559816.0
2025-10-28,12727107.0
2025-10-27,11931754.0
2025-10-24,12857624.0
2025-10-23,12841038.0
2025-10-22,12867718.0
2025-10-21,12847528.0
2025-10-20,12657883.0
2025-10-17,12455980.0
2025-10-16,12003141.0
2025-10-15,11884883.0
2025-10-14,11766625.0
2025-10-13,11661348.0
2025-10-09,12561980.0
2025-10-08,12371614.0
2025-10-07,12371614.0
2025-10-06,12371614.0
2025-10-03,12328349.0
2025-10-02,12328349.0
2025-10-01,12320417.0
2025-09-30,11825033.0
2025-09-29,11603661.0
2025-09-26,11525784.0
2025-09-25,11465934.0
2025-09-24,11623851.0
2025-09-23,11717592.0
2025-09-22,12336281.0
2025-09-19,12760998.0
2025-09-18,12756672.0
2025-09-17,12732155.0
2025-09-16,12673748.0
2025-09-15,12650673.0
2025-09-12,12522320.0
2025-09-11,12352865.0
2025-09-10,12286526.0
2025-09-09,12275710.0
2025-09-08,12305996.0
2025-09-05,11814938.0
2025-09-04,11788258.0
2025-09-03,11769510.0
2025-09-02,11839455.0
2025-09-01,11864693.0
2025-08-29,11455118.0
2025-08-28,11626736.0
2025-08-27,11763020.0
2025-08-26,11701728.0
2025-08-25,11631062.0
2025-08-22,11435648.0
2025-08-21,11328928.0
2025-08-20,11235909.0
2025-08-19,11182548.0
2025-08-18,11238793.0
2025-08-14,11320996.0
2025-08-13,11404642.0
2025-08-12,11434927.0
2025-08-11,11512804.0
2025-08-08,11503431.0
2025-08-07,11517852.0
2025-08-06,11540206.0
2025-08-05,11699614.0
2025-08-04,11791975.0
2025-08-01,11787646.0
2025-07-31,11705386.0
2025-07-30,11206057.0
2025-07-29,11234188.0
2025-07-28,11153324.0
2025-07-25,11070295.0
2025-07-24,10933839.0
2025-07-23,10913623.0
2025-07-22,10969939.0
2025-07-21,11141772.0
2025-07-18,11111243.0
2025-07-17,10959064.0
2025-07-16,10904251.0
2025-07-15,11064872.0
2025-07-14,10971004.0
2025-07-11,10931290.0
2025-07-10,10927681.0
2025-07-08,10900242.0
2025-07-07,10899520.0
2025-07-04,10710702.0
2025-07-03,10599118.0
2025-07-02,10637272.0
2025-07-01,10392506.0
2025-06-30,10315476.0
2025-06-27,10477939.0
2025-06-26,10540812.0
2025-06-25,10379053.0
2025-06-24,10376141.0
2025-06-23,9353982.0
2025-06-19,9264503.0
2025-06-18,9223101.0
2025-06-17,9456149.0
2025-06-13,9516916.0
2025-06-12,9499554.0
2025-06-11,9491541.0
2025-06-10,9511574.0
2025-06-09,9506900.0
2025-06-06,9535613.0
2025-06-05,9539485.0
2025-06-04,9497074.0
2025-06-03,9494555.0
2025-06-02,9471835.0
2025-05-30,9794206.0
2025-05-29,9623504.0
2025-05-28,9513469.0
2025-05-27,9406945.0
2025-05-26,9340025.0
2025-05-23,9316808.0
2025-05-22,9370753.0
2025-05-21,9382362.0
2025-05-20,9357779.0
2025-05-19,9294274.0
2025-05-16,9391922.0
2025-05-15,9304517.0
2025-05-14,9258083.0
2025-05-13,9223941.0
2025-05-12,9226672.0
2025-05-09,9124927.0
2025-05-08,9157021.0
2025-05-07,9517938.0
2025-05-06,9998602.0
2025-05-05,9798094.0
2025-04-30,9744053.0
2025-04-29,9928001.0
2025-04-28,9864396.0
2025-04-25,9957683.0
2025-04-24,9976765.0
2025-04-23,9519517.0
2025-04-22,9272164.0
2025-04-21,9077817.0
2025-04-16,9946375.0
2025-04-15,10183833.0
2025-04-14,10027649.0
2025-04-11,9145308.0
2025-04-10,9136828.0
2025-04-09,9134708.0
2025-04-08,9130114.0
2025-04-07,9127994.0
2025-04-04,9124107.0
2025-04-03,9115273.0
2025-04-01,9112800.0
2025-03-31,9107146.0
2025-03-28,9281730.0
2025-03-27,9272362.0
2025-03-26,9270560.0
2025-03-25,9266236.0
2025-03-21,9264074.0
2025-03-20,9251104.0
2025-03-19,9249302.0
2025-03-18,9244979.0
2025-03-17,9243178.0
2025-03-14,9239935.0
2025-03-13,9227684.0
2025-03-12,9225523.0
2025-03-11,9223721.0
2025-03-10,9220838.0
2025-03-07,9218317.0
2025-03-06,9206066.0
2025-03-05,9203904.0
2025-02-28,9203904.0
2025-02-27,9363602.0
2025-02-26,9359195.0
2025-02-25,9356991.0
2025-02-24,9352584.0
2025-02-21,9350381.0
2025-02-20,9341567.0
2025-02-19,9337160.0
2025-02-18,9335324.0
2025-02-17,9334589.0
2025-02-14,9329448.0
2025-02-13,9320267.0
2025-02-12,9315125.0
2025-02-11,9312922.0
2025-02-10,9310719.0
2025-02-07,9306679.0
2025-02-06,9297498.0
2025-02-05,9296029.0
2025-02-04,9291989.0
2025-02-03,9289052.0
2025-01-31,9285379.0
2025-01-30,9451911.0
2025-01-29,9443679.0
2025-01-28,9437693.0
2025-01-27,9433951.0
2025-01-24,9425718.0
2025-01-23,9408506.0
2025-01-22,9404764.0
2025-01-21,9392791.0
2025-01-20,9386803.0
2025-01-17,9380068.0
2025-01-16,9359862.0
2025-01-15,9355372.0
2025-01-14,9350882.0
2025-01-13,9341901.0
2025-01-10,9337411.0
2025-01-09,9319450.0
2025-01-08,9310470.0
2025-01-07,9305979.0
2025-01-06,9301489.0
2025-01-03,9292509.0
2025-01-02,9274548.0
2024-12-30,9444317.0
2024-12-27,9426023.0
2024-12-26,9412303.0
2024-12-23,9400869.0
2024-12-20,9379526.0
2024-12-19,9359707.0
2024-12-18,9355134.0
2024-12-17,9346748.0
2024-12-16,9341413.0
2024-12-13,9336839.0
2024-12-12,9318545.0
2024-12-11,9309398.0
2024-12-10,9304825.0
2024-12-09,9300251.0
2024-12-06,9291104.0
2024-12-05,9273572.0
2024-12-04,9268237.0
2024-12-03,9267475.0
2024-12-02,9256041.0
2024-11-29,9423074.0
2024-11-28,9399790.0
2024-11-27,9395133.0
2024-11-26,9408997.0
2024-11-25,9405447.0
2024-11-22,9414267.0
2024-11-21,9398661.0
2024-11-20,9389306.0
2024-11-19,9387790.0
2024-11-15,9463332.0
2024-11-14,9482974.0
2024-11-13,9492893.0
2024-11-12,9547803.0
2024-11-11,9540561.0
2024-11-08,9537340.0
2024-11-07,9533440.0
2024-11-05,9585348.0
2024-11-04,9587368.0
2024-11-01,9581738.0
2024-10-31,9594310.0
2024-10-30,9775950.0
2024-10-29,9790200.0
2024-10-28,9839857.0
2024-10-25,9835192.0
2024-10-24,9824656.0
2024-10-23,9826138.0
2024-10-22,9834154.0
2024-10-21,9837528.0
2024-10-18,9838970.0
2024-10-17,9850281.0
2024-10-16,9857140.0
2024-10-15,9877499.0
2024-10-14,9874302.0
2024-10-10,9868106.0
2024-10-09,9836565.0
2024-10-08,9833207.0
2024-10-07,9829470.0
2024-10-04,9822752.0
2024-10-03,9801760.0
2024-10-02,9792655.0
2024-10-01,9787617.0
2024-09-30,9839987.0
2024-09-27,9998307.0
2024-09-26,9979422.0
2024-09-25,9970838.0
2024-09-24,9979038.0
2024-09-23,10090055.0
2024-09-20,10083964.0
2024-09-19,10064045.0
2024-09-18,10059832.0
2024-09-17,10050460.0
2024-09-16,10046978.0
2024-09-13,10043979.0
2024-09-12,10022222.0
2024-09-11,10014585.0
2024-09-10,10006853.0
2024-09-09,10002501.0
2024-09-06,9996478.0
2024-09-05,9973080.0
2024-09-04,9970682.0
2024-09-03,9967863.0
2024-09-02,9953363.0
2024-08-30,10112976.0
2024-08-29,10089980.0
2024-08-28,10083888.0
2024-08-27,10080475.0
2024-08-26,10073572.0
2024-08-23,10063844.0
2024-08-22,10043500.0
2024-08-21,10034213.0
2024-08-20,10029472.0
2024-08-19,10024931.0
2024-08-16,10021393.0
2024-08-15,10000161.0
2024-08-14,10004156.0
2024-08-13,9989990.0
2024-08-12,9984678.0
2024-08-09,9982908.0
2024-08-08,9960874.0
2024-08-07,9955662.0
2024-08-06,9949465.0
2024-08-05,9941591.0
2024-08-02,9934685.0
2024-08-01,9917080.0
2024-07-31,9910929.0
2024-07-30,10060929.0
2024-07-29,10055697.0
2024-07-26,10053999.0
2024-07-25,10030348.0
2024-07-24,10025043.0
2024-07-23,10010742.0
2024-07-22,10008043.0
2024-07-19,10005616.0
2024-07-18,9984023.0
2024-07-17,9974125.0
2024-07-16,9970902.0
2024-07-15,9964604.0
2024-07-12,9952008.0
2024-07-11,9938880.0
2024-07-10,9931782.0
2024-07-08,9922804.0
2024-07-05,9917374.0
2024-07-04,9924507.0
2024-07-03,9921799.0
2024-07-02,9916381.0
2024-07-01,9909257.0
2024-06-28,9879558.0
2024-06-27,9878054.0
2024-06-26,9870347.0
2024-06-25,9858606.0
2024-06-24,9852375.0
2024-06-19,9820064.0
2024-06-18,9814240.0
2024-06-14,9784607.0
2024-06-13,9784606.0
2024-06-12,9782796.0
2024-06-11,9781960.0
2024-06-10,9771343.0
2024-06-07,9748933.0
2024-06-06,9742609.0
2024-06-05,9740594.0
2024-06-04,9726314.0
2024-06-03,9721341.0
2024-05-31,9709443.0
2024-05-30,9698598.0
2024-05-29,9639271.0
2024-05-28,9634199.0
2024-05-27,9629466.0
2024-05-24,9608860.0
2024-05-23,9603902.0
2024-05-22,9567852.0
2024-05-21,9563940.0
2024-05-20,9560086.0
2024-05-17,9539658.0
2024-05-16,9534548.0
2024-05-15,8015952.0
2024-05-14,8013377.0
2024-05-13,8004789.0
2024-05-10,8000699.0
2024-05-09,7997368.0
2024-05-08,7994339.0
2024-05-07,7996765.0
2024-05-06,7996919.0
2024-05-03,7993652.0
2024-05-02,7989311.0
2024-04-30,7883352.0
2024-04-29,7883210.0
2024-04-26,7871985.0
2024-04-25,7864227.0
2024-04-24,7860692.0
2024-04-23,7859909.0
2024-04-22,7858130.0
2024-04-19,7846921.0
2024-04-18,7842535.0
2024-04-17,7752183.0
2024-04-16,7749145.0
2024-04-15,7750311.0
2024-04-12,7741723.0
2024-04-11,7735521.0
2024-04-10,7733622.0
2024-04-09,7738332.0
2024-04-08,7737446.0
2024-04-05,7734491.0
2024-04-04,7733333.0
2024-04-03,7745244.0
2024-03-27,7727656.0
2024-03-26,7741143.0
2024-03-25,7747440.0
2024-03-22,7737807.0
2024-03-21,7736830.0
2024-03-20,7662854.0
2024-03-19,7664864.0
2024-03-18,7680049.0
2024-03-15,7673012.0
2024-03-14,7692858.0
2024-03-13,7464622.0
2024-03-12,7466948.0
2024-03-11,7468412.0
2024-03-08,7465288.0
2024-03-07,7513448.0
2024-03-06,7097265.0
2024-03-05,7095857.0
2024-03-04,7104425.0
2024-03-01,7101205.0
2024-02-29,7108763.0
2024-02-28,6643125.0
2024-02-27,6645287.0
2024-02-26,6646982.0
2024-02-23,6643379.0
2024-02-22,6647943.0
2024-02-21,5678625.0
2024-02-20,5691389.0
2024-02-19,5731616.0
2024-02-16,5738625.0
2024-02-15,5554618.0
2024-02-14,5609937.0
2024-02-09,5602656.0
2024-02-08,5641409.0
2024-02-07,5655345.0
2024-02-06,4924357.0
2024-02-05,4948803.0
2024-02-02,4984932.0
2024-02-01,5033976.0
2024-01-31,3089153.0
2024-01-30,3096645.0
2024-01-29,3132183.0
2024-01-26,3136288.0
2024-01-25,3141248.0
2024-01-24,2917694.0
2024-01-23,2950426.0
2024-01-22,3133466.0
2024-01-19,3213938.0
2024-01-18,3223459.0
2024-01-17,2256757.0
2024-01-16,2292716.0
2024-01-15,2315455.0
2024-01-12,2324405.0
2024-01-11,2326699.0
2024-01-10,2308230.0
2024-01-09,2323394.0
2024-01-08,2352498.0
2024-01-05,2356455.0
2024-01-04,2335777.0
2024-01-03,2378999.0
2024-01-02,2423000.0
2023-12-29,2474069.0
2023-12-28,2561804.0
2023-12-27,2597721.0
2023-12-26,2662355.0
2023-12-22,2759659.0
2023-12-21,3070897.0
2023-12-20,3133174.0
2023-12-19,3226814.0
2023-12-18,3306043.0
2023-12-15,3386178.0
2023-12-14,3578383.0
2023-12-13,3930116.0
2023-12-12,1847928.0
2023-12-11,1845659.0
2023-12-07,1840552.0
2023-12-06,1850501.0
2023-12-05,1853410.0
2023-12-04,1858502.0
2023-12-01,1853489.0
2023-11-30,1852484.0
2023-11-29,1849997.0
2023-11-28,1847800.0
2023-11-27,1837717.0
2023-11-24,1807168.0
2023-11-23,1786324.0
2023-11-22,1768194.0
2023-11-21,1736657.0
2023-11-17,1696294.0
2023-11-16,1525365.0
2023-11-15,1443104.0
2023-11-14,1313541.0
2023-11-13,1241456.0
2023-11-10,1029287.0
2023-11-09,1014082.0
2023-11-08,1011238.0
2023-11-07,979662.0
2023-11-03,963652.0
2023-11-02,963083.0
2023-11-01,951048.0
2023-10-31,946477.0
2023-10-30,918552.0
2023-10-27,947493.0
2023-10-26,979862.0
2023-10-25,964640.0
2023-10-24,967935.0
2023-10-23,980457.0
2023-10-20,1065013.0
2023-10-19,1030307.0
2023-10-18,996995.0
2023-10-17,913518.0
2023-10-12,880809.0
2023-10-11,865123.0
2023-10-10,839573.0
2023-10-09,814943.0
2023-10-06,803990.0
2023-10-05,784527.0
2023-10-04,776915.0
2023-10-03,763684.0
2023-10-02,753663.0
2023-09-29,753240.0
2023-09-28,707681.0
2023-09-27,680638.0
2023-09-26,663416.0
2023-09-25,663159.0
2023-09-22,656374.0
2023-09-21,656296.0
2023-09-20,656065.0
2023-09-19,655124.0
2023-09-18,662629.0
2023-09-15,661396.0
2023-09-14,662267.0
2023-09-13,662341.0
2023-09-12,660803.0
2023-09-11,664653.0
2023-09-08,664980.0
2023-09-07,670115.0
2023-09-06,688614.0
2023-09-05,690564.0
2023-09-04,694588.0
2023-09-01,702241.0
2023-08-31,711280.0
2023-08-30,716425.0
2023-08-29,723093.0
2023-08-28,737061.0
2023-08-25,745645.0
2023-08-24,775429.0
2023-08-23,805033.0
2023-08-22,813241.0
2023-08-18,832790.0
2023-08-17,869895.0
2023-08-16,903377.0
2023-08-15,935301.0
2023-08-14,1047220.0
2023-08-11,907580.0
2023-08-10,889076.0
2023-08-09,880375.0
2023-08-08,883763.0
2023-08-07,879644.0
2023-08-04,843748.0
2023-08-03,710015.0
2023-08-02,687249.0
2023-08-01,676022.0
2023-07-31,671019.0
2023-07-28,619640.0
2023-07-27,598159.0
2023-07-26,574861.0
2023-07-25,546803.0
2023-07-24,537452.0
2023-07-21,529713.0
2023-07-20,528835.0
2023-07-19,530326.0
2023-07-18,534430.0
2023-07-17,541465.0
2023-07-14,533698.0
2023-07-13,534038.0
2023-07-12,535244.0
2023-07-11,535648.0
2023-07-10,542507.0
2023-07-07,544389.0
2023-07-06,544109.0
2023-07-05,546873.0
2023-07-04,548832.0
2023-07-03,550816.0
2023-06-30,554451.0
2023-06-29,554445.0
2023-06-28,565500.0
2023-06-27,566516.0
2023-06-26,570940.0
2023-06-23,587722.0
2023-06-22,593749.0
2023-06-21,593950.0
2023-06-16,594763.0
2023-06-15,594975.0
2023-06-14,588474.0
2023-06-13,543332.0
2023-06-12,503088.0
2023-06-09,495094.0
2023-06-08,498715.0
2023-06-07,497271.0
2023-06-06,503962.0
2023-06-05,517626.0
2023-06-02,521044.0
2023-06-01,497417.0
2023-05-31,488443.0
2023-05-30,453171.0
2023-05-29,446153.0
2023-05-24,441053.0
2023-05-23,438593.0
2023-05-22,442806.0
2023-05-19,449379.0
2023-05-18,438069.0
2023-05-17,426557.0
2023-05-16,425026.0
2023-05-15,409114.0
2023-05-12,413201.0
2023-05-11,404540.0
2023-05-10,394075.0
2023-05-09,382371.0
2023-05-08,375611.0
2023-05-05,378248.0
2023-05-04,346179.0
2023-05-03,331731.0
2023-05-02,312112.0
2023-04-28,326783.0
2023-04-27,308932.0
2023-04-26,303935.0
2023-04-25,317626.0
2023-04-24,291651.0
2023-04-21,260054.0
2023-04-20,213583.0
2023-04-19,193129.0
2023-04-18,187603.0
2023-04-17,205478.0
2023-04-14,183668.0
2023-04-13,179103.0
2023-04-12,68256.0
2023-04-11,44437.0
2023-04-10,44712.0
2023-04-05,44878.0
2023-04-04,45635.0
2023-04-03,45797.0
2023-03-31,46141.0
2023-03-30,46602.0
2023-03-29,46778.0
2023-03-28,47354.0
2023-03-27,47546.0
2023-03-23,47631.0
2023-03-22,48526.0
2023-03-21,48547.0
2023-03-20,48907.0
2023-03-17,48742.0
2023-03-16,49800.0
2023-03-15,50060.0
2023-03-14,50517.0
2023-03-13,51079.0
2023-03-10,51671.0
2023-03-09,52363.0
2023-03-08,53452.0
2023-03-07,54229.0
2023-03-06,54268.0
2023-03-03,54056.0
2023-03-02,54810.0
2023-03-01,55395.0
2023-02-28,55850.0
2023-02-27,57800.0
2023-02-24,58210.0
2023-02-23,59657.0
2023-02-22,61096.0
2023-02-17,60960.0
2023-02-16,61517.0
2023-02-15,63102.0
2023-02-14,63454.0
2023-02-13,64027.0
2023-02-10,64109.0
2023-02-09,65267.0
2023-02-08,65474.0
2023-02-07,65696.0
2023-02-06,65971.0
2023-02-03,66293.0
2023-02-02,67153.0
2023-02-01,67912.0
2023-01-31,69078.0
2023-01-30,70422.0
2023-01-27,71051.0
2023-01-26,71394.0
2023-01-25,72463.0
2023-01-24,73277.0
2023-01-23,73825.0
2023-01-20,73895.0
2023-01-19,74401.0
2023-01-18,74493.0
2023-01-17,74698.0
2023-01-16,75575.0
2023-01-13,75506.0
2023-01-12,78500.0
2023-01-11,79363.0
2023-01-10,80699.0
2023-01-09,82202.0
2023-01-06,82820.0
2023-01-05,81982.0
2023-01-04,82033.0
2023-01-03,82568.0
2023-01-02,83345.0
2022-12-30,82871.0
2022-12-29,82323.0
2022-12-28,83306.0
2022-12-27,81924.0
2022-12-26,81408.0
2022-12-23,79231.0
2022-12-22,78262.0
2022-12-21,78695.0
2022-12-20,78493.0
2022-12-19,76717.0
2022-12-16,76189.0
2022-12-15,73828.0
2022-12-14,73229.0
2022-12-13,73526.0
2022-12-12,73430.0
2022-12-07,73109.0
2022-12-06,72232.0
2022-12-05,70523.0
2022-12-02,70801.0
2022-12-01,69969.0
2022-11-30,70400.0
2022-11-29,71379.0
2022-11-28,71706.0
2022-11-25,71591.0
2022-11-24,71957.0
2022-11-23,72457.0
2022-11-22,73177.0
2022-11-18,72707.0
2022-11-17,73370.0
2022-11-16,73828.0
2022-11-15,73940.0
2022-11-14,75481.0
2022-11-11,75311.0
2022-11-10,76833.0
2022-11-09,77359.0
2022-11-08,77874.0
2022-11-07,78366.0
2022-11-04,78012.0
2022-11-03,78552.0
2022-11-02,78524.0
2022-11-01,78765.0
2022-10-31,79950.0
2022-10-28,79763.0
2022-10-27,80251.0
2022-10-26,80421.0
2022-10-25,81111.0
2022-10-24,80792.0
2022-10-21,80354.0
2022-10-20,80592.0
2022-10-19,80481.0
2022-10-18,80487.0
2022-10-17,80508.0
2022-10-14,80686.0
2022-10-13,81383.0
2022-10-12,81251.0
2022-10-11,81509.0
2022-10-06,80722.0
2022-10-05,80429.0
2022-10-04,79909.0
2022-10-03,78831.0
2022-09-30,75461.0
2022-09-29,67764.0
2022-09-28,59895.0
2022-09-27,52191.0
2022-09-26,47320.0
2022-09-23,39293.0
2022-09-22,34014.0
2022-09-21,30287.0
2022-09-20,25745.0
2022-09-19,19047.0
2022-09-16,16171.0
2022-09-15,14010.0
2022-09-14,11098.0
2022-09-13,10126.0
2022-09-12,5417.0
2022-09-09,0.0
2022-09-08,0.0
2022-09-07,0.0
2022-09-06,0.0
2022-09-05,0.0
2022-09-01,0.0
2022-08-31,0.0
2022-08-30,0.0
2022-08-29,0.0
2022-08-26,0.0
2022-08-25,0.0
2022-08-24,0.0
2022-08-23,0.0
2022-08-22,0.0
2022-08-19,0.0
2022-08-18,0.0
2022-08-17,0.0
2022-08-16,0.0
2022-08-12,0.0
2022-08-11,0.0
2022-08-10,0.0
2022-08-09,0.0
2022-08-08,0.0
2022-08-05,0.0
2022-08-04,0.0
2022-08-03,0.0
2022-08-02,0.0
2022-08-01,0.0
2022-07-29,0.0
2022-07-28,0.0
2022-07-27,0.0
2022-07-26,0.0
2022-07-25,0.0
2022-07-22,0.0
2022-07-21,0.0
2022-07-20,0.0
2022-07-19,0.0
2022-07-18,0.0
2022-07-15,0.0
2022-07-14,0.0
2022-07-13,0.0
2022-07-12,0.0
2022-07-11,0.0
2022-07-08,0.0
2022-07-07,0.0
2022-07-06,0.0
2022-07-05,0.0
2022-07-04,0.0
2022-07-01,0.0
2022-06-30,0.0
2022-06-29,0.0
2022-06-28,0.0
2022-06-27,0.0
2022-06-24,0.0
2022-06-23,0.0
2022-06-22,0.0
2022-06-21,0.0
2022-06-16,0.0
2022-06-15,0.0
2022-06-14,0.0
2022-06-13,0.0
2022-06-10,0.0
2022-06-09,0.0
2022-06-08,0.0
2022-06-07,0.0
2022-06-06,0.0
2022-06-03,0.0
2022-06-02,0.0
2022-06-01,0.0
2022-05-31,0.0
2022-05-30,0.0
2022-05-27,0.0
2022-05-26,0.0
2022-05-24,0.0
2022-05-23,0.0
2022-05-20,0.0
2022-05-19,0.0
2022-05-17,0.0
2022-05-16,0.0
2022-05-13,0.0
2022-05-12,0.0
2022-05-11,0.0
2022-05-10,0.0
2022-05-09,0.0
2022-05-06,0.0
2022-05-05,0.0
2022-05-04,0.0
2022-05-03,0.0
2022-05-02,0.0
2022-04-29,0.0
2022-04-28,0.0
2022-04-27,0.0
2022-04-26,0.0
2022-04-25,0.0
2022-04-22,0.0
2022-04-21,0.0
2022-04-20,0.0
2022-04-19,0.0
2022-04-18,0.0
2022-04-13,0.0
2022-04-12,0.0
2022-04-11,0.0
2022-04-08,0.0
2022-04-07,0.0
2022-04-06,0.0
2022-04-05,0.0
2022-04-04,0.0
2022-04-01,0.0
2022-03-31,0.0
2022-03-30,0.0
2022-03-29,0.0
2022-03-28,0.0
2022-03-25,0.0
2022-03-23,0.0
2022-03-22,0.0
2022-03-21,0.0
2022-03-18,0.0
2022-03-17,0.0
2022-03-16,0.0
2022-03-15,0.0
2022-03-14,0.0
2022-03-11,0.0
2022-03-10,0.0
2022-03-09,0.0
2022-03-08,0.0
2022-03-07,0.0
2022-03-04,0.0
2022-03-03,0.0
2022-03-02,0.0
2022-02-25,0.0
2022-02-24,0.0
2022-02-23,0.0
2022-02-22,0.0
2022-02-21,0.0
2022-02-18,0.0
2022-02-17,0.0
2022-02-16,0.0
2022-02-15,0.0
2022-02-14,0.0
2022-02-11,0.0
2022-02-10,0.0
2022-02-09,0.0
2022-02-08,0.0
2022-02-07,0.0
2022-02-04,0.0
2022-02-03,0.0
2022-02-02,0.0
2022-02-01,0.0
2022-01-31,0.0
2022-01-28,0.0
2022-01-27,0.0
2022-01-26,0.0
2022-01-25,0.0
2022-01-24,0.0
2022-01-21,0.0
2022-01-20,0.0
2022-01-19,0.0
2022-01-18,0.0
2022-01-17,0.0
2022-01-14,0.0
2022-01-13,0.0
2022-01-12,0.0
2022-01-11,0.0
2022-01-10,0.0
2022-01-07,0.0
2022-01-06,0.0
2022-01-05,0.0
2022-01-04,0.0
2022-01-03,0.0
2021-12-30,0.0
2021-12-29,0.0
2021-12-28,0.0
2021-12-27,0.0
2021-12-23,0.0
2021-12-22,0.0
2021-12-21,0.0
2021-12-20,0.0
2021-12-17,0.0
2021-12-16,0.0
2021-12-15,0.0
2021-12-14,0.0
2021-12-13,0.0
2021-12-10,0.0
2021-12-09,0.0
2021-12-07,0.0
2021-12-06,0.0
2021-12-03,0.0
2021-12-02,0.0
2021-12-01,0.0
2021-11-30,0.0
2021-11-29,0.0
2021-11-26,0.0
2021-11-25,0.0
2021-11-24,0.0
2021-11-23,0.0
2021-11-19,0.0
2021-11-18,0.0
2021-11-17,0.0
2021-11-16,0.0
2021-11-15,0.0
2021-11-12,0.0
2021-11-11,0.0
2021-11-10,0.0
2021-11-09,0.0
2021-11-08,0.0
2021-11-05,0.0
2021-11-04,0.0
2021-11-03,0.0
2021-11-02,0.0
2021-11-01,0.0
2021-10-29,0.0
2021-10-28,0.0
2021-10-27,0.0
2021-10-26,0.0
2021-10-25,0.0
2021-10-22,0.0
2021-10-21,0.0
2021-10-20,0.0
2021-10-19,0.0
2021-10-18,0.0
2021-10-15,0.0
2021-10-14,0.0
2021-10-13,0.0
2021-10-12,0.0
2021-10-07,0.0
2021-10-06,0.0
2021-10-05,0.0
2021-10-04,0.0
2021-10-01,0.0
2021-09-30,0.0
2021-09-29,0.0
2021-09-28,0.0
2021-09-27,0.0
2021-09-24,0.0
2021-09-23,0.0
2021-09-22,0.0
2021-09-21,0.0
2021-09-20,0.0
2021-09-17,0.0
2021-09-16,0.0
2021-09-15,0.0
2021-09-14,0.0
2021-09-13,0.0
2021-09-10,0.0
2021-09-09,0.0
2021-09-08,0.0
2021-09-07,0.0
2021-09-06,0.0
2021-09-03,0.0
2021-09-02,0.0
2021-09-01,0.0
2021-08-31,0.0
2021-08-30,0.0
2021-08-27,0.0
2021-08-26,0.0
2021-08-25,0.0
2021-08-24,0.0
2021-08-23,0.0
2021-08-20,0.0
2021-08-19,0.0
2021-08-18,0.0
2021-08-17,0.0
2021-08-13,0.0
2021-08-12,0.0
2021-08-11,0.0
2021-08-10,0.0
2021-08-09,0.0
2021-08-06,0.0
2021-08-05,0.0
2021-08-04,0.0
2021-08-03,0.0
2021-08-02,0.0
2021-07-30,0.0
2021-07-29,0.0
2021-07-28,0.0
2021-07-27,0.0
2021-07-26,0.0
2021-07-23,0.0
2021-07-22,0.0
2021-07-21,0.0
2021-07-20,0.0
2021-07-19,0.0
2021-07-16,0.0
2021-07-15,0.0
2021-07-14,0.0
2021-07-13,0.0
2021-07-12,0.0
2021-07-08,0.0
2021-07-07,0.0
2021-07-06,0.0
2021-07-05,0.0
2021-07-02,0.0
2021-07-01,0.0
2021-06-30,0.0
2021-06-29,0.0
2021-06-28,0.0
2021-06-25,0.0
2021-06-24,0.0
2021-06-23,0.0
2021-06-22,0.0
2021-06-18,0.0
2021-06-17,0.0
2021-06-16,0.0
2021-06-15,0.0
2021-06-14,0.0
2021-06-11,0.0
2021-06-10,0.0
2021-06-09,0.0
2021-06-08,0.0
2021-06-07,0.0
2021-06-04,0.0
2021-06-03,0.0
2021-06-02,0.0
2021-06-01,0.0
2021-05-31,0.0
2021-05-28,0.0
2021-05-27,0.0
2021-05-26,0.0
2021-05-21,0.0
2021-05-20,0.0
2021-05-19,0.0
2021-05-18,0.0
2021-05-17,0.0
2021-05-14,0.0
2021-05-13,0.0
2021-05-12,0.0
2021-05-11,0.0
2021-05-10,0.0
2021-05-07,0.0
2021-05-06,0.0
2021-05-05,0.0
2021-05-04,0.0
2021-05-03,0.0
2021-04-30,0.0
2021-04-29,0.0
2021-04-28,0.0
2021-04-27,0.0
2021-04-26,0.0
2021-04-23,0.0
2021-04-22,0.0
2021-04-21,0.0
2021-04-20,0.0
2021-04-19,0.0
2021-04-16,0.0
2021-04-15,0.0
2021-04-14,0.0
2021-04-13,0.0
2021-04-12,0.0
2021-04-09,0.0
2021-04-08,0.0
2021-04-07,0.0
2021-04-06,0.0
2021-04-05,0.0
2021-03-31,0.0
2021-03-30,0.0
2021-03-29,0.0
2021-03-26,0.0
2021-03-25,0.0
2021-03-23,0.0
2021-03-22,0.0
2021-03-19,0.0
2021-03-18,0.0
2021-03-17,0.0
2021-03-16,0.0
2021-03-15,0.0
2021-03-12,0.0
2021-03-11,0.0
2021-03-10,0.0
2021-03-09,0.0
2021-03-08,0.0
2021-03-05,0.0
2021-03-04,0.0
2021-03-03,0.0
2021-03-02,0.0
2021-03-01,0.0
2021-02-26,0.0
2021-02-25,0.0
2021-02-24,0.0
2021-02-23,0.0
2021-02-22,0.0
2021-02-19,0.0
2021-02-18,0.0
2021-02-17,0.0
2021-02-12,0.0
2021-02-11,0.0
2021-02-10,0.0
2021-02-09,0.0
2021-02-08,0.0
2021-02-05,0.0
2021-02-04,0.0
2021-02-03,0.0
2021-02-02,0.0
2021-02-01,0.0
2021-01-29,0.0
2021-01-28,0.0
2021-01-27,0.0
2021-01-26,0.0
2021-01-25,0.0
2021-01-22,0.0
2021-01-21,0.0
2021-01-20,0.0
2021-01-19,0.0
2021-01-18,0.0
2021-01-15,0.0
2021-01-14,0.0
2021-01-13,0.0
2021-01-12,0.0
2021-01-11,0.0
2021-01-08,0.0
2021-01-07,0.0
2021-01-06,0.0
2021-01-05,0.0
2021-01-04,0.0
2020-12-30,0.0
2020-12-29,0.0
2020-12-28,0.0
2020-12-23,0.0
2020-12-22,0.0
2020-12-21,0.0
2020-12-18,0.0
2020-12-17,0.0
2020-12-16,0.0
2020-12-15,0.0
2020-12-14,0.0
2020-12-11,0.0
2020-12-10,0.0
2020-12-09,0.0
2020-12-04,0.0
2020-12-03,0.0
2020-12-02,0.0
2020-12-01,0.0
2020-11-30,0.0
2020-11-27,0.0
2020-11-26,0.0
2020-11-25,0.0
2020-11-24,0.0
2020-11-20,0.0
2020-11-19,0.0
2020-11-18,0.0
2020-11-17,0.0
2020-11-16,0.0
2020-11-13,0.0
2020-11-12,0.0
2020-11-11,0.0
2020-11-10,0.0
2020-11-09,0.0
2020-11-05,0.0
2020-11-04,0.0
2020-11-03,0.0
2020-11-02,0.0
2020-10-30,0.0
2020-10-29,0.0
2020-10-28,0.0
2020-10-27,0.0
2020-10-26,0.0
2020-10-23,0.0
2020-10-22,0.0
2020-10-21,0.0
2020-10-20,0.0
2020-10-19,0.0
2020-10-16,0.0
2020-10-15,0.0
2020-10-14,0.0
2020-10-13,0.0
2020-10-09,0.0
2020-10-08,0.0
2020-10-07,0.0
2020-10-06,0.0
2020-10-05,0.0
2020-10-02,0.0
2020-10-01,0.0
2020-09-30,0.0
2020-09-29,0.0
2020-09-28,0.0
2020-09-25,0.0
2020-09-24,0.0
2020-09-23,0.0
2020-09-22,0.0
2020-09-21,0.0
2020-09-18,0.0
2020-09-17,0.0
2020-09-16,0.0
2020-09-15,0.0
2020-09-14,0.0
2020-09-11,0.0
2020-09-10,0.0
2020-09-09,0.0
2020-09-08,0.0
2020-09-07,0.0
2020-09-04,0.0
2020-09-03,0.0
2020-09-02,0.0
2020-09-01,0.0
2020-08-31,0.0
2020-08-28,0.0
2020-08-27,0.0
2020-08-26,0.0
2020-08-25,0.0
2020-08-24,0.0
2020-08-21,0.0
2020-08-20,0.0
2020-08-19,0.0
2020-08-18,0.0
2020-08-14,0.0
2020-08-13,0.0
2020-08-12,0.0
2020-08-11,0.0
2020-08-10,0.0
2020-08-07,0.0
2020-08-06,0.0
2020-08-05,0.0
2020-08-04,0.0
2020-08-03,0.0
2020-07-31,0.0
2020-07-30,0.0
2020-07-29,0.0
2020-07-28,0.0
2020-07-27,0.0
2020-07-24,0.0
2020-07-23,0.0
2020-07-22,0.0
2020-07-21,0.0
2020-07-20,0.0
2020-07-17,0.0
2020-07-16,0.0
2020-07-15,0.0
2020-07-14,0.0
2020-07-13,0.0
2020-07-08,0.0
2020-07-07,0.0
2020-07-06,0.0
2020-07-03,0.0
2020-07-02,0.0
2020-07-01,0.0
2020-06-30,0.0
2020-06-29,0.0
2020-06-26,0.0
2020-06-25,0.0
2020-06-24,0.0
2020-06-23,0.0
2020-06-22,0.0
2020-06-19,0.0
2020-06-18,0.0
2020-06-17,0.0
2020-06-16,0.0
2020-06-12,0.0
2020-06-11,0.0
2020-06-10,0.0
2020-06-09,0.0
2020-06-08,0.0
2020-06-05,0.0
2020-06-04,0.0
2020-06-03,0.0
2020-06-02,0.0
2020-06-01,0.0
2020-05-29,0.0
2020-05-28,0.0
2020-05-27,0.0
2020-05-26,0.0
2020-05-22,0.0
2020-05-21,0.0
2020-05-20,0.0
2020-05-19,0.0
2020-05-18,0.0
2020-05-15,0.0
2020-05-14,0.0
2020-05-13,0.0
2020-05-12,0.0
2020-05-11,0.0
2020-05-08,0.0
2020-05-07,0.0
2020-05-06,0.0
2020-05-05,0.0
2020-05-04,0.0
2020-04-30,0.0
2020-04-29,0.0
2020-04-28,0.0
2020-04-27,0.0
2020-04-24,0.0
2020-04-23,0.0
2020-04-22,0.0
2020-04-21,0.0
2020-04-20,0.0
2020-04-17,0.0
2020-04-16,0.0
2020-04-15,0.0
2020-04-14,0.0
2020-04-13,0.0
2020-04-08,0.0
2020-04-07,0.0
2020-04-06,0.0
2020-04-03,0.0
2020-04-02,0.0
2020-04-01,0.0
2020-03-30,0.0
2020-03-27,0.0
2020-03-26,0.0
2020-03-25,0.0
2020-03-20,0.0
2020-03-19,0.0
2020-03-18,0.0
2020-03-17,0.0
2020-03-16,0.0
2020-03-13,0.0
2020-03-12,0.0
2020-03-11,0.0
2020-03-10,0.0
2020-03-09,0.0
2020-03-06,0.0
2020-03-05,0.0
2020-03-04,0.0
2020-03-03,0.0
2020-03-02,0.0
2020-02-28,0.0
2020-02-27,0.0
2020-02-26,0.0
2020-02-21,0.0
2020-02-20,0.0
2020-02-19,0.0
2020-02-18,0.0
2020-02-17,0.0
2020-02-14,0.0
2020-02-13,0.0
2020-02-12,0.0
2020-02-11,0.0
2020-02-10,0.0
2020-02-07,0.0
2020-02-06,0.0
2020-02-05,0.0
2020-02-04,0.0
2020-02-03,0.0
2020-01-31,0.0
2020-01-30,0.0
2020-01-29,0.0
2020-01-28,0.0
2020-01-27,0.0
2020-01-24,0.0
2020-01-23,0.0
2020-01-22,0.0
2020-01-21,0.0
2020-01-20,0.0
2020-01-17,0.0
2020-01-16,0.0
2020-01-15,0.0
2020-01-14,0.0
2020-01-13,0.0
2020-01-10,0.0
2020-01-09,0.0
2020-01-08,0.0
2020-01-07,0.0
2020-01-06,0.0
2020-01-03,0.0
2020-01-02,0.0
2019-12-30,0.0
2019-12-27,0.0
2019-12-26,0.0
2019-12-23,0.0
2019-12-20,0.0
2019-12-19,0.0
2019-12-18,0.0
2019-12-17,0.0
2019-12-16,0.0
2019-12-13,0.0
2019-12-12,0.0
2019-12-11,0.0
2019-12-10,0.0
2019-12-09,0.0
2019-12-06,0.0
2019-12-05,0.0
2019-12-04,0.0
2019-12-03,0.0
2019-12-02,0.0
2019-11-29,0.0
2019-11-28,0.0
2019-11-27,0.0
2019-11-26,0.0
2019-11-25,0.0
2019-11-22,0.0
2019-11-21,0.0
2019-11-20,0.0
2019-11-19,0.0
2019-11-15,0.0
2019-11-14,0.0
2019-11-13,0.0
2019-11-12,0.0
2019-11-11,0.0
2019-11-08,0.0
2019-11-07,0.0
2019-11-05,0.0
2019-11-04,0.0
2019-11-01,0.0
2019-10-31,0.0
2019-10-30,0.0
2019-10-29,0.0
2019-10-28,0.0
2019-10-25,0.0
2019-10-24,0.0
2019-10-23,0.0
2019-10-22,0.0
2019-10-21,0.0
2019-10-18,0.0
2019-10-17,0.0
2019-10-16,0.0
2019-10-15,0.0
2019-10-11,0.0
2019-10-10,0.0
2019-10-09,0.0
2019-10-08,0.0
2019-10-07,0.0
2019-10-04,0.0
2019-10-03,0.0
2019-10-02,0.0
2019-10-01,0.0
2019-09-30,0.0
2019-09-27,0.0
2019-09-26,0.0
2019-09-25,0.0
2019-09-24,0.0
2019-09-23,0.0
2019-09-20,0.0
2019-09-19,0.0
2019-09-18,0.0
2019-09-17,0.0
2019-09-16,0.0
2019-09-13,0.0
2019-09-12,0.0
2019-09-11,0.0
2019-09-10,0.0
2019-09-09,0.0
2019-09-06,0.0
2019-09-05,0.0
2019-09-04,0.0
2019-09-03,0.0
2019-09-02,0.0
2019-08-30,0.0
2019-08-29,0.0
2019-08-28,0.0
2019-08-27,0.0
2019-08-26,0.0
2019-08-23,0.0
2019-08-22,0.0
2019-08-21,0.0
2019-08-20,0.0
2019-08-16,0.0
2019-08-15,0.0
2019-08-14,0.0
2019-08-13,0.0
2019-08-12,0.0
2019-08-09,0.0
2019-08-08,0.0
2019-08-07,0.0
2019-08-06,0.0
2019-08-05,0.0
2019-08-02,0.0
2019-08-01,0.0
2019-07-31,0.0
2019-07-30,0.0
2019-07-29,0.0
2019-07-26,0.0
2019-07-25,0.0
2019-07-24,0.0
2019-07-23,0.0
2019-07-22,0.0
2019-07-19,0.0
2019-07-18,0.0
2019-07-17,0.0
2019-07-16,0.0
2019-07-15,0.0
2019-07-12,0.0
2019-07-11,0.0
2019-07-10,0.0
2019-07-05,0.0
2019-07-04,0.0
2019-07-03,0.0
2019-07-02,0.0
2019-07-01,0.0
2019-06-28,0.0
2019-06-27,0.0
2019-06-26,0.0
2019-06-25,0.0
2019-06-24,0.0
2019-06-21,0.0
2019-06-19,0.0
2019-06-18,0.0
2019-06-14,0.0
2019-06-13,0.0
2019-06-12,0.0
2019-06-11,0.0
2019-06-10,0.0
2019-06-07,0.0
2019-06-06,0.0
2019-06-05,0.0
2019-06-04,0.0
2019-06-03,0.0
2019-05-31,0.0
2019-05-30,0.0
2019-05-29,0.0
2019-05-28,0.0
2019-05-27,0.0
2019-05-24,0.0
2019-05-23,0.0
2019-05-22,0.0
2019-05-21,0.0
2019-05-20,0.0
2019-05-17,0.0
2019-05-16,0.0
2019-05-15,0.0
2019-05-14,0.0
2019-05-13,0.0
2019-05-10,0.0
2019-05-09,0.0
2019-05-08,0.0
2019-05-07,0.0
2019-05-06,0.0
2019-05-03,0.0
2019-05-02,0.0
2019-04-30,0.0
2019-04-29,0.0
2019-04-26,0.0
2019-04-25,0.0
2019-04-24,0.0
2019-04-23,0.0
2019-04-22,0.0
2019-04-17,0.0
2019-04-16,0.0
2019-04-15,0.0
2019-04-12,0.0
2019-04-11,0.0
2019-04-10,0.0
2019-04-09,0.0
2019-04-08,0.0
2019-04-05,0.0
2019-04-04,0.0
2019-04-03,0.0
2019-04-01,0.0
2019-03-29,0.0
2019-03-28,0.0
2019-03-27,0.0
2019-03-26,0.0
2019-03-25,0.0
2019-03-22,0.0
2019-03-21,0.0
2019-03-20,0.0
2019-03-19,0.0
2019-03-18,0.0
2019-03-15,0.0
2019-03-14,0.0
2019-03-13,0.0
2019-03-12,0.0
2019-03-11,0.0
2019-03-08,0.0
2019-03-07,0.0
2019-03-06,0.0
2019-03-01,0.0
2019-02-28,0.0
2019-02-27,0.0
2019-02-26,0.0
2019-02-25,0.0
2019-02-22,0.0
2019-02-21,0.0
2019-02-20,0.0
2019-02-19,0.0
2019-02-18,0.0
2019-02-15,0.0
2019-02-14,0.0
2019-02-13,0.0
2019-02-12,0.0
2019-02-11,0.0
2019-02-08,0.0
2019-02-07,0.0
2019-02-06,0.0
2019-02-05,0.0
2019-02-04,0.0
2019-02-01,0.0
2019-01-31,0.0
2019-01-30,0.0
2019-01-29,0.0
2019-01-28,0.0
2019-01-25,0.0
2019-01-24,0.0
2019-01-23,0.0
2019-01-22,0.0
2019-01-21,0.0
2019-01-18,0.0
2019-01-17,0.0
2019-01-16,0.0
2019-01-15,0.0
2019-01-14,0.0
2019-01-11,0.0
2019-01-10,0.0
2019-01-09,0.0
2019-01-08,0.0
2019-01-07,0.0
2019-01-04,0.0
2019-01-03,0.0
2019-01-02,0.0
2018-12-28,0.0
2018-12-27,0.0
2018-12-26,0.0
2018-12-21,0.0
2018-12-20,0.0
2018-12-19,0.0
2018-12-18,0.0
2018-12-17,0.0
2018-12-14,0.0
2018-12-13,0.0
2018-12-12,0.0
2018-12-11,0.0
2018-12-10,0.0
2018-12-07,0.0
2018-12-06,0.0
2018-12-05,0.0
2018-12-04,0.0
2018-12-03,0.0
2018-11-29,0.0
2018-11-28,0.0
2018-11-27,0.0
2018-11-26,0.0
2018-11-23,0.0
2018-11-22,0.0
2018-11-21,0.0
2018-11-20,0.0
2018-11-16,0.0
2018-11-15,0.0
2018-11-14,0.0
2018-11-13,0.0
2018-11-12,0.0
2018-11-09,0.0
2018-11-08,0.0
2018-11-07,0.0
2018-11-05,0.0
2018-11-02,0.0
2018-11-01,0.0
2018-10-31,0.0
2018-10-30,0.0
2018-10-29,0.0
2018-10-26,0.0
2018-10-25,0.0
2018-10-24,0.0
2018-10-23,0.0
2018-10-22,0.0
2018-10-19,0.0
2018-10-18,0.0
2018-10-17,0.0
2018-10-16,0.0
2018-10-12,0.0
2018-10-11,0.0
2018-10-10,0.0
2018-10-09,0.0
2018-10-08,0.0
2018-10-05,0.0
2018-10-04,0.0
2018-10-03,0.0
2018-10-02,0.0
2018-10-01,0.0
2018-09-28,0.0
2018-09-27,0.0
2018-09-26,0.0
2018-09-25,0.0
2018-09-24,0.0
2018-09-21,0.0
2018-09-20,0.0
2018-09-19,0.0
2018-09-18,0.0
2018-09-17,0.0
2018-09-14,0.0
2018-09-13,0.0
2018-09-12,0.0
2018-09-11,0.0
2018-09-10,0.0
2018-09-07,0.0
2018-09-06,0.0
2018-09-05,0.0
2018-09-04,0.0
2018-09-03,0.0
2018-08-31,0.0
2018-08-30,0.0
2018-08-29,0.0
2018-08-28,0.0
2018-08-27,0.0
2018-08-24,0.0
2018-08-23,0.0
2018-08-22,0.0
2018-08-21,0.0
2018-08-17,0.0
2018-08-16,0.0
2018-08-15,0.0
2018-08-14,0.0
2018-08-13,0.0
2018-08-10,0.0
2018-08-09,0.0
2018-08-08,0.0
2018-08-07,0.0
2018-08-06,0.0
2018-08-03,0.0
2018-08-02,0.0
2018-08-01,0.0
2018-07-31,0.0
2018-07-30,0.0
2018-07-27,0.0
2018-07-26,0.0
2018-07-25,0.0
2018-07-24,0.0
2018-07-23,0.0
2018-07-20,0.0
2018-07-19,0.0
2018-07-18,0.0
2018-07-17,0.0
2018-07-16,0.0
2018-07-13,0.0
2018-07-12,0.0
2018-07-11,0.0
2018-07-10,0.0
2018-07-06,0.0
2018-07-05,0.0
2018-07-04,0.0
2018-07-03,0.0
2018-07-02,0.0
2018-06-29,0.0
2018-06-28,0.0
2018-06-27,0.0
2018-06-26,0.0
2018-06-25,0.0
2018-06-22,0.0
2018-06-21,0.0
2018-06-19,0.0
2018-06-18,0.0
2018-06-15,0.0
2018-06-14,0.0
2018-06-13,0.0
2018-06-12,0.0
2018-06-11,0.0
2018-06-08,0.0
2018-06-07,0.0
2018-06-06,0.0
2018-06-05,0.0
2018-06-04,0.0
2018-06-01,0.0
2018-05-31,0.0
2018-05-30,0.0
2018-05-29,0.0
2018-05-28,0.0
2018-05-24,0.0
2018-05-23,0.0
2018-05-22,0.0
2018-05-21,0.0
2018-05-18,0.0
2018-05-17,0.0
2018-05-16,0.0
2018-05-15,0.0
2018-05-14,0.0
2018-05-11,0.0
2018-05-10,0.0
2018-05-09,0.0
2018-05-08,0.0
2018-05-07,0.0
2018-05-04,0.0
2018-05-03,0.0
2018-05-02,0.0
2018-04-27,0.0
2018-04-26,0.0
2018-04-25,0.0
2018-04-24,0.0
2018-04-23,0.0
2018-04-20,0.0
2018-04-19,0.0
2018-04-18,0.0
2018-04-17,0.0
2018-04-16,0.0
2018-04-13,0.0
2018-04-12,0.0
2018-04-11,0.0
2018-04-10,0.0
2018-04-09,0.0
2018-04-06,0.0
2018-04-05,0.0
2018-04-04,0.0
2018-04-03,0.0
2018-03-28,0.0
2018-03-27,0.0
2018-03-26,0.0
2018-03-23,0.0
2018-03-22,0.0
2018-03-21,0.0
2018-03-20,0.0
2018-03-19,0.0
2018-03-16,0.0
2018-03-15,0.0
2018-03-14,0.0
2018-03-13,0.0
2018-03-12,0.0
2018-03-09,0.0
2018-03-08,0.0
2018-03-07,0.0
2018-03-06,0.0
2018-03-05,0.0
2018-03-02,0.0
2018-03-01,0.0
2018-02-28,0.0
2018-02-27,0.0
2018-02-26,0.0
2018-02-23,0.0
2018-02-22,0.0
2018-02-21,0.0
2018-02-20,0.0
2018-02-19,0.0
2018-02-16,0.0
2018-02-15,0.0
2018-02-14,0.0
2018-02-09,0.0
2018-02-08,0.0
2018-02-07,0.0
2018-02-06,0.0
2018-02-05,0.0
2018-02-02,0.0
2018-02-01,0.0
2018-01-31,0.0
2018-01-30,0.0
2018-01-29,0.0
2018-01-26,0.0
2018-01-25,0.0
2018-01-24,0.0
2018-01-23,0.0
2018-01-22,0.0
2018-01-19,0.0
2018-01-18,0.0
2018-01-17,0.0
2018-01-16,0.0
2018-01-15,0.0
2018-01-12,0.0
2018-01-11,0.0
2018-01-10,0.0
2018-01-09,0.0
2018-01-08,0.0
2018-01-05,0.0
2018-01-04,0.0
2018-01-03,0.0
2018-01-02,0.0
2017-12-29,0.0
2017-12-28,0.0
2017-12-27,0.0
2017-12-26,0.0
2017-12-22,0.0
2017-12-21,0.0
2017-12-20,0.0
2017-12-19,0.0
2017-12-18,0.0
2017-12-15,0.0
2017-12-14,0.0
2017-12-13,0.0
2017-12-12,0.0
2017-12-11,0.0
2017-12-07,0.0
2017-12-06,0.0
2017-12-05,0.0
2017-12-04,0.0
2017-12-01,0.0
2017-11-30,0.0
2017-11-29,0.0
2017-11-28,0.0
2017-11-27,0.0
2017-11-24,0.0
2017-11-23,0.0
2017-11-22,0.0
2017-11-21,0.0
2017-11-17,0.0
2017-11-16,0.0
2017-11-15,0.0
2017-11-14,0.0
2017-11-13,0.0
2017-11-10,0.0
2017-11-09,0.0
2017-11-08,0.0
2017-11-07,0.0
2017-11-03,0.0
2017-11-02,0.0
2017-11-01,0.0
2017-10-31,0.0
2017-10-30,0.0
2017-10-27,0.0
2017-10-26,0.0
2017-10-25,0.0
2017-10-24,0.0
2017-10-23,0.0
2017-10-20,0.0
2017-10-19,0.0
2017-10-18,0.0
2017-10-17,0.0
2017-10-13,0.0
2017-10-12,0.0
2017-10-11,0.0
2017-10-10,0.0
2017-10-09,0.0
2017-10-06,0.0
2017-10-05,0.0
2017-10-04,0.0
2017-10-03,0.0
2017-10-02,0.0
2017-09-29,0.0
2017-09-28,0.0
2017-09-27,0.0
2017-09-26,0.0
2017-09-25,0.0
2017-09-22,0.0
2017-09-21,0.0
2017-09-20,0.0
2017-09-19,0.0
2017-09-18,0.0
2017-09-15,0.0
2017-09-14,0.0
2017-09-13,0.0
2017-09-12,0.0
2017-09-11,0.0
2017-09-08,0.0
2017-09-07,0.0
2017-09-06,0.0
2017-09-05,0.0
2017-09-04,0.0
2017-09-01,0.0
2017-08-31,0.0
2017-08-30,0.0
2017-08-29,0.0
2017-08-28,0.0
2017-08-25,0.0
2017-08-24,0.0
2017-08-23,0.0
2017-08-22,0.0
2017-08-18,0.0
2017-08-17,0.0
2017-08-16,0.0
2017-08-15,0.0
2017-08-14,0.0
2017-08-11,0.0
2017-08-10,0.0
2017-08-09,0.0
2017-08-08,0.0
2017-08-07,0.0
2017-08-04,0.0
2017-08-03,0.0
2017-08-02,0.0
2017-08-01,0.0
2017-07-31,0.0
2017-07-28,0.0
2017-07-27,0.0
2017-07-26,0.0
2017-07-25,0.0
2017-07-24,0.0
2017-07-21,0.0
2017-07-20,0.0
2017-07-19,0.0
2017-07-18,0.0
2017-07-17,0.0
2017-07-14,0.0
2017-07-13,0.0
2017-07-12,0.0
2017-07-11,0.0
2017-07-10,0.0
2017-07-07,0.0
2017-07-06,0.0
2017-07-05,0.0
2017-07-04,0.0
2017-07-03,0.0
2017-06-30,0.0
2017-06-29,0.0
2017-06-28,0.0
2017-06-27,0.0
2017-06-26,0.0
2017-06-23,0.0
2017-06-22,0.0
2017-06-21,0.0
2017-06-19,0.0
2017-06-16,0.0
2017-06-15,0.0
2017-06-14,0.0
2017-06-13,0.0
2017-06-12,0.0
2017-06-09,0.0
2017-06-08,0.0
2017-06-07,0.0
2017-06-06,0.0
2017-06-05,0.0
2017-06-02,0.0
2017-06-01,0.0
2017-05-31,0.0
2017-05-30,0.0
2017-05-29,0.0
2017-05-26,0.0
2017-05-24,0.0
2017-05-23,0.0
2017-05-22,0.0
2017-05-19,0.0
2017-05-18,0.0
2017-05-17,0.0
2017-05-16,0.0
2017-05-15,0.0
2017-05-12,0.0
2017-05-11,0.0
2017-05-10,0.0
2017-05-09,0.0
2017-05-08,0.0
2017-05-05,0.0
2017-05-04,0.0
2017-05-03,0.0
2017-05-02,0.0
2017-04-28,0.0
2017-04-27,0.0
2017-04-26,0.0
2017-04-25,0.0
2017-04-24,0.0
2017-04-21,0.0
2017-04-20,0.0
2017-04-19,0.0
2017-04-18,0.0
2017-04-17,0.0
2017-04-12,0.0
2017-04-11,0.0
2017-04-10,0.0
2017-04-07,0.0
2017-04-06,0.0
2017-04-05,0.0
2017-04-04,0.0
2017-04-03,0.0
2017-03-31,0.0
2017-03-30,0.0
2017-03-29,0.0
2017-03-28,0.0
2017-03-27,0.0
2017-03-23,0.0
2017-03-22,0.0
2017-03-21,0.0
2017-03-20,0.0
2017-03-17,0.0
2017-03-16,0.0
2017-03-15,0.0
2017-03-14,0.0
2017-03-13,0.0
2017-03-10,0.0
2017-03-09,0.0
2017-03-08,0.0
2017-03-07,0.0
2017-03-06,0.0
2017-03-03,0.0
2017-03-02,0.0
2017-03-01,0.0
2017-02-24,0.0
2017-02-23,0.0
2017-02-22,0.0
2017-02-21,0.0
2017-02-20,0.0
2017-02-17,0.0
2017-02-16,0.0
2017-02-15,0.0
2017-02-14,0.0
2017-02-13,0.0
2017-02-10,0.0
2017-02-09,0.0
2017-02-08,0.0
2017-02-07,0.0
2017-02-06,0.0
2017-02-03,0.0
2017-02-02,0.0
2017-02-01,0.0
2017-01-31,0.0
2017-01-30,0.0
2017-01-27,0.0
2017-01-26,0.0
2017-01-25,0.0
2017-01-24,0.0
2017-01-23,0.0
2017-01-20,0.0
2017-01-19,0.0
2017-01-18,0.0
2017-01-17,0.0
2017-01-16,0.0
2017-01-13,0.0
2017-01-12,0.0
2017-01-11,0.0
2017-01-10,0.0
2017-01-09,0.0
2017-01-06,0.0
2017-01-05,0.0
2017-01-04,0.0
2017-01-03,0.0
2017-01-02,0.0
2016-12-30,0.0
2016-12-29,0.0
2016-12-28,0.0
2016-12-27,0.0
2016-12-26,0.0
2016-12-23,0.0
2016-12-22,0.0
2016-12-21,0.0
2016-12-20,351.0
2016-12-19,353.0
2016-12-16,354.0
2016-12-15,352.0
2016-12-14,354.0
2016-12-13,355.0
2016-12-12,353.0
2016-12-07,351.0
2016-12-06,364.0
2016-12-05,363.0
2016-12-02,363.0
2016-12-01,362.0
2016-11-30,356.0
2016-11-29,372.0
2016-11-25,372.0
2016-11-24,372.0
2016-11-23,369.0
2016-11-22,385.0
2016-11-21,387.0
2016-11-18,387.0
2016-11-17,389.0
2016-11-16,389.0
2016-11-15,394.0
2016-11-14,387.0
2016-11-11,381.0
2016-11-10,381.0
2016-11-09,382.0
2016-11-08,424.0
2016-11-07,425.0
2016-11-04,426.0
2016-11-03,425.0
2016-11-02,426.0
2016-11-01,450.0
2016-10-31,450.0
2016-10-28,450.0
2016-10-27,451.0
2016-10-26,450.0
2016-10-25,463.0
2016-10-24,464.0
2016-10-21,465.0
2016-10-20,465.0
2016-10-19,465.0
2016-10-18,509.0
2016-10-17,506.0
2016-10-14,506.0
2016-10-13,507.0
2016-10-12,509.0
2016-10-11,536.0
2016-10-07,536.0
2016-10-06,535.0
2016-10-05,535.0
2016-10-04,568.0
2016-10-03,570.0
2016-09-30,575.0
2016-09-29,571.0
2016-09-28,570.0
2016-09-27,594.0
2016-09-26,592.0
2016-09-23,592.0
2016-09-22,591.0
2016-09-21,592.0
2016-09-20,602.0
2016-09-19,599.0
2016-09-16,597.0
2016-09-15,597.0
2016-09-14,592.0
2016-09-13,617.0
2016-09-12,620.0
2016-09-09,620.0
2016-09-08,618.0
2016-09-07,618.0
2016-09-06,665.0
2016-09-05,660.0
2016-09-02,660.0
2016-09-01,660.0
2016-08-31,669.0
2016-08-30,693.0
2016-08-29,687.0
2016-08-26,685.0
2016-08-25,685.0
2016-08-24,683.0
2016-08-23,717.0
2016-08-22,719.0
2016-08-19,715.0
2016-08-18,707.0
2016-08-17,706.0
2016-08-16,740.0
2016-08-12,740.0
2016-08-11,745.0
2016-08-10,746.0
2016-08-09,775.0
2016-08-08,778.0
2016-08-05,779.0
2016-08-04,779.0
2016-08-03,778.0
2016-08-02,845.0
2016-08-01,848.0
2016-07-29,847.0
2016-07-28,844.0
2016-07-27,843.0
2016-07-26,1204.0
2016-07-25,1206.0
2016-07-22,1213.0
2016-07-21,1209.0
2016-07-20,1225.0
2016-07-19,1901.0
2016-07-18,1876.0
2016-07-15,1846.0
2016-07-14,1840.0
2016-07-13,1843.0
2016-07-12,2167.0
2016-07-11,2164.0
2016-07-07,2173.0
2016-07-06,2212.0
2016-07-05,4472.0
2016-07-04,4488.0
2016-07-01,4429.0
2016-06-30,4424.0
2016-06-29,4469.0
2016-06-28,5434.0
2016-06-27,5364.0
2016-06-24,5130.0
2016-06-23,5071.0
2016-06-22,5017.0
2016-06-21,6894.0
2016-06-16,6876.0
2016-06-15,6884.0
2016-06-14,7530.0
2016-06-13,7542.0
2016-06-10,7559.0
2016-06-09,7551.0
2016-06-08,7534.0
2016-06-07,7734.0
2016-06-06,8175.0
2016-06-03,8208.0
2016-06-02,8220.0
2016-06-01,8254.0
2016-05-31,13460.0
2016-05-30,13482.0
2016-05-27,13579.0
2016-05-26,13517.0
2016-05-24,24159.0
2016-05-23,24277.0
2016-05-20,24349.0
2016-05-19,24330.0
2016-05-18,24366.0
2016-05-17,35718.0
2016-05-16,35749.0
2016-05-13,35841.0
2016-05-12,35900.0
2016-05-11,35923.0
2016-05-10,41244.0
2016-05-09,41277.0
2016-05-06,41329.0
2016-05-05,41213.0
2016-05-04,41210.0
2016-05-03,54703.0
2016-05-02,54689.0
2016-04-29,54352.0
2016-04-28,54623.0
2016-04-27,54897.0
2016-04-26,59774.0
2016-04-25,60296.0
2016-04-22,59896.0
2016-04-21,59406.0
2016-04-20,58986.0
2016-04-19,65356.0
2016-04-18,66072.0
2016-04-15,66411.0
2016-04-14,66669.0
2016-04-13,67205.0
2016-04-12,66181.0
2016-04-11,65816.0
2016-04-08,66249.0
2016-04-07,67008.0
2016-04-06,66964.0
2016-04-05,68387.0
2016-04-04,68036.0
2016-04-01,67473.0
2016-03-31,67635.0
2016-03-30,68872.0
2016-03-29,72744.0
2016-03-28,71689.0
2016-03-23,70793.0
2016-03-22,70636.0
2016-03-21,71803.0
2016-03-18,70861.0
2016-03-17,70290.0
2016-03-16,70769.0
2016-03-15,73334.0
2016-03-14,74902.0
2016-03-11,76002.0
2016-03-10,76116.0
2016-03-09,76492.0
2016-03-08,78318.0
2016-03-07,77557.0
2016-03-04,78833.0
2016-03-03,80059.0
2016-03-02,81253.0
2016-03-01,77586.0
2016-02-29,76843.0
2016-02-26,76523.0
2016-02-25,76411.0
2016-02-24,76768.0
2016-02-23,72158.0
2016-02-22,71863.0
2016-02-19,71887.0
2016-02-18,71317.0
2016-02-17,71009.0
2016-02-16,69033.0
2016-02-15,68830.0
2016-02-12,68032.0
2016-02-11,67624.0
2016-02-10,66888.0
2016-02-05,59298.0
2016-02-04,59119.0
2016-02-03,59091.0
2016-02-02,57383.0
2016-02-01,56632.0
2016-01-29,56572.0
2016-01-28,56580.0
2016-01-27,56362.0
2016-01-26,57203.0
2016-01-25,56920.0
2016-01-22,56249.0
2016-01-21,55806.0
2016-01-20,55972.0
2016-01-19,47427.0
2016-01-18,47164.0
2016-01-15,47245.0
2016-01-14,47596.0
2016-01-13,47678.0
2016-01-12,43633.0
2016-01-11,43610.0
2016-01-08,43850.0
2016-01-07,43515.0
2016-01-06,42320.0
2016-01-05,31711.0
2016-01-04,31555.0
2015-12-31,31484.0
2015-12-30,31460.0
2015-12-29,22134.0
2015-12-28,22124.0
2015-12-24,22114.0
2015-12-23,21933.0
2015-12-22,21765.0
2015-12-21,22808.0
2015-12-18,23388.0
2015-12-17,16699.0
2015-12-16,16664.0
2015-12-15,16786.0
2015-12-14,16761.0
2015-12-11,16720.0
2015-12-10,16699.0
2015-12-09,16683.0
2015-12-04,17269.0
2015-12-03,17250.0
2015-12-02,17233.0
2015-12-01,17772.0
2015-11-30,17766.0
2015-11-26,17759.0
2015-11-25,17751.0
2015-11-24,18413.0
2015-11-23,18404.0
2015-11-20,18385.0
2015-11-19,18369.0
2015-11-18,18354.0
2015-11-17,18585.0
2015-11-16,18570.0
2015-11-13,18554.0
2015-11-12,18532.0
2015-11-11,18515.0
2015-11-10,18935.0
2015-11-09,18920.0
2015-11-05,18903.0
2015-11-04,18887.0
2015-11-03,18750.0
2015-11-02,18734.0
2015-10-30,18726.0
2015-10-29,18718.0
2015-10-28,18707.0
2015-10-27,18795.0
2015-10-26,18781.0
2015-10-23,18768.0
2015-10-22,18759.0
2015-10-21,18746.0
2015-10-20,18520.0
2015-10-19,18505.0
2015-10-16,18494.0
2015-10-15,18489.0
2015-10-14,18471.0
2015-10-13,18371.0
2015-10-09,18362.0
2015-10-08,18348.0
2015-10-07,18339.0
2015-10-06,18116.0
2015-10-05,18106.0
2015-10-02,18090.0
2015-10-01,18075.0
2015-09-30,18066.0
2015-09-29,18034.0
2015-09-28,18026.0
2015-09-25,18020.0
2015-09-24,18012.0
2015-09-23,18000.0
2015-09-22,17982.0
2015-09-21,17972.0
2015-09-18,17961.0
2015-09-17,17951.0
2015-09-16,17940.0
2015-09-15,18083.0
2015-09-14,18076.0
2015-09-11,18067.0
2015-09-10,18056.0
2015-09-09,18040.0
2015-09-08,17571.0
2015-09-07,17552.0
2015-09-04,17535.0
2015-09-03,17524.0
2015-09-02,17511.0
2015-09-01,17438.0
2015-08-31,17427.0
2015-08-28,17416.0
2015-08-27,17405.0
2015-08-26,17394.0
2015-08-25,17214.0
2015-08-24,17202.0
2015-08-21,17193.0
2015-08-20,17185.0
2015-08-19,17176.0
2015-08-18,17219.0
2015-08-14,17210.0
2015-08-13,17201.0
2015-08-12,17188.0
2015-08-11,16785.0
2015-08-10,16776.0
2015-08-07,16768.0
2015-08-06,16758.0
2015-08-05,16749.0
2015-08-04,16502.0
2015-08-03,16491.0
2015-07-31,16485.0
2015-07-30,16480.0
2015-07-29,16474.0
2015-07-28,16346.0
2015-07-27,16338.0
2015-07-24,16331.0
2015-07-23,16324.0
2015-07-22,16314.0
2015-07-21,16259.0
2015-07-20,16251.0
2015-07-17,16243.0
2015-07-16,16234.0
2015-07-15,16226.0
2015-07-14,15985.0
2015-07-13,15976.0
2015-07-10,15967.0
2015-07-08,15959.0
2015-07-07,15766.0
2015-07-06,15758.0
2015-07-03,15749.0
2015-07-02,15741.0
2015-07-01,15732.0
2015-06-30,15580.0
2015-06-29,15571.0
2015-06-26,15564.0
2015-06-25,15558.0
2015-06-24,15550.0
2015-06-23,15444.0
2015-06-22,15437.0
2015-06-19,15430.0
2015-06-18,15422.0
2015-06-17,15418.0
2015-06-16,15466.0
2015-06-15,15459.0
2015-06-12,15453.0
2015-06-11,15445.0
2015-06-10,15436.0
2015-06-09,15336.0
2015-06-08,15330.0
2015-06-05,15321.0
2015-06-04,15314.0
2015-06-03,15307.0
2015-06-02,15113.0
2015-06-01,15101.0
2015-05-29,15094.0
2015-05-28,15087.0
2015-05-27,15076.0
2015-05-26,15379.0
2015-05-22,15372.0
2015-05-21,15363.0
2015-05-20,15357.0
2015-05-19,15282.0
2015-05-18,15276.0
2015-05-15,15270.0
2015-05-14,15261.0
2015-05-13,15256.0
2015-05-12,14871.0
2015-05-11,14863.0
2015-05-08,14856.0
2015-05-07,14849.0
2015-05-06,14841.0
2015-05-05,14846.0
2015-05-04,14837.0
2015-04-30,14828.0
2015-04-29,14825.0
2015-04-28,14442.0
2015-04-27,14433.0
2015-04-24,14424.0
2015-04-23,14416.0
2015-04-22,14409.0
2015-04-21,14232.0
2015-04-20,14228.0
2015-04-17,14229.0
2015-04-16,14223.0
2015-04-15,14227.0
2015-04-14,13307.0
2015-04-13,13297.0
2015-04-10,13290.0
2015-04-09,13283.0
2015-04-08,13277.0
2015-04-07,12964.0
2015-04-06,12959.0
2015-04-01,12950.0
2015-03-31,11712.0
2015-03-30,11703.0
2015-03-27,11696.0
2015-03-26,11694.0
2015-03-25,11686.0
2015-03-20,10733.0
2015-03-19,10731.0
2015-03-18,10724.0
2015-03-17,8880.0
2015-03-16,8880.0
2015-03-13,8876.0
2015-03-12,8872.0
2015-03-11,8865.0
2015-03-10,7324.0
2015-03-09,7319.0
2015-03-06,7312.0
2015-03-05,7309.0
2015-03-04,7303.0
2015-03-03,5901.0
2015-03-02,5897.0
2015-02-27,5898.0
2015-02-26,5895.0
2015-02-25,5891.0
2015-02-24,5940.0
2015-02-23,5935.0
2015-02-20,5930.0
2015-02-19,5928.0
2015-02-18,5923.0
2015-02-13,6185.0
2015-02-12,6182.0
2015-02-11,6179.0
2015-02-10,6213.0
2015-02-09,6211.0
2015-02-06,6212.0
2015-02-05,6212.0
2015-02-04,6210.0
2015-02-03,5997.0
2015-02-02,5990.0
2015-01-30,5986.0
2015-01-29,5985.0
2015-01-28,5983.0
2015-01-27,6091.0
2015-01-26,6089.0
2015-01-23,6085.0
2015-01-22,6080.0
2015-01-21,6078.0
2015-01-20,6089.0
2015-01-19,6086.0
2015-01-16,6085.0
2015-01-15,6083.0
2015-01-14,6082.0
2015-01-13,5947.0
2015-01-12,5946.0
2015-01-09,5944.0
2015-01-08,5937.0
2015-01-07,5928.0
2015-01-06,5687.0
2015-01-05,5685.0
2015-01-02,5684.0
2014-12-30,5631.0
2014-12-29,5631.0
2014-12-24,5630.0
2014-12-23,5693.0
2014-12-22,5693.0
2014-12-19,5693.0
2014-12-18,5693.0
2014-12-17,5693.0
2014-12-16,5605.0
2014-12-15,5605.0
2014-12-12,5606.0
2014-12-11,5606.0
2014-12-10,5607.0
2014-12-09,5698.0
2014-12-05,5693.0
2014-12-04,5691.0
2014-12-03,5688.0
2014-12-02,5689.0
2014-12-01,5688.0
2014-11-28,5689.0
2014-11-27,5687.0
2014-11-26,5685.0
2014-11-25,5565.0
2014-11-21,5564.0
2014-11-20,5564.0
2014-11-19,5563.0
2014-11-18,6157.0
2014-11-17,6157.0
2014-11-14,6156.0
2014-11-13,6157.0
2014-11-12,6157.0
2014-11-11,6115.0
2014-11-10,6113.0
2014-11-07,6113.0
2014-11-05,6111.0
2014-11-04,6197.0
2014-11-03,6193.0
2014-10-31,6193.0
2014-10-30,6193.0
2014-10-29,6192.0
2014-10-28,6154.0
2014-10-27,6151.0
2014-10-24,6149.0
2014-10-23,6151.0
2014-10-22,6153.0
2014-10-21,6183.0
2014-10-20,6178.0
2014-10-17,6179.0
2014-10-16,6207.0
2014-10-15,6205.0
2014-10-14,6223.0
2014-10-10,6220.0
2014-10-09,6213.0
2014-10-08,6215.0
2014-10-07,6167.0
2014-10-06,6163.0
2014-10-03,6155.0
2014-10-02,6155.0
2014-10-01,6167.0
2014-09-30,6353.0
2014-09-29,6339.0
2014-09-26,6328.0
2014-09-25,6329.0
2014-09-24,6332.0
2014-09-23,6341.0
2014-09-22,6337.0
2014-09-19,6337.0
2014-09-18,6325.0
2014-09-17,6321.0
2014-09-16,6316.0
2014-09-15,6315.0
2014-09-12,6315.0
2014-09-11,6317.0
2014-09-10,6320.0
2014-09-09,6781.0
2014-09-08,6775.0
2014-09-05,6767.0
2014-09-04,6776.0
2014-09-03,6773.0
2014-09-02,6813.0
2014-09-01,6809.0
2014-08-29,6810.0
2014-08-28,6812.0
2014-08-27,6815.0
2014-08-26,7002.0
2014-08-25,7012.0
2014-08-22,6953.0
2014-08-21,6905.0
2014-08-20,6896.0
2014-08-19,6688.0
2014-08-15,6685.0
2014-08-14,6683.0
2014-08-13,6682.0
2014-08-12,6980.0
2014-08-11,6978.0
2014-08-08,6979.0
2014-08-07,6977.0
2014-08-06,6974.0
2014-08-05,6907.0
2014-08-04,6886.0
2014-08-01,6874.0
2014-07-31,6864.0
2014-07-30,6856.0
2014-07-29,6749.0
2014-07-28,6743.0
2014-07-25,6740.0
2014-07-24,6736.0
2014-07-23,6733.0
2014-07-22,7146.0
2014-07-21,7141.0
2014-07-18,7139.0
2014-07-17,7137.0
2014-07-16,7137.0
2014-07-15,7316.0
2014-07-14,7313.0
2014-07-11,7309.0
2014-07-10,7305.0
2014-07-08,7493.0
2014-07-07,7495.0
2014-07-04,7491.0
2014-07-03,7490.0
2014-07-02,7487.0
2014-07-01,7261.0
2014-06-30,7261.0
2014-06-27,7260.0
2014-06-26,7259.0
2014-06-25,7260.0
2014-06-24,7722.0
2014-06-23,7721.0
2014-06-19,7719.0
2014-06-18,7721.0
2014-06-17,7542.0
2014-06-16,7539.0
2014-06-13,7538.0
2014-06-12,7538.0
2014-06-11,7538.0
2014-06-10,7525.0
2014-06-09,7535.0
2014-06-06,7511.0
2014-06-05,7500.0
2014-06-04,7487.0
2014-06-03,7609.0
2014-06-02,7604.0
2014-05-30,7602.0
2014-05-29,7601.0
2014-05-28,7595.0
2014-05-27,7392.0
2014-05-26,7389.0
2014-05-23,7387.0
2014-05-22,7385.0
2014-05-21,7384.0
2014-05-20,7313.0
2014-05-19,7310.0
2014-05-16,7304.0
2014-05-15,7281.0
2014-05-14,7273.0
2014-05-13,7355.0
2014-05-12,7353.0
2014-05-09,7350.0
2014-05-08,7350.0
2014-05-07,7350.0
2014-05-06,7164.0
2014-05-05,7165.0
2014-04-30,7164.0
2014-04-29,6923.0
2014-04-28,6923.0
2014-04-25,6925.0
2014-04-24,6925.0
2014-04-23,6926.0
2014-04-22,6868.0
2014-04-21,6867.0
2014-04-16,6868.0
2014-04-15,6549.0
2014-04-14,6549.0
2014-04-11,6548.0
2014-04-10,6548.0
2014-04-09,6549.0
2014-04-08,6088.0
2014-04-07,6087.0
2014-04-04,6088.0
2014-04-03,6087.0
2014-04-01,5847.0
2014-03-31,5844.0
2014-03-28,5845.0
2014-03-27,5844.0
2014-03-26,5837.0
2014-03-25,5968.0
2014-03-21,5959.0
2014-03-20,5956.0
2014-03-19,5941.0
2014-03-18,5227.0
2014-03-17,5218.0
2014-03-14,5210.0
2014-03-13,5204.0
2014-03-12,5199.0
2014-03-11,4576.0
2014-03-10,4575.0
2014-03-07,4583.0
2014-03-06,4585.0
2014-03-05,4583.0
2014-02-28,4284.0
2014-02-27,4276.0
2014-02-26,4271.0
2014-02-25,3656.0
2014-02-24,3647.0
2014-02-21,3629.0
2014-02-20,3616.0
2014-02-19,3611.0
2014-02-18,2603.0
2014-02-17,2608.0
2014-02-14,2616.0
2014-02-13,2621.0
2014-02-12,2621.0
2014-02-11,1603.0
2014-02-10,1609.0
2014-02-07,1617.0
2014-02-06,1630.0
2014-02-05,1639.0
2014-02-04,147.0
2014-02-03,147.0
2014-01-31,147.0
2014-01-30,147.0
2014-01-29,147.0
2014-01-28,0.0
2014-01-27,0.0
2014-01-24,0.0
2014-01-23,0.0
2014-01-22,0.0
2014-01-21,0.0
2014-01-20,0.0
2014-01-17,0.0
2014-01-16,0.0
2014-01-15,0.0
2014-01-14,0.0
2014-01-13,0.0
2014-01-10,0.0
2014-01-09,0.0
2014-01-08,0.0
2014-01-07,0.0
2014-01-06,0.0
2014-01-03,0.0
2014-01-02,0.0
2013-12-30,0.0
2013-12-27,0.0
2013-12-26,0.0
2013-12-23,0.0
2013-12-20,0.0
2013-12-19,0.0
2013-12-18,0.0
2013-12-17,0.0
2013-12-16,0.0
2013-12-13,0.0
2013-12-12,0.0
2013-12-11,0.0
2013-12-10,0.0
2013-12-09,0.0
2013-12-06,0.0
2013-12-05,0.0
2013-12-04,0.0
2013-12-03,0.0
2013-12-02,0.0
2013-11-29,0.0
2013-11-28,0.0
2013-11-27,0.0
2013-11-26,0.0
2013-11-22,0.0
2013-11-21,0.0
2013-11-20,0.0
2013-11-19,0.0
2013-11-18,0.0
2013-11-15,0.0
2013-11-14,0.0
2013-11-13,0.0
2013-11-12,0.0
2013-11-11,0.0
2013-11-08,0.0
2013-11-07,0.0
2013-11-05,0.0
2013-11-04,0.0
2013-11-01,0.0
2013-10-31,0.0
2013-10-30,0.0
2013-10-29,0.0
2013-10-28,0.0
2013-10-25,0.0
2013-10-24,0.0
2013-10-23,0.0
2013-10-22,0.0
2013-10-21,0.0
2013-10-18,0.0
2013-10-17,0.0
2013-10-16,0.0
2013-10-15,0.0
2013-10-11,0.0
2013-10-10,0.0
2013-10-09,0.0
2013-10-08,0.0
2013-10-07,0.0
2013-10-04,0.0
2013-10-03,0.0
2013-10-02,0.0
2013-10-01,0.0
2013-09-30,0.0
2013-09-27,0.0
2013-09-26,0.0
2013-09-25,0.0
2013-09-24,0.0
2013-09-23,0.0
2013-09-20,0.0
2013-09-19,0.0
2013-09-18,0.0
2013-09-17,0.0
2013-09-16,0.0
2013-09-13,0.0
2013-09-12,0.0
2013-09-11,0.0
2013-09-10,0.0
2013-09-09,0.0
2013-09-06,0.0
2013-09-05,0.0
2013-09-04,0.0
2013-09-03,0.0
2013-09-02,0.0
2013-08-30,0.0
2013-08-29,0.0
2013-08-28,0.0
2013-08-27,0.0
2013-08-26,0.0
2013-08-23,0.0
2013-08-22,0.0
2013-08-21,0.0
2013-08-20,0.0
2013-08-16,0.0
2013-08-15,0.0
2013-08-14,0.0
2013-08-13,0.0
2013-08-12,0.0
2013-08-09,0.0
2013-08-08,0.0
2013-08-07,0.0
2013-08-06,0.0
2013-08-05,0.0
2013-08-02,0.0
2013-08-01,0.0
2013-07-31,0.0
2013-07-30,0.0
2013-07-29,0.0
2013-07-26,0.0
2013-07-25,0.0
2013-07-24,0.0
2013-07-23,0.0
2013-07-22,0.0
2013-07-19,0.0
2013-07-18,0.0
2013-07-17,0.0
2013-07-16,0.0
2013-07-15,0.0
2013-07-12,0.0
2013-07-11,0.0
2013-07-10,0.0
2013-07-08,0.0
2013-07-05,0.0
2013-07-04,0.0
2013-07-03,0.0
2013-07-02,0.0
2013-07-01,0.0
2013-06-28,0.0
2013-06-27,0.0
2013-06-26,0.0
2013-06-25,0.0
2013-06-24,0.0
2013-06-19,0.0
2013-06-18,0.0
2013-06-17,0.0
2013-06-14,0.0
2013-06-13,0.0
2013-06-12,0.0
2013-06-11,0.0
2013-06-10,0.0
2013-06-07,0.0
2013-06-06,0.0
2013-06-05,0.0
2013-06-04,0.0
2013-06-03,0.0
2013-05-31,0.0
2013-05-30,0.0
2013-05-29,0.0
2013-05-28,0.0
2013-05-27,0.0
2013-05-24,0.0
2013-05-23,0.0
2013-05-22,0.0
2013-05-21,0.0
2013-05-20,0.0
2013-05-17,0.0
2013-05-16,0.0
2013-05-15,0.0
2013-05-14,0.0
2013-05-13,0.0
2013-05-10,0.0
2013-05-09,0.0
2013-05-08,0.0
2013-05-07,0.0
2013-05-06,0.0
2013-05-03,0.0
2013-05-02,0.0
2013-04-30,0.0
2013-04-29,0.0
2013-04-26,0.0
2013-04-25,0.0
2013-04-24,0.0
2013-04-23,0.0
2013-04-22,0.0
2013-04-19,0.0
2013-04-18,0.0
2013-04-17,0.0
2013-04-16,0.0
2013-04-15,0.0
2013-04-12,0.0
2013-04-11,0.0
2013-04-10,0.0
2013-04-09,0.0
2013-04-08,0.0
2013-04-05,0.0
2013-04-04,0.0
2013-04-03,0.0
2013-03-27,0.0
2013-03-26,0.0
2013-03-25,0.0
2013-03-22,0.0
2013-03-21,0.0
2013-03-20,0.0
2013-03-19,0.0
2013-03-18,0.0
2013-03-15,0.0
2013-03-14,0.0
2013-03-13,0.0
2013-03-12,0.0
2013-03-11,0.0
2013-03-08,0.0
2013-03-07,0.0
2013-03-06,0.0
2013-03-05,0.0
2013-03-04,0.0
2013-03-01,0.0
2013-02-28,0.0
2013-02-27,0.0
2013-02-26,0.0
2013-02-25,0.0
2013-02-22,0.0
2013-02-21,0.0
2013-02-19,0.0
2013-02-18,0.0
2013-02-15,0.0
2013-02-14,0.0
2013-02-13,0.0
2013-02-08,0.0
2013-02-07,0.0
2013-02-06,0.0
2013-02-05,0.0
2013-02-04,0.0
2013-02-01,0.0
2013-01-30,0.0
2013-01-29,0.0
2013-01-28,0.0
2013-01-25,0.0
2013-01-24,0.0
2013-01-23,0.0
2013-01-22,0.0
2013-01-21,0.0
2013-01-18,0.0
2013-01-17,0.0
2013-01-16,0.0
2013-01-15,0.0
2013-01-14,0.0
2013-01-11,0.0
2013-01-10,0.0
2013-01-09,0.0
2013-01-08,0.0
2013-01-07,0.0
2013-01-04,0.0
2013-01-03,0.0
2013-01-02,0.0
2012-12-31,0.0
2012-12-28,0.0
2012-12-27,0.0
2012-12-26,0.0
2012-12-21,0.0
2012-12-20,0.0
2012-12-19,0.0
2012-12-18,0.0
2012-12-17,0.0
2012-12-14,0.0
2012-12-13,0.0
2012-12-12,0.0
2012-12-11,0.0
2012-12-10,0.0
2012-12-07,0.0
2012-12-06,0.0
2012-12-05,0.0
2012-12-04,0.0
2012-12-03,0.0
2012-11-30,0.0
2012-11-29,0.0
2012-11-28,0.0
2012-11-27,0.0
2012-11-23,0.0
2012-11-22,0.0
2012-11-21,0.0
2012-11-20,0.0
2012-11-19,0.0
2012-11-16,0.0
2012-11-15,0.0
2012-11-14,0.0
2012-11-13,0.0
2012-11-12,0.0
2012-11-09,0.0
2012-11-08,0.0
2012-11-07,0.0
2012-11-05,0.0
2012-11-02,0.0
2012-11-01,0.0
2012-10-31,0.0
2012-10-30,0.0
2012-10-29,0.0
2012-10-26,0.0
2012-10-25,0.0
2012-10-24,0.0
2012-10-23,0.0
2012-10-22,0.0
2012-10-19,0.0
2012-10-18,0.0
2012-10-17,0.0
2012-10-16,0.0
2012-10-15,0.0
2012-10-12,0.0
2012-10-11,0.0
2012-10-10,0.0
2012-10-09,0.0
2012-10-05,0.0
2012-10-04,0.0
2012-10-03,0.0
2012-10-02,0.0
2012-10-01,0.0
2012-09-28,0.0
2012-09-27,0.0
2012-09-26,0.0
2012-09-25,0.0
2012-09-21,0.0
2012-09-20,0.0
2012-09-19,0.0
2012-09-18,0.0
2012-09-17,0.0
2012-09-14,0.0
2012-09-13,0.0
2012-09-12,0.0
2012-09-11,0.0
2012-09-10,0.0
2012-09-07,0.0
2012-09-06,0.0
2012-09-05,0.0
2012-09-04,0.0
2012-09-03,0.0
2012-08-31,0.0
2012-08-30,0.0
2012-08-29,0.0
2012-08-28,0.0
2012-08-27,0.0
2012-08-24,0.0
2012-08-23,0.0
2012-08-22,0.0
2012-08-21,0.0
2012-08-17,0.0
2012-08-16,0.0
2012-08-15,0.0
2012-08-14,0.0
2012-08-13,0.0
2012-08-10,0.0
2012-08-09,0.0
2012-08-08,0.0
2012-08-07,0.0
2012-08-06,0.0
2012-08-03,0.0
2012-08-02,0.0
2012-08-01,0.0
2012-07-31,0.0
2012-07-30,0.0
2012-07-27,0.0
2012-07-26,0.0
2012-07-25,0.0
2012-07-24,0.0
2012-07-23,0.0
2012-07-20,0.0
2012-07-19,0.0
2012-07-18,0.0
2012-07-17,0.0
2012-07-16,0.0
2012-07-13,0.0
2012-07-12,0.0
2012-07-11,0.0
2012-07-10,0.0
2012-07-06,0.0
2012-07-05,0.0
2012-07-04,0.0
2012-07-03,0.0
2012-07-02,0.0
2012-06-29,0.0
2012-06-28,0.0
2012-06-27,0.0
2012-06-26,0.0
2012-06-25,0.0
2012-06-22,0.0
2012-06-21,0.0
2012-06-19,0.0
2012-06-18,0.0
2012-06-15,0.0
2012-06-14,0.0
2012-06-13,0.0
2012-06-12,0.0
2012-06-11,0.0
2012-06-08,0.0
2012-06-07,0.0
2012-06-06,0.0
2012-06-05,0.0
2012-06-04,0.0
2012-06-01,0.0
2012-05-31,0.0
2012-05-30,0.0
2012-05-29,0.0
2012-05-28,0.0
2012-05-24,0.0
2012-05-23,0.0
2012-05-22,0.0
2012-05-21,0.0
2012-05-18,0.0
2012-05-17,0.0
2012-05-16,0.0
2012-05-15,0.0
2012-05-14,0.0
2012-05-11,0.0
2012-05-10,0.0
2012-05-09,0.0
2012-05-08,0.0
2012-05-07,0.0
2012-05-04,0.0
2012-05-03,0.0
2012-05-02,0.0
2012-04-27,0.0
2012-04-26,0.0
2012-04-25,0.0
2012-04-24,0.0
2012-04-23,0.0
2012-04-20,0.0
2012-04-19,0.0
2012-04-18,0.0
2012-04-17,0.0
2012-04-16,0.0
2012-04-13,0.0
2012-04-12,0.0
2012-04-11,0.0
2012-04-10,0.0
2012-04-09,0.0
2012-04-04,0.0
2012-04-03,0.0
2012-03-30,0.0
2012-03-29,0.0
2012-03-28,0.0
2012-03-27,0.0
2012-03-26,0.0
2012-03-23,0.0
2012-03-22,0.0
2012-03-21,0.0
2012-03-20,0.0
2012-03-19,0.0
2012-03-16,0.0
2012-03-15,0.0
2012-03-14,0.0
2012-03-13,0.0
2012-03-12,0.0
2012-03-09,0.0
2012-03-08,0.0
2012-03-07,0.0
2012-03-06,0.0
2012-03-05,0.0
2012-03-02,0.0
2012-03-01,0.0
2012-02-29,0.0
2012-02-28,0.0
2012-02-24,0.0
2012-02-23,0.0
2012-02-22,0.0
2012-02-17,0.0
2012-02-16,0.0
2012-02-15,0.0
2012-02-14,0.0
2012-02-13,0.0
2012-02-10,0.0
2012-02-09,0.0
2012-02-08,0.0
2012-02-07,0.0
2012-02-06,0.0
2012-02-03,0.0
2012-02-02,0.0
2012-02-01,0.0
2012-01-31,0.0
2012-01-30,0.0
2012-01-27,0.0
2012-01-26,0.0
2012-01-25,0.0
2012-01-24,0.0
2012-01-23,0.0
2012-01-20,0.0
2012-01-19,0.0
2012-01-18,0.0
2012-01-17,0.0
2012-01-16,0.0
2012-01-13,0.0
2012-01-12,0.0
2012-01-11,0.0
2012-01-10,0.0
2012-01-09,0.0
2012-01-06,0.0
2012-01-05,0.0
2012-01-04,0.0
2012-01-03,0.0
2011-12-30,0.0
2011-12-29,0.0
2011-12-28,0.0
2011-12-27,0.0
2011-12-23,0.0
2011-12-22,0.0
2011-12-21,0.0
2011-12-20,0.0
2011-12-19,0.0
2011-12-16,0.0
2011-12-15,0.0
2011-12-14,0.0
2011-12-13,0.0
2011-12-12,0.0
2011-12-07,0.0
2011-12-06,0.0
2011-12-05,0.0
2011-12-02,0.0
2011-12-01,0.0
2011-11-30,0.0
2011-11-29,0.0
2011-11-25,0.0
2011-11-24,0.0
2011-11-23,0.0
2011-11-22,0.0
2011-11-21,0.0
2011-11-18,0.0
2011-11-17,0.0
2011-11-16,0.0
2011-11-15,0.0
2011-11-14,0.0
2011-11-11,0.0
2011-11-10,0.0
2011-11-09,0.0
2011-11-08,0.0
2011-11-07,0.0
2011-11-04,0.0
2011-11-03,0.0
2011-11-02,0.0
2011-11-01,0.0
2011-10-31,0.0
2011-10-28,0.0
2011-10-27,0.0
2011-10-26,0.0
2011-10-25,0.0
2011-10-24,0.0
2011-10-21,0.0
2011-10-20,0.0
2011-10-19,0.0
2011-10-18,0.0
2011-10-17,0.0
2011-10-14,0.0
2011-10-13,0.0
2011-10-12,0.0
2011-10-11,0.0
2011-10-07,0.0
2011-10-06,0.0
2011-10-05,0.0
2011-10-04,0.0
2011-10-03,0.0
2011-09-30,0.0
2011-09-29,0.0
2011-09-28,0.0
2011-09-27,0.0
2011-09-26,0.0
2011-09-23,0.0
2011-09-22,0.0
2011-09-21,0.0
2011-09-20,0.0
2011-09-19,0.0
2011-09-16,0.0
2011-09-15,0.0
2011-09-14,0.0
2011-09-13,0.0
2011-09-12,0.0
2011-09-09,0.0
2011-09-08,0.0
2011-09-07,0.0
2011-09-06,0.0
2011-09-05,0.0
2011-09-02,0.0
2011-09-01,0.0
2011-08-31,0.0
2011-08-30,0.0
2011-08-29,0.0
2011-08-26,0.0
2011-08-25,0.0
2011-08-24,0.0
2011-08-23,0.0
2011-08-19,0.0
2011-08-18,0.0
2011-08-17,0.0
2011-08-16,0.0
2011-08-15,0.0
2011-08-12,0.0
2011-08-11,0.0
2011-08-10,0.0
2011-08-09,0.0
2011-08-08,0.0
2011-08-05,0.0
2011-08-04,0.0
2011-08-03,0.0
2011-08-02,0.0
2011-08-01,0.0
2011-07-29,0.0
2011-07-28,0.0
2011-07-27,0.0
2011-07-26,0.0
2011-07-25,0.0
2011-07-22,0.0
2011-07-21,0.0
2011-07-20,0.0
2011-07-19,0.0
2011-07-18,0.0
2011-07-15,0.0
2011-07-14,0.0
2011-07-13,0.0
2011-07-12,0.0
2011-07-11,0.0
2011-07-08,0.0
2011-07-07,0.0
2011-07-06,0.0
2011-07-05,0.0
2011-07-04,0.0
2011-07-01,0.0
2011-06-30,0.0
2011-06-29,0.0
2011-06-28,0.0
2011-06-27,0.0
2011-06-24,0.0
2011-06-23,0.0
2011-06-22,0.0
2011-06-21,0.0
2011-06-17,0.0
2011-06-16,0.0
2011-06-15,0.0
2011-06-14,0.0
2011-06-13,0.0
2011-06-10,0.0
2011-06-09,0.0
2011-06-08,0.0
2011-06-07,0.0
2011-06-06,0.0
2011-06-03,0.0
2011-06-02,0.0
2011-06-01,0.0
2011-05-31,0.0
2011-05-30,0.0
2011-05-27,0.0
2011-05-26,0.0
2011-05-24,0.0
2011-05-23,0.0
2011-05-20,0.0
2011-05-19,0.0
2011-05-18,0.0
2011-05-17,0.0
2011-05-16,0.0
2011-05-13,0.0
2011-05-12,0.0
2011-05-11,0.0
2011-05-10,0.0
2011-05-09,0.0
2011-05-06,0.0
2011-05-05,0.0
2011-05-04,0.0
2011-05-03,0.0
2011-05-02,0.0
2011-04-29,0.0
2011-04-28,0.0
2011-04-27,0.0
2011-04-26,0.0
2011-04-25,0.0
2011-04-20,0.0
2011-04-19,0.0
2011-04-18,0.0
2011-04-15,0.0
2011-04-14,0.0
2011-04-13,0.0
2011-04-12,0.0
2011-04-11,0.0
2011-04-08,0.0
2011-04-07,0.0
2011-04-06,0.0
2011-04-05,0.0
2011-04-04,0.0
2011-04-01,0.0
2011-03-31,0.0
2011-03-30,0.0
2011-03-29,0.0
2011-03-28,0.0
2011-03-23,0.0
2011-03-22,0.0
2011-03-21,0.0
2011-03-18,0.0
2011-03-17,0.0
2011-03-16,0.0
2011-03-15,0.0
2011-03-14,0.0
2011-03-11,0.0
2011-03-10,0.0
2011-03-09,0.0
2011-03-04,0.0
2011-03-03,0.0
2011-03-02,0.0
2011-03-01,0.0
2011-02-28,0.0
2011-02-25,0.0
2011-02-24,0.0
2011-02-23,0.0
2011-02-22,0.0
2011-02-21,0.0
2011-02-18,0.0
2011-02-17,0.0
2011-02-16,0.0
2011-02-15,0.0
2011-02-14,0.0
2011-02-11,0.0
2011-02-10,0.0
2011-02-09,0.0
2011-02-08,0.0
2011-02-07,0.0
2011-02-04,0.0
2011-02-03,0.0
2011-02-02,0.0
2011-02-01,0.0
2011-01-31,0.0
2011-01-28,0.0
2011-01-27,0.0
2011-01-26,0.0
2011-01-25,0.0
2011-01-24,0.0
2011-01-21,0.0
2011-01-20,0.0
2011-01-19,0.0
2011-01-18,0.0
2011-01-17,0.0
2011-01-14,0.0
2011-01-13,0.0
2011-01-12,0.0
2011-01-11,0.0
2011-01-10,0.0
2011-01-07,0.0
2011-01-06,0.0
2011-01-05,0.0
2011-01-04,0.0
2011-01-03,0.0
2010-12-30,0.0
2010-12-29,0.0
2010-12-28,0.0
2010-12-27,0.0
2010-12-23,0.0
2010-12-22,0.0
2010-12-21,0.0
2010-12-20,0.0
2010-12-17,0.0
2010-12-16,0.0
2010-12-15,0.0
2010-12-14,0.0
2010-12-13,0.0
2010-12-10,0.0
2010-12-09,0.0
2010-12-07,0.0
2010-12-06,0.0
2010-12-03,0.0
2010-12-02,0.0
2010-12-01,0.0
2010-11-30,0.0
2010-11-29,0.0
2010-11-26,0.0
2010-11-25,0.0
2010-11-24,0.0
2010-11-23,0.0
2010-11-19,0.0
2010-11-18,0.0
2010-11-17,0.0
2010-11-16,0.0
2010-11-15,0.0
2010-11-12,0.0
2010-11-11,0.0
2010-11-10,0.0
2010-11-09,0.0
2010-11-08,0.0
2010-11-05,0.0
2010-11-04,0.0
2010-11-03,0.0
2010-11-02,0.0
2010-11-01,0.0
2010-10-29,0.0
2010-10-28,0.0
2010-10-26,0.0
2010-10-25,0.0
2010-10-22,0.0
2010-10-21,0.0
2010-10-20,0.0
2010-10-19,0.0
2010-10-18,0.0
2010-10-15,0.0
2010-10-14,0.0
2010-10-13,0.0
2010-10-12,0.0
2010-10-08,0.0
2010-10-07,0.0
2010-10-06,0.0
2010-10-05,0.0
2010-10-04,0.0
2010-10-01,0.0
2010-09-30,0.0
2010-09-29,0.0
2010-09-28,0.0
2010-09-27,0.0
2010-09-24,0.0
2010-09-23,0.0
2010-09-22,0.0
2010-09-21,0.0
2010-09-20,0.0
2010-09-17,0.0
2010-09-16,0.0
2010-09-15,0.0
2010-09-14,0.0
2010-09-13,0.0
2010-09-10,0.0
2010-09-09,0.0
2010-09-08,0.0
2010-09-07,0.0
2010-09-06,0.0
2010-09-03,0.0
2010-09-02,0.0
2010-09-01,0.0
2010-08-31,0.0
2010-08-30,0.0
2010-08-27,0.0
2010-08-26,0.0
2010-08-25,0.0
2010-08-24,0.0
2010-08-23,0.0
2010-08-20,0.0
2010-08-19,0.0
2010-08-18,0.0
2010-08-17,0.0
2010-08-13,0.0
2010-08-12,0.0
2010-08-11,0.0
2010-08-10,0.0
2010-08-09,0.0
2010-08-06,0.0
2010-08-05,0.0
2010-08-04,0.0
2010-08-03,0.0
2010-08-02,0.0
2010-07-30,0.0
2010-07-29,0.0
2010-07-28,0.0
2010-07-27,0.0
2010-07-26,0.0
2010-07-23,0.0
2010-07-22,0.0
2010-07-21,0.0
2010-07-20,0.0
2010-07-19,0.0
2010-07-16,0.0
2010-07-15,0.0
2010-07-14,0.0
2010-07-13,0.0
2010-07-12,0.0
2010-07-08,0.0
2010-07-07,0.0
2010-07-06,0.0
2010-07-05,0.0
2010-07-02,0.0
2010-07-01,0.0
2010-06-30,0.0
2010-06-29,0.0
2010-06-28,0.0
2010-06-25,0.0
2010-06-24,0.0
2010-06-23,0.0
2010-06-22,0.0
2010-06-18,0.0
2010-06-17,0.0
2010-06-16,0.0
2010-06-15,0.0
2010-06-14,0.0
2010-06-11,0.0
2010-06-10,0.0
2010-06-09,0.0
2010-06-08,0.0
2010-06-07,0.0
2010-06-04,0.0
2010-06-03,0.0
2010-06-02,0.0
2010-06-01,0.0
2010-05-31,0.0
2010-05-28,0.0
2010-05-27,0.0
2010-05-26,0.0
2010-05-21,0.0
2010-05-20,0.0
2010-05-19,0.0
2010-05-18,0.0
2010-05-17,0.0
2010-05-14,0.0
2010-05-13,0.0
2010-05-12,0.0
2010-05-11,0.0
2010-05-10,0.0
2010-05-07,0.0
2010-05-06,0.0
2010-05-05,0.0
2010-05-04,0.0
2010-05-03,0.0
2010-04-30,0.0
2010-04-29,0.0
2010-04-28,0.0
2010-04-27,0.0
2010-04-26,0.0
2010-04-23,0.0
2010-04-22,0.0
2010-04-21,0.0
2010-04-20,0.0
2010-04-19,0.0
2010-04-16,0.0
2010-04-15,0.0
2010-04-14,0.0
2010-04-13,0.0
2010-04-12,0.0
2010-04-09,0.0
2010-04-08,0.0
2010-04-07,0.0
2010-04-06,0.0
2010-04-05,0.0
2010-03-31,0.0
2010-03-30,0.0
2010-03-29,0.0
2010-03-26,0.0
2010-03-25,0.0
2010-03-23,0.0
2010-03-22,0.0
2010-03-19,0.0
2010-03-18,0.0
2010-03-17,0.0
2010-03-16,0.0
2010-03-15,0.0
2010-03-12,0.0
2010-03-11,0.0
2010-03-10,0.0
2010-03-09,0.0
2010-03-08,0.0
2010-03-05,0.0
2010-03-04,0.0
2010-03-03,0.0
2010-03-02,0.0
2010-03-01,0.0
2010-02-26,0.0
2010-02-25,0.0
2010-02-24,0.0
2010-02-23,0.0
2010-02-22,0.0
2010-02-19,0.0
2010-02-18,0.0
2010-02-17,0.0
2010-02-16,0.0
2010-02-15,0.0
2010-02-12,0.0
2010-02-11,0.0
2010-02-10,0.0
2010-02-09,0.0
2010-02-08,0.0
2010-02-05,0.0
2010-02-04,0.0
2010-02-03,0.0
2010-02-02,0.0
2010-02-01,0.0
2010-01-29,0.0
2010-01-28,0.0
2010-01-27,0.0
2010-01-26,0.0
2010-01-25,0.0
2010-01-22,0.0
2010-01-21,0.0
2010-01-20,0.0
2010-01-19,0.0
2010-01-18,0.0
2010-01-15,0.0
2010-01-14,0.0
2010-01-13,0.0
2010-01-12,0.0
2010-01-11,0.0
2010-01-08,0.0
2010-01-07,0.0
2010-01-06,0.0
2010-01-05,0.0
2010-01-04,0.0
2009-12-31,0.0
2009-12-30,0.0
2009-12-29,0.0
2009-12-28,0.0
2009-12-24,0.0
2009-12-23,0.0
2009-12-22,0.0
2009-12-21,0.0
2009-12-18,0.0
2009-12-17,0.0
2009-12-16,0.0
2009-12-15,0.0
2009-12-14,0.0
2009-12-11,0.0
2009-12-10,0.0
2009-12-09,0.0
2009-12-07,0.0
2009-12-04,0.0
2009-12-03,0.0
2009-12-02,0.0
2009-12-01,0.0
2009-11-30,0.0
2009-11-27,0.0
2009-11-26,0.0
2009-11-25,0.0
2009-11-24,0.0
2009-11-23,0.0
2009-11-20,0.0
2009-11-19,0.0
2009-11-18,0.0
2009-11-17,0.0
2009-11-16,0.0
2009-11-13,0.0
2009-11-12,0.0
2009-11-11,0.0
2009-11-10,0.0
2009-11-09,0.0
2009-11-05,0.0
2009-11-04,0.0
2009-11-03,0.0
2009-11-02,0.0
2009-10-30,0.0
2009-10-29,0.0
2009-10-28,0.0
2009-10-27,0.0
2009-10-26,0.0
2009-10-23,0.0
2009-10-22,0.0
2009-10-21,0.0
2009-10-20,0.0
2009-10-19,0.0
2009-10-16,0.0
2009-10-15,0.0
2009-10-14,0.0
2009-10-13,0.0
2009-10-09,0.0
2009-10-08,0.0
2009-10-07,0.0
2009-10-06,0.0
2009-10-05,0.0
2009-10-02,0.0
2009-10-01,0.0
2009-09-30,0.0
2009-09-29,0.0
2009-09-28,0.0
2009-09-25,0.0
2009-09-24,0.0
2009-09-23,0.0
2009-09-22,0.0
2009-09-21,0.0
2009-09-18,0.0
2009-09-17,0.0
2009-09-16,0.0
2009-09-15,0.0
2009-09-14,0.0
2009-09-11,0.0
2009-09-10,0.0
2009-09-09,0.0
2009-09-08,0.0
2009-09-07,0.0
2009-09-04,0.0
2009-09-03,0.0
2009-09-02,0.0
2009-09-01,0.0
2009-08-31,0.0
2009-08-28,0.0
2009-08-27,0.0
2009-08-26,0.0
2009-08-25,0.0
2009-08-24,0.0
2009-08-21,0.0
2009-08-20,0.0
2009-08-19,0.0
2009-08-18,0.0
2009-08-14,0.0
2009-08-13,0.0
2009-08-12,0.0
2009-08-11,0.0
2009-08-10,0.0
2009-08-07,0.0
2009-08-06,0.0
2009-08-05,0.0
2009-08-04,0.0
2009-08-03,0.0
2009-07-31,0.0
2009-07-30,0.0
2009-07-29,0.0
2009-07-28,0.0
2009-07-27,0.0
2009-07-24,0.0
2009-07-23,0.0
2009-07-22,0.0
2009-07-21,0.0
2009-07-20,0.0
2009-07-17,0.0
2009-07-16,0.0
2009-07-15,0.0
2009-07-14,0.0
2009-07-13,0.0
2009-07-08,0.0
2009-07-07,0.0
2009-07-06,0.0
2009-07-03,0.0
2009-07-02,0.0
2009-07-01,0.0
2009-06-30,0.0
2009-06-29,0.0
2009-06-26,0.0
2009-06-25,0.0
2009-06-24,0.0
2009-06-23,0.0
2009-06-22,0.0
2009-06-19,0.0
2009-06-18,0.0
2009-06-17,0.0
2009-06-16,0.0
2009-06-12,0.0
2009-06-11,0.0
2009-06-10,0.0
2009-06-09,0.0
2009-06-08,0.0
2009-06-05,0.0
2009-06-04,0.0
2009-06-03,0.0
2009-06-02,0.0
2009-06-01,0.0
2009-05-29,0.0
2009-05-28,0.0
2009-05-27,0.0
2009-05-26,0.0
2009-05-22,0.0
2009-05-21,0.0
2009-05-20,0.0
2009-05-19,0.0
2009-05-18,0.0
2009-05-15,0.0
2009-05-14,0.0
2009-05-13,0.0
2009-05-12,0.0
2009-05-11,0.0
2009-05-08,0.0
2009-05-07,0.0
2009-05-06,0.0
2009-05-05,0.0
2009-05-04,0.0
2009-04-30,0.0
2009-04-29,0.0
2009-04-28,0.0
2009-04-27,0.0
2009-04-24,0.0
2009-04-23,0.0
2009-04-22,0.0
2009-04-21,0.0
2009-04-20,0.0
2009-04-17,0.0
2009-04-16,0.0
2009-04-15,0.0
2009-04-14,0.0
2009-04-13,0.0
2009-04-08,0.0
2009-04-07,0.0
2009-04-06,0.0
2009-04-03,0.0
2009-04-01,0.0
2009-03-31,0.0
2009-03-30,0.0
2009-03-27,0.0
2009-03-26,0.0
2009-03-25,0.0
2009-03-23,0.0
2009-03-20,0.0
2009-03-19,0.0
2009-03-18,0.0
2009-03-17,0.0
2009-03-16,0.0
2009-03-13,0.0
2009-03-12,0.0
2009-03-11,0.0
2009-03-10,0.0
2009-03-09,0.0
2009-03-06,0.0
2009-03-05,0.0
2009-03-04,0.0
2009-03-03,0.0
2009-03-02,0.0
2009-02-27,0.0
2009-02-26,0.0
2009-02-25,0.0
2009-02-24,0.0
2009-02-23,0.0
2009-02-20,0.0
2009-02-19,0.0
2009-02-18,0.0
2009-02-17,0.0
2009-02-16,0.0
2009-02-13,0.0
2009-02-12,0.0
2009-02-11,0.0
2009-02-10,0.0
2009-02-09,0.0
2009-02-06,0.0
2009-02-05,0.0
2009-02-04,0.0
2009-02-03,0.0
2009-02-02,0.0
2009-01-30,0.0
2009-01-29,0.0
2009-01-28,0.0
2009-01-27,0.0
2009-01-26,0.0
2009-01-23,0.0
2009-01-22,0.0
2009-01-21,0.0
2009-01-20,0.0
2009-01-19,0.0
2009-01-16,0.0
2009-01-15,0.0
2009-01-14,0.0
2009-01-13,0.0
2009-01-12,0.0
2009-01-09,0.0
2009-01-08,0.0
2009-01-07,0.0
2009-01-06,0.0
2009-01-05,0.0
2009-01-02,0.0
2008-12-31,0.0
2008-12-30,0.0
2008-12-29,0.0
2008-12-26,0.0
2008-12-24,0.0
2008-12-23,0.0
2008-12-22,0.0
2008-12-19,0.0
2008-12-18,0.0
2008-12-17,0.0
2008-12-16,0.0
2008-12-15,0.0
2008-12-12,0.0
2008-12-11,0.0
2008-12-10,0.0
2008-12-09,0.0
2008-12-05,0.0
2008-12-04,0.0
2008-12-03,0.0
2008-12-02,0.0
2008-12-01,0.0
2008-11-28,0.0
2008-11-27,0.0
2008-11-26,0.0
2008-11-25,0.0
2008-11-24,0.0
2008-11-21,0.0
2008-11-20,0.0
2008-11-19,0.0
2008-11-18,0.0
2008-11-17,0.0
2008-11-14,0.0
2008-11-13,0.0
2008-11-12,0.0
2008-11-11,0.0
2008-11-10,0.0
2008-11-07,0.0
2008-11-05,0.0
2008-11-04,0.0
2008-11-03,0.0
2008-10-31,0.0
2008-10-30,0.0
2008-10-29,0.0
2008-10-28,0.0
2008-10-27,0.0
2008-10-24,0.0
2008-10-23,0.0
2008-10-22,0.0
2008-10-21,0.0
2008-10-20,0.0
2008-10-17,0.0
2008-10-16,0.0
2008-10-15,0.0
2008-10-14,0.0
2008-10-10,0.0
2008-10-09,0.0
2008-10-08,0.0
2008-10-07,0.0
2008-10-06,0.0
2008-10-03,0.0
2008-10-02,0.0
2008-10-01,0.0
2008-09-30,0.0
2008-09-29,0.0
2008-09-26,0.0
2008-09-25,0.0
2008-09-24,0.0
2008-09-23,0.0
2008-09-22,0.0
2008-09-19,0.0
2008-09-18,0.0
2008-09-17,0.0
2008-09-16,0.0
2008-09-15,0.0
2008-09-12,0.0
2008-09-11,0.0
2008-09-10,0.0
2008-09-09,0.0
2008-09-08,0.0
2008-09-05,0.0
2008-09-04,0.0
2008-09-03,0.0
2008-09-02,0.0
2008-09-01,0.0
2008-08-29,0.0
2008-08-28,0.0
2008-08-27,0.0
2008-08-26,0.0
2008-08-25,0.0
2008-08-22,0.0
2008-08-21,0.0
2008-08-20,0.0
2008-08-19,0.0
2008-08-15,0.0
2008-08-14,0.0
2008-08-13,0.0
2008-08-12,0.0
2008-08-11,0.0
2008-08-08,0.0
2008-08-07,0.0
2008-08-06,0.0
2008-08-05,0.0
2008-08-04,0.0
2008-08-01,0.0
2008-07-31,0.0
2008-07-30,0.0
2008-07-29,0.0
2008-07-28,0.0
2008-07-25,0.0
2008-07-24,0.0
2008-07-23,0.0
2008-07-22,0.0
2008-07-21,0.0
2008-07-18,0.0
2008-07-17,0.0
2008-07-16,0.0
2008-07-15,0.0
2008-07-14,0.0
2008-07-11,0.0
2008-07-10,0.0
2008-07-08,0.0
2008-07-07,0.0
2008-07-04,0.0
2008-07-03,0.0
2008-07-02,0.0
2008-07-01,0.0
2008-06-30,0.0
2008-06-27,0.0
2008-06-26,0.0
2008-06-25,0.0
2008-06-24,0.0
2008-06-23,0.0
2008-06-20,0.0
2008-06-19,0.0
2008-06-18,0.0
2008-06-17,0.0
2008-06-13,0.0
2008-06-12,0.0
2008-06-11,0.0
2008-06-10,0.0
2008-06-09,0.0
2008-06-06,0.0
2008-06-05,0.0
2008-06-04,0.0
2008-06-03,0.0
2008-06-02,0.0
2008-05-30,0.0
2008-05-29,0.0
2008-05-28,0.0
2008-05-27,0.0
2008-05-26,0.0
2008-05-23,0.0
2008-05-22,0.0
2008-05-21,0.0
2008-05-20,0.0
2008-05-19,0.0
2008-05-16,0.0
2008-05-15,0.0
2008-05-14,0.0
2008-05-13,0.0
2008-05-12,0.0
2008-05-09,0.0
2008-05-08,0.0
2008-05-07,0.0
2008-05-06,0.0
2008-05-05,0.0
2008-05-02,0.0
2008-04-30,0.0
2008-04-29,0.0
2008-04-28,0.0
2008-04-25,0.0
2008-04-24,0.0
2008-04-23,0.0
2008-04-22,0.0
2008-04-21,0.0
2008-04-18,0.0
2008-04-17,0.0
2008-04-16,0.0
2008-04-15,0.0
2008-04-14,0.0
2008-04-11,0.0
2008-04-10,0.0
2008-04-09,0.0
2008-04-08,0.0
2008-04-07,0.0
2008-04-04,0.0
2008-04-03,0.0
2008-04-01,0.0
2008-03-31,0.0
2008-03-28,0.0
2008-03-27,0.0
2008-03-26,0.0
2008-03-25,0.0
2008-03-19,0.0
2008-03-18,0.0
2008-03-17,0.0
2008-03-14,0.0
2008-03-13,0.0
2008-03-12,0.0
2008-03-11,0.0
2008-03-10,0.0
2008-03-07,0.0
2008-03-06,0.0
2008-03-05,0.0
2008-03-04,0.0
2008-03-03,0.0
2008-02-29,0.0
2008-02-28,0.0
2008-02-27,0.0
2008-02-26,0.0
2008-02-25,0.0
2008-02-22,0.0
2008-02-21,0.0
2008-02-20,0.0
2008-02-19,0.0
2008-02-18,0.0
2008-02-15,0.0
2008-02-14,0.0
2008-02-13,0.0
2008-02-12,0.0
2008-02-11,0.0
2008-02-08,0.0
2008-02-07,0.0
2008-02-06,0.0
2008-02-05,0.0
2008-02-04,0.0
2008-02-01,0.0
2008-01-31,0.0
2008-01-30,0.0
2008-01-29,0.0
2008-01-28,0.0
2008-01-25,0.0
2008-01-24,0.0
2008-01-23,0.0
2008-01-22,0.0
2008-01-21,0.0
2008-01-18,0.0
2008-01-17,0.0
2008-01-16,0.0
2008-01-15,0.0
2008-01-14,0.0
2008-01-11,0.0
2008-01-10,0.0
2008-01-09,0.0
2008-01-08,0.0
2008-01-07,0.0
2008-01-04,0.0
2008-01-03,0.0
2008-01-02,0.0
2007-12-28,0.0
2007-12-27,0.0
2007-12-26,0.0
2007-12-21,0.0
2007-12-20,0.0
2007-12-19,0.0
2007-12-18,0.0
2007-12-17,0.0
2007-12-14,0.0
2007-12-13,0.0
2007-12-12,0.0
2007-12-11,0.0
2007-12-10,0.0
2007-12-07,0.0
2007-12-06,0.0
2007-12-05,0.0
2007-12-04,0.0
2007-12-03,0.0
2007-11-30,0.0
2007-11-29,0.0
2007-11-28,0.0
2007-11-27,0.0
2007-11-26,0.0
2007-11-23,0.0
2007-11-22,0.0
2007-11-21,0.0
2007-11-20,0.0
2007-11-19,0.0
2007-11-16,0.0
2007-11-15,0.0
2007-11-14,0.0
2007-11-13,0.0
2007-11-12,0.0
2007-11-09,0.0
2007-11-08,0.0
2007-11-07,0.0
2007-11-05,0.0
2007-11-02,0.0
2007-11-01,0.0
2007-10-31,0.0
2007-10-30,0.0
2007-10-29,0.0
2007-10-26,0.0
2007-10-25,0.0
2007-10-24,0.0
2007-10-23,0.0
2007-10-22,0.0
2007-10-19,0.0
2007-10-18,0.0
2007-10-17,0.0
2007-10-16,0.0
2007-10-12,0.0
2007-10-11,0.0
2007-10-10,0.0
2007-10-09,0.0
2007-10-08,0.0
2007-10-05,0.0
2007-10-04,0.0
2007-10-03,0.0
2007-10-02,0.0
2007-10-01,0.0
2007-09-28,0.0
2007-09-27,0.0
2007-09-26,0.0
2007-09-25,58.0
2007-09-24,58.0
2007-09-21,58.0
2007-09-20,57.0
2007-09-19,58.0
2007-09-18,58.0
2007-09-17,58.0
2007-09-14,58.0
2007-09-13,58.0
2007-09-12,58.0
2007-09-11,58.0
2007-09-10,58.0
2007-09-07,58.0
2007-09-06,58.0
2007-09-05,58.0
2007-09-04,58.0
2007-09-03,58.0
2007-08-31,58.0
2007-08-30,58.0
2007-08-29,58.0
2007-08-28,58.0
2007-08-27,58.0
2007-08-24,58.0
2007-08-23,58.0
2007-08-22,58.0
2007-08-21,58.0
2007-08-17,58.0
2007-08-16,58.0
2007-08-15,58.0
2007-08-14,58.0
2007-08-13,58.0
2007-08-10,58.0
2007-08-09,58.0
2007-08-08,58.0
2007-08-07,58.0
2007-08-06,58.0
2007-08-03,58.0
2007-08-02,57.0
2007-08-01,57.0
2007-07-31,57.0
2007-07-30,57.0
2007-07-27,58.0
2007-07-26,58.0
2007-07-25,58.0
2007-07-24,57.0
2007-07-23,57.0
2007-07-20,57.0
2007-07-19,57.0
2007-07-18,57.0
2007-07-17,57.0
2007-07-16,57.0
2007-07-13,57.0
2007-07-12,57.0
2007-07-11,57.0
2007-07-10,57.0
2007-07-06,57.0
2007-07-05,57.0
2007-07-04,57.0
2007-07-03,57.0
2007-07-02,57.0
2007-06-29,57.0
2007-06-28,57.0
2007-06-27,57.0
2007-06-26,57.0
2007-06-25,57.0
2007-06-22,57.0
2007-06-21,56.0
2007-06-20,56.0
2007-06-19,56.0
2007-06-15,56.0
2007-06-14,56.0
2007-06-13,56.0
2007-06-12,56.0
2007-06-11,57.0
2007-06-08,56.0
2007-06-07,56.0
2007-06-06,56.0
2007-06-05,56.0
2007-06-04,56.0
2007-06-01,57.0
2007-05-31,57.0
2007-05-30,57.0
2007-05-29,57.0
2007-05-28,57.0
2007-05-24,57.0
2007-05-23,56.0
2007-05-22,56.0
2007-05-21,57.0
2007-05-18,56.0
2007-05-17,56.0
2007-05-16,56.0
2007-05-15,57.0
2007-05-14,57.0
2007-05-11,57.0
2007-05-10,57.0
2007-05-09,57.0
2007-05-08,57.0
2007-05-07,57.0
2007-05-04,57.0
2007-05-03,57.0
2007-05-02,57.0
2007-04-30,57.0
2007-04-27,57.0
2007-04-26,57.0
2007-04-25,57.0
2007-04-24,57.0
2007-04-23,57.0
2007-04-20,57.0
2007-04-19,57.0
2007-04-18,57.0
2007-04-17,57.0
2007-04-16,57.0
2007-04-13,57.0
2007-04-12,57.0
2007-04-11,57.0
2007-04-10,57.0
2007-04-09,57.0
2007-04-04,57.0
2007-04-03,57.0
2007-03-30,57.0
2007-03-29,57.0
2007-03-28,57.0
2007-03-27,56.0
2007-03-26,55.0
2007-03-23,55.0
2007-03-22,55.0
2007-03-21,55.0
2007-03-20,55.0
2007-03-19,55.0
2007-03-16,55.0
2007-03-15,55.0
2007-03-14,56.0
2007-03-13,56.0
2007-03-12,56.0
2007-03-09,56.0
2007-03-08,56.0
2007-03-07,55.0
2007-03-06,56.0
2007-03-05,55.0
2007-03-02,55.0
2007-03-01,55.0
2007-02-28,56.0
2007-02-27,56.0
2007-02-26,56.0
2007-02-23,56.0
2007-02-22,56.0
2007-02-21,56.0
2007-02-20,56.0
2007-02-19,56.0
2007-02-16,55.0
2007-02-15,55.0
2007-02-14,55.0
2007-02-13,56.0
2007-02-12,56.0
2007-02-09,56.0
2007-02-08,55.0
2007-02-07,56.0
2007-02-06,55.0
2007-02-05,55.0
2007-02-02,56.0
2007-02-01,56.0
2007-01-31,56.0
2007-01-30,56.0
2007-01-29,56.0
2007-01-26,55.0
2007-01-25,55.0
2007-01-24,55.0
2007-01-23,55.0
2007-01-22,55.0
2007-01-19,55.0
2007-01-18,55.0
2007-01-17,55.0
2007-01-16,55.0
2007-01-15,55.0
2007-01-12,55.0
2007-01-11,55.0
2007-01-10,55.0
2007-01-09,55.0
2007-01-08,55.0
2007-01-05,55.0
2007-01-04,55.0
2007-01-03,55.0
2007-01-02,55.0
2006-12-29,55.0
2006-12-28,55.0
2006-12-27,55.0
2006-12-26,55.0
2006-12-22,55.0
2006-12-21,55.0
2006-12-20,55.0
2006-12-19,55.0
2006-12-18,55.0
2006-12-15,55.0
2006-12-14,55.0
2006-12-13,55.0
2006-12-12,55.0
2006-12-11,55.0
2006-12-07,55.0
2006-12-06,55.0
2006-12-05,55.0
2006-12-04,55.0
2006-12-01,55.0
2006-11-30,55.0
2006-11-29,55.0
2006-11-28,55.0
2006-11-27,55.0
2006-11-24,55.0
2006-11-23,55.0
2006-11-22,55.0
2006-11-21,55.0
2006-11-20,55.0
2006-11-17,55.0
2006-11-16,55.0
2006-11-15,55.0
2006-11-14,55.0
2006-11-13,55.0
2006-11-10,55.0
2006-11-09,55.0
2006-11-08,55.0
2006-11-07,55.0
2006-11-03,55.0
2006-11-02,55.0
2006-11-01,55.0
2006-10-31,56.0
2006-10-30,55.0
2006-10-27,55.0
2006-10-26,55.0
2006-10-25,55.0
2006-10-24,55.0
2006-10-23,55.0
2006-10-20,55.0
2006-10-19,56.0
2006-10-18,56.0
2006-10-17,56.0
2006-10-13,56.0
2006-10-12,56.0
2006-10-11,56.0
2006-10-10,56.0
2006-10-09,56.0
2006-10-06,56.0
2006-10-05,56.0
2006-10-04,56.0
2006-10-03,56.0
2006-10-02,56.0
2006-09-29,56.0
2006-09-28,56.0
2006-09-27,56.0
2006-09-26,56.0
2006-09-25,56.0
2006-09-22,56.0
2006-09-21,56.0
2006-09-20,56.0
2006-09-19,56.0
2006-09-18,56.0
2006-09-15,56.0
2006-09-14,56.0
2006-09-13,56.0
2006-09-12,56.0
2006-09-11,56.0
2006-09-08,56.0
2006-09-07,56.0
2006-09-06,56.0
2006-09-05,56.0
2006-09-04,56.0
2006-09-01,56.0
2006-08-31,56.0
2006-08-30,56.0
2006-08-29,56.0
2006-08-28,56.0
2006-08-25,56.0
2006-08-24,56.0
2006-08-23,56.0
2006-08-22,56.0
2006-08-18,56.0
2006-08-17,56.0
2006-08-16,56.0
2006-08-15,55.0
2006-08-14,55.0
2006-08-11,55.0
2006-08-10,55.0
2006-08-09,55.0
2006-08-08,115.0
2006-08-07,114.0
2006-08-04,115.0
2006-08-03,115.0
2006-08-02,115.0
2006-08-01,115.0
2006-07-31,115.0
2006-07-28,115.0
2006-07-27,115.0
2006-07-26,115.0
2006-07-25,115.0
2006-07-24,115.0
2006-07-21,115.0
2006-07-20,115.0
2006-07-19,115.0
2006-07-18,115.0
2006-07-17,115.0
2006-07-14,115.0
2006-07-13,115.0
2006-07-12,115.0
2006-07-11,115.0
2006-07-10,115.0
2006-07-07,115.0
2006-07-06,115.0
2006-07-05,115.0
2006-07-04,115.0
2006-07-03,115.0
2006-06-30,115.0
2006-06-29,115.0
2006-06-28,115.0
2006-06-27,115.0
2006-06-26,115.0
2006-06-23,115.0
2006-06-22,115.0
2006-06-21,115.0
2006-06-20,115.0
2006-06-16,115.0
2006-06-15,115.0
2006-06-14,115.0
2006-06-13,115.0
2006-06-12,115.0
2006-06-09,115.0
2006-06-08,115.0
2006-06-07,115.0
2006-06-06,115.0
2006-06-05,115.0
2006-06-02,115.0
2006-06-01,115.0
2006-05-31,115.0
2006-05-30,115.0
2006-05-29,115.0
2006-05-26,115.0
2006-05-24,115.0
2006-05-23,115.0
2006-05-22,114.0
2006-05-19,114.0
2006-05-18,114.0
2006-05-17,113.0
2006-05-16,114.0
2006-05-15,113.0
2006-05-12,113.0
2006-05-11,114.0
2006-05-10,113.0
2006-05-09,113.0
2006-05-08,113.0
2006-05-05,113.0
2006-05-04,114.0
2006-05-03,114.0
2006-05-02,114.0
2006-04-28,113.0
2006-04-27,114.0
2006-04-26,114.0
2006-04-25,114.0
2006-04-24,114.0
2006-04-21,114.0
2006-04-20,115.0
2006-04-19,115.0
2006-04-18,115.0
2006-04-17,115.0
2006-04-12,115.0
2006-04-11,115.0
2006-04-10,115.0
2006-04-07,115.0
2006-04-06,115.0
2006-04-05,115.0
2006-04-04,112.0
2006-04-03,112.0
2006-03-31,112.0
2006-03-30,112.0
2006-03-29,113.0
2006-03-28,112.0
2006-03-27,112.0
2006-03-23,112.0
2006-03-22,112.0
2006-03-21,112.0
2006-03-20,112.0
2006-03-17,112.0
2006-03-16,112.0
2006-03-15,112.0
2006-03-14,112.0
2006-03-13,112.0
2006-03-10,112.0
2006-03-09,112.0
2006-03-08,112.0
2006-03-07,112.0
2006-03-06,112.0
2006-03-03,112.0
2006-03-02,112.0
2006-03-01,112.0
2006-02-28,112.0
2006-02-27,112.0
2006-02-24,112.0
2006-02-23,112.0
2006-02-22,112.0
2006-02-21,203.0
2006-02-20,203.0
2006-02-17,203.0
2006-02-16,204.0
2006-02-15,204.0
2006-02-14,203.0
2006-02-13,203.0
2006-02-10,203.0
2006-02-09,204.0
2006-02-08,204.0
2006-02-07,203.0
2006-02-06,203.0
2006-02-03,203.0
2006-02-02,203.0
2006-02-01,203.0
2006-01-31,203.0
2006-01-30,203.0
2006-01-27,202.0
2006-01-26,202.0
2006-01-25,201.0
2006-01-24,234.0
2006-01-23,234.0
2006-01-20,235.0
2006-01-19,235.0
2006-01-18,234.0
2006-01-17,234.0
2006-01-16,234.0
2006-01-13,235.0
2006-01-12,235.0
2006-01-11,236.0
2006-01-10,236.0
2006-01-09,235.0
2006-01-06,235.0
2006-01-05,235.0
2006-01-04,234.0
2006-01-03,143.0
2006-01-02,143.0
2005-12-31,143.0
2005-12-30,143.0
2005-12-29,144.0
2005-12-28,143.0
2005-12-27,143.0
2005-12-26,143.0
2005-12-23,143.0
2005-12-22,143.0
2005-12-21,143.0
2005-12-20,144.0
2005-12-19,144.0
2005-12-16,142.0
2005-12-15,142.0
2005-12-14,142.0
2005-12-13,142.0
2005-12-12,142.0
2005-12-09,141.0
2005-12-07,142.0
2005-12-06,141.0
2005-12-05,141.0
2005-12-02,140.0
2005-12-01,141.0
2005-11-30,142.0
2005-11-29,141.0
2005-11-28,140.0
2005-11-25,140.0
2005-11-24,139.0
2005-11-23,139.0
2005-11-22,139.0
2005-11-21,139.0
2005-11-18,139.0
2005-11-17,139.0
2005-11-16,140.0
2005-11-15,140.0
2005-11-14,140.0
2005-11-11,141.0
2005-11-10,140.0
2005-11-09,140.0
2005-11-08,141.0
2005-11-07,141.0
2005-11-04,141.0
2005-11-03,142.0
2005-11-02,142.0
2005-11-01,142.0
2005-10-31,142.0
2005-10-28,142.0
2005-10-27,142.0
2005-10-26,141.0
2005-10-25,141.0
2005-10-24,141.0
2005-10-21,141.0
2005-10-20,141.0
2005-10-19,140.0
2005-10-18,140.0
2005-10-17,141.0
2005-10-14,141.0
2005-10-13,140.0
2005-10-12,139.0
2005-10-11,89.0
2005-10-07,88.0
2005-10-06,88.0
2005-10-05,88.0
2005-10-04,88.0
2005-10-03,88.0
2005-09-30,88.0
2005-09-29,88.0
2005-09-28,88.0
2005-09-27,88.0
2005-09-26,88.0
2005-09-23,88.0
2005-09-22,88.0
2005-09-21,88.0
2005-09-20,88.0
2005-09-19,88.0
2005-09-16,88.0
2005-09-15,88.0
2005-09-14,88.0
2005-09-13,88.0
2005-09-12,88.0
2005-09-09,88.0
2005-09-08,88.0
2005-09-07,88.0
2005-09-06,88.0
2005-09-05,88.0
2005-09-02,88.0
2005-09-01,88.0
2005-08-31,88.0
2005-08-30,88.0
2005-08-29,88.0
2005-08-26,88.0
2005-08-25,88.0
2005-08-24,88.0
2005-08-23,181.0
2005-08-22,181.0
2005-08-19,180.0
2005-08-18,180.0
2005-08-17,180.0
2005-08-16,179.0
2005-08-12,179.0
2005-08-11,179.0
2005-08-10,179.0
2005-08-09,178.0
2005-08-08,178.0
2005-08-05,178.0
2005-08-04,178.0
2005-08-03,178.0
2005-08-02,123.0
2005-08-01,123.0
2005-07-29,123.0
2005-07-28,123.0
2005-07-27,123.0
2005-07-26,92.0
2005-07-25,92.0
2005-07-22,92.0
2005-07-21,92.0
2005-07-20,92.0
2005-07-19,92.0
2005-07-18,92.0
2005-07-15,92.0
2005-07-14,92.0
2005-07-13,92.0
2005-07-12,92.0
2005-07-11,92.0
2005-07-08,93.0
2005-07-07,93.0
2005-07-06,93.0
2005-07-05,93.0
2005-07-04,93.0
2005-07-01,93.0
2005-06-30,93.0
2005-06-29,93.0
2005-06-28,93.0
2005-06-27,93.0
2005-06-24,92.0
2005-06-23,92.0
2005-06-22,92.0
2005-06-21,92.0
2005-06-17,92.0
2005-06-16,92.0
2005-06-15,93.0
2005-06-14,93.0
2005-06-13,93.0
2005-06-10,93.0
2005-06-09,93.0
2005-06-08,93.0
2005-06-07,93.0
2005-06-06,93.0
2005-06-03,93.0
2005-06-02,93.0
2005-06-01,93.0
2005-05-31,93.0
2005-05-30,93.0
2005-05-27,93.0
2005-05-26,93.0
2005-05-24,93.0
2005-05-23,93.0
2005-05-20,93.0
2005-05-19,93.0
2005-05-18,93.0
2005-05-17,150.0
2005-05-16,151.0
2005-05-13,151.0
2005-05-12,151.0
2005-05-11,151.0
2005-05-10,151.0
2005-05-09,151.0
2005-05-06,151.0
2005-05-05,151.0
2005-05-04,151.0
2005-05-03,151.0
2005-05-02,152.0
2005-04-29,151.0
2005-04-28,151.0
2005-04-27,151.0
2005-04-26,151.0
2005-04-25,151.0
2005-04-22,151.0
2005-04-21,151.0
2005-04-20,151.0
2005-04-19,151.0
2005-04-18,151.0
2005-04-15,150.0
2005-04-14,150.0
2005-04-13,151.0
2005-04-12,151.0
2005-04-11,151.0
2005-04-08,151.0
2005-04-07,152.0
2005-04-06,152.0
2005-04-05,152.0
2005-04-04,152.0
2005-04-01,152.0
2005-03-31,152.0
2005-03-30,152.0
2005-03-29,152.0
2005-03-28,152.0
2005-03-23,152.0
2005-03-22,152.0
2005-03-21,152.0
2005-03-18,152.0
2005-03-17,152.0
2005-03-16,152.0
2005-03-15,152.0
2005-03-14,152.0
2005-03-11,153.0
2005-03-10,153.0
2005-03-09,153.0
2005-03-08,153.0
2005-03-07,153.0
2005-03-04,154.0
2005-03-03,154.0
2005-03-02,153.0
2005-03-01,153.0
2005-02-28,153.0
2005-02-25,153.0
2005-02-24,153.0
2005-02-23,152.0
2005-02-22,152.0
2005-02-21,151.0
2005-02-18,151.0
2005-02-17,151.0
2005-02-16,152.0
2005-02-15,158.0
2005-02-14,158.0
2005-02-11,158.0
2005-02-10,158.0
2005-02-09,158.0
2005-02-08,159.0
2005-02-07,159.0
2005-02-04,159.0
2005-02-03,159.0
2005-02-02,159.0
2005-02-01,159.0
2005-01-31,159.0
2005-01-28,159.0
2005-01-27,159.0
2005-01-26,159.0
2005-01-25,160.0
2005-01-24,160.0
2005-01-21,160.0
2005-01-20,160.0
2005-01-19,160.0
2005-01-18,159.0
2005-01-17,160.0
2005-01-14,160.0
2005-01-13,161.0
2005-01-12,161.0
2005-01-11,161.0
2005-01-10,161.0
2005-01-07,161.0
2005-01-06,161.0
2005-01-05,161.0
2005-01-04,161.0
2005-01-03,162.0
2004-12-31,571.0
2004-12-30,572.0
2004-12-29,569.0
2004-12-28,567.0
2004-12-27,566.0
2004-12-24,567.0
2004-12-23,568.0
2004-12-22,566.0
2004-12-21,569.0
2004-12-20,572.0
2004-12-17,572.0
2004-12-16,571.0
2004-12-15,570.0
2004-12-14,570.0
2004-12-13,570.0
2004-12-10,571.0
2004-12-09,573.0
2004-12-07,572.0
2004-12-06,570.0
2004-12-03,566.0
2004-12-02,564.0
2004-12-01,566.0
2004-11-30,565.0
2004-11-29,564.0
2004-11-26,564.0
2004-11-25,535.0
2004-11-24,536.0
2004-11-23,537.0
2004-11-22,535.0
2004-11-19,533.0
2004-11-18,535.0
2004-11-17,536.0
2004-11-16,537.0
2004-11-15,538.0
2004-11-12,539.0
2004-11-11,539.0
2004-11-10,541.0
2004-11-09,539.0
2004-11-08,538.0
2004-11-05,538.0
2004-11-04,537.0
2004-11-03,538.0
2004-11-02,539.0
2004-11-01,541.0
2004-10-29,541.0
2004-10-28,540.0
2004-10-27,540.0
2004-10-26,539.0
2004-10-25,538.0
2004-10-22,537.0
2004-10-21,538.0
2004-10-20,537.0
2004-10-19,538.0
2004-10-18,540.0
2004-10-15,541.0
2004-10-14,540.0
2004-10-13,539.0
2004-10-12,539.0
2004-10-08,540.0
2004-10-07,540.0
2004-10-06,540.0
2004-10-05,540.0
2004-10-04,541.0
2004-10-01,542.0
2004-09-30,543.0
2004-09-29,543.0
2004-09-28,544.0
2004-09-27,545.0
2004-09-24,544.0
2004-09-23,545.0
2004-09-22,546.0
2004-09-21,544.0
2004-09-20,546.0
2004-09-17,541.0
2004-09-16,542.0
2004-09-15,544.0
2004-09-14,593.0
2004-09-13,593.0
2004-09-10,592.0
2004-09-09,591.0
2004-09-08,590.0
2004-09-07,590.0
2004-09-06,592.0
2004-09-03,592.0
2004-09-02,591.0
2004-09-01,592.0
2004-08-31,593.0
2004-08-30,593.0
2004-08-27,590.0
2004-08-26,589.0
2004-08-25,592.0
2004-08-24,593.0
2004-08-23,593.0
2004-08-20,593.0
2004-08-19,595.0
2004-08-18,594.0
2004-08-17,594.0
2004-08-13,596.0
2004-08-12,597.0
2004-08-11,596.0
2004-08-10,600.0
2004-08-09,606.0
2004-08-06,599.0
2004-08-05,594.0
2004-08-04,590.0
2004-08-03,589.0
2004-08-02,587.0
2004-07-30,587.0
2004-07-29,586.0
2004-07-28,586.0
2004-07-27,586.0
2004-07-26,584.0
2004-07-23,583.0
2004-07-22,582.0
2004-07-21,582.0
2004-07-20,581.0
2004-07-19,579.0
2004-07-16,581.0
2004-07-15,581.0
2004-07-14,582.0
2004-07-13,583.0
2004-07-12,582.0
2004-07-08,580.0
2004-07-07,580.0
2004-07-06,581.0
2004-07-05,581.0
2004-07-02,582.0
2004-07-01,584.0
2004-06-30,584.0
2004-06-29,584.0
2004-06-28,583.0
2004-06-25,579.0
2004-06-24,582.0
2004-06-23,584.0
2004-06-22,584.0
2004-06-18,583.0
2004-06-17,583.0
2004-06-16,583.0
2004-06-15,637.0
2004-06-14,636.0
2004-06-11,635.0
2004-06-10,635.0
2004-06-09,637.0
2004-06-08,635.0
2004-06-07,636.0
2004-06-04,633.0
2004-06-03,633.0
2004-06-02,635.0
2004-06-01,635.0
2004-05-31,635.0
2004-05-28,635.0
2004-05-27,633.0
2004-05-26,632.0
2004-05-24,633.0
2004-05-21,628.0
2004-05-20,624.0
2004-05-19,623.0
2004-05-18,623.0
2004-05-17,623.0
2004-05-14,627.0
2004-05-13,623.0
2004-05-12,624.0
2004-05-11,634.0
2004-05-10,625.0
2004-05-07,618.0
2004-05-06,614.0
2004-05-05,613.0
2004-05-04,609.0
2004-05-03,610.0
2004-04-30,613.0
2004-04-29,610.0
2004-04-28,606.0
2004-04-27,609.0
2004-04-26,612.0
2004-04-23,614.0
2004-04-22,611.0
2004-04-21,608.0
2004-04-20,605.0
2004-04-19,604.0
2004-04-16,603.0
2004-04-15,604.0
2004-04-14,603.0
2004-04-13,601.0
2004-04-12,602.0
2004-04-07,610.0
2004-04-06,610.0
2004-04-02,611.0
2004-04-01,612.0
2004-03-31,614.0
2004-03-30,618.0
2004-03-29,617.0
2004-03-26,617.0
2004-03-25,616.0
2004-03-24,614.0
2004-03-23,614.0
2004-03-22,618.0
2004-03-19,618.0
2004-03-18,620.0
2004-03-17,622.0
2004-03-16,624.0
2004-03-15,624.0
2004-03-12,625.0
2004-03-11,622.0
2004-03-10,627.0
2004-03-09,620.0
2004-03-08,619.0
2004-03-05,615.0
2004-03-04,614.0
2004-03-03,617.0
2004-03-02,615.0
2004-03-01,617.0
2004-02-27,617.0
2004-02-26,616.0
2004-02-25,616.0
2004-02-24,616.0
2004-02-23,620.0
2004-02-20,620.0
2004-02-19,619.0
2004-02-18,615.0
2004-02-17,615.0
2004-02-16,615.0
2004-02-13,618.0
2004-02-12,633.0
2004-02-11,630.0
2004-02-10,637.0
2004-02-09,640.0
2004-02-06,640.0
2004-02-05,634.0
2004-02-04,633.0
2004-02-03,636.0
2004-02-02,634.0
2004-01-30,636.0
2004-01-29,631.0
2004-01-28,628.0
2004-01-27,629.0
2004-01-26,626.0
2004-01-23,630.0
2004-01-22,626.0
2004-01-21,624.0
2004-01-20,625.0
2004-01-19,621.0
2004-01-16,621.0
2004-01-15,848.0
2004-01-14,842.0
2004-01-13,637.0
2004-01-12,642.0
2004-01-09,642.0
2004-01-08,639.0
2004-01-07,635.0
2004-01-06,643.0
2004-01-05,650.0
2004-01-02,652.0
2003-12-31,249.0
2003-12-30,251.0
2003-12-29,251.0
2003-12-26,251.0
2003-12-24,251.0
2003-12-23,252.0
2003-12-22,252.0
2003-12-19,252.0
2003-12-18,252.0
2003-12-17,252.0
2003-12-16,252.0
2003-12-15,251.0
2003-12-12,250.0
2003-12-11,258.0
2003-12-10,260.0
2003-12-09,255.0
2003-12-05,255.0
2003-12-04,256.0
2003-12-03,255.0
2003-12-02,257.0
2003-12-01,256.0
2003-11-28,256.0
2003-11-27,252.0
2003-11-26,250.0
2003-11-25,248.0
2003-11-24,248.0
2003-11-21,247.0
2003-11-20,246.0
2003-11-19,246.0
2003-11-18,247.0
2003-11-17,247.0
2003-11-14,245.0
2003-11-13,245.0
2003-11-12,245.0
2003-11-11,239.0
2003-11-10,240.0
2003-11-07,240.0
2003-11-05,240.0
2003-11-04,283.0
2003-11-03,285.0
2003-10-31,283.0
2003-10-30,282.0
2003-10-29,282.0
2003-10-28,281.0
2003-10-27,281.0
2003-10-24,282.0
2003-10-23,282.0
2003-10-22,282.0
2003-10-21,291.0
2003-10-20,291.0
2003-10-17,290.0
2003-10-16,290.0
2003-10-15,289.0
2003-10-14,264.0
2003-10-10,265.0
2003-10-09,331.0
2003-10-08,331.0
2003-10-07,333.0
2003-10-06,335.0
2003-10-03,335.0
2003-10-02,399.0
2003-10-01,398.0
2003-09-30,398.0
2003-09-29,397.0
2003-09-26,395.0
2003-09-25,396.0
2003-09-24,396.0
2003-09-23,384.0
2003-09-22,384.0
2003-09-19,385.0
2003-09-18,412.0
2003-09-17,410.0
2003-09-16,401.0
2003-09-15,402.0
2003-09-12,403.0
2003-09-11,468.0
2003-09-10,472.0
2003-09-09,469.0
2003-09-08,468.0
2003-09-05,472.0
2003-09-04,475.0
2003-09-03,473.0
2003-09-02,443.0
2003-09-01,441.0
2003-08-29,444.0
2003-08-28,452.0
2003-08-27,447.0
2003-08-26,312.0
2003-08-25,317.0
2003-08-22,313.0
2003-08-21,310.0
2003-08-20,309.0
2003-08-19,309.0
2003-08-15,309.0
2003-08-14,365.0
2003-08-13,368.0
2003-08-12,360.0
2003-08-11,360.0
2003-08-08,361.0
2003-08-07,334.0
2003-08-06,335.0
2003-08-05,359.0
2003-08-04,355.0
2003-08-01,355.0
2003-07-31,349.0
2003-07-30,344.0
2003-07-29,333.0
2003-07-28,333.0
2003-07-25,330.0
2003-07-24,328.0
2003-07-23,330.0
2003-07-22,331.0
2003-07-21,331.0
2003-07-18,330.0
2003-07-17,420.0
2003-07-16,421.0
2003-07-15,407.0
2003-07-14,407.0
2003-07-11,408.0
2003-07-10,368.0
2003-07-08,367.0
2003-07-07,367.0
2003-07-04,367.0
2003-07-03,351.0
2003-07-02,351.0
2003-07-01,352.0
2003-06-30,350.0
2003-06-27,349.0
2003-06-26,433.0
2003-06-25,435.0
2003-06-24,425.0
2003-06-23,426.0
2003-06-20,425.0
2003-06-19,425.0
2003-06-18,426.0
2003-06-17,429.0
2003-06-13,431.0
2003-06-12,532.0
2003-06-11,532.0
2003-06-10,532.0
2003-06-09,534.0
2003-06-06,534.0
2003-06-05,534.0
2003-06-04,537.0
2003-06-03,538.0
2003-06-02,542.0
2003-05-30,545.0
2003-05-29,625.0
2003-05-28,624.0
2003-05-27,587.0
2003-05-26,588.0
2003-05-23,578.0
2003-05-22,512.0
2003-05-21,518.0
2003-05-20,496.0
2003-05-19,489.0
2003-05-16,477.0
2003-05-15,462.0
2003-05-14,458.0
2003-05-13,418.0
2003-05-12,416.0
2003-05-09,417.0
2003-05-08,507.0
2003-05-07,506.0
2003-05-06,484.0
2003-05-05,483.0
2003-05-02,489.0
2003-04-30,456.0
2003-04-29,635.0
2003-04-28,639.0
2003-04-25,633.0
2003-04-24,606.0
2003-04-23,610.0
2003-04-22,568.0
2003-04-21,576.0
2003-04-16,580.0
2003-04-15,587.0
2003-04-14,580.0
2003-04-11,582.0
2003-04-10,545.0
2003-04-09,544.0
2003-04-08,548.0
2003-04-07,550.0
2003-04-04,549.0
2003-04-03,541.0
2003-04-02,551.0
2003-04-01,557.0
2003-03-28,540.0
2003-03-27,537.0
2003-03-26,544.0
2003-03-25,588.0
2003-03-24,593.0
2003-03-21,590.0
2003-03-20,608.0
2003-03-19,617.0
2003-03-18,619.0
2003-03-17,623.0
2003-03-14,620.0
2003-03-13,543.0
2003-03-12,547.0
2003-03-11,573.0
2003-03-10,577.0
2003-03-07,578.0
2003-03-06,538.0
2003-03-05,542.0
2003-03-04,659.0
2003-03-03,655.0
2003-02-28,651.0
2003-02-27,640.0
2003-02-26,638.0
2003-02-25,637.0
2003-02-24,641.0
2003-02-21,647.0
2003-02-20,632.0
2003-02-19,627.0
2003-02-18,624.0
2003-02-17,630.0
2003-02-14,615.0
2003-02-13,556.0
2003-02-12,560.0
2003-02-11,608.0
2003-02-10,609.0
2003-02-07,608.0
2003-02-06,579.0
2003-02-05,580.0
2003-02-04,584.0
2003-02-03,581.0
2003-01-31,591.0
2003-01-30,609.0
2003-01-29,610.0
2003-01-28,636.0
2003-01-27,620.0
2003-01-24,609.0
2003-01-23,535.0
2003-01-22,547.0
2003-01-21,612.0
2003-01-20,622.0
2003-01-17,622.0
2003-01-16,644.0
2003-01-15,659.0
2003-01-14,704.0
2003-01-13,706.0
2003-01-10,698.0
2003-01-09,654.0
2003-01-08,653.0
2003-01-07,637.0
2003-01-06,638.0
2003-01-03,644.0
2003-01-02,558.0
