fecha,m2,cpi,ip,ff,credito,acciones,vivienda,salario
1919-01,,,4.8739,,,,,
1919-02,,,4.6585,,,,,
1919-03,,,4.5238,,,,,
1919-04,,,4.6046,,,,,
1919-05,,,4.6315,,,,,
1919-06,,,4.9277,,,,,
1919-07,,,5.2239,,,,,
1919-08,,,5.3047,,,,,
1919-09,,,5.197,,,,,
1919-10,,,5.1432,,,,,
1919-11,,,5.0624,,,,,
1919-12,,,5.1432,,,,,
1920-01,,,5.6279,,,,,
1920-02,,,5.6279,,,,,
1920-03,,,5.5201,,,,,
1920-04,,,5.2239,,,,,
1920-05,,,5.3586,,,,,
1920-06,,,5.4124,,,,,
1920-07,,,5.2778,,,,,
1920-08,,,5.3047,,,,,
1920-09,,,5.1162,,,,,
1920-10,,,4.9008,,,,,
1920-11,,,4.4969,,,,,
1920-12,,,4.2276,,,,,
1921-01,,,3.9853,,,,,
1921-02,,,3.9045,,,,,
1921-03,,,3.7968,,,,,
1921-04,,,3.7968,,,,,
1921-05,,,3.9045,,,,,
1921-06,,,3.8776,,,,,
1921-07,,,3.8506,,,,,
1921-08,,,3.9853,,,,,
1921-09,,,4.0122,,,,,
1921-10,,,4.2545,,,,,
1921-11,,,4.2007,,,,,
1921-12,,,4.1738,,,,,
1922-01,,,4.3353,,,,,
1922-02,,,4.5238,,,,,
1922-03,,,4.7662,,,,,
1922-04,,,4.6046,,,,,
1922-05,,,4.847,,,,,
1922-06,,,5.0893,,,,,
1922-07,,,5.0893,,,,,
1922-08,,,4.9816,,,,,
1922-09,,,5.2509,,,,,
1922-10,,,5.5471,,,,,
1922-11,,,5.7894,,,,,
1922-12,,,5.951,,,,,
1923-01,,,5.8163,,,,,
1923-02,,,5.8971,,,,,
1923-03,,,6.0856,,,,,
1923-04,,,6.2203,,,,,
1923-05,,,6.301,,,,,
1923-06,,,6.2472,,,,,
1923-07,,,6.1933,,,,,
1923-08,,,6.0856,,,,,
1923-09,,,5.951,,,,,
1923-10,,,5.9241,,,,,
1923-11,,,5.9241,,,,,
1923-12,,,5.7894,,,,,
1924-01,,,5.924,,,,,
1924-02,,,6.0318,,,,,
1924-03,,,5.9241,,,,,
1924-04,,,5.7356,,,,,
1924-05,,,5.4932,,,,,
1924-06,,,5.2509,,,,,
1924-07,,,5.1701,,,,,
1924-08,,,5.3586,,,,,
1924-09,,,5.5471,,,,,
1924-10,,,5.6817,,,,,
1924-11,,,5.7894,,,,,
1924-12,,,5.951,,,,,
1925-01,,,6.1395,,,,,
1925-02,,,6.1395,,,,,
1925-03,,,6.1395,,,,,
1925-04,,,6.1933,,,,,
1925-05,,,6.1664,,,,,
1925-06,,,6.1125,,,,,
1925-07,,,6.2741,,,,,
1925-08,,,6.1664,,,,,
1925-09,,,6.0856,,,,,
1925-10,,,6.328,,,,,
1925-11,,,6.4626,,,,,
1925-12,,,6.5434,,,,,
1926-01,,,6.4357,,,,,
1926-02,,,6.4357,,,,,
1926-03,,,6.5165,,,,,
1926-04,,,6.5165,,,,,
1926-05,,,6.4626,,,,,
1926-06,,,6.5434,,,,,
1926-07,,,6.5703,,,,,
1926-08,,,6.6511,,,,,
1926-09,,,6.7588,,,,,
1926-10,,,6.7588,,,,,
1926-11,,,6.7319,,,,,
1926-12,,,6.705,,,,,
1927-01,,,6.678,,,,,
1927-02,,,6.7319,,,,,
1927-03,,,6.8127,,,,,
1927-04,,,6.6511,,,,,
1927-05,,,6.705,,,,,
1927-06,,,6.678,,,,,
1927-07,,,6.5972,,,,,
1927-08,,,6.5972,,,,,
1927-09,,,6.4895,,,,,
1927-10,,,6.3549,,,,,
1927-11,,,6.3549,,,,,
1927-12,,,6.3818,,,,,
1928-01,,,6.5165,,,,,
1928-02,,,6.5703,,,,,
1928-03,,,6.6242,,,,,
1928-04,,,6.5972,,,,,
1928-05,,,6.678,,,,,
1928-06,,,6.7319,,,,,
1928-07,,,6.8127,,,,,
1928-08,,,6.9473,,,,,
1928-09,,,7.0012,,,,,
1928-10,,,7.1358,,,,,
1928-11,,,7.2704,,,,,
1928-12,,,7.4051,,,,,
1929-01,,,7.5128,,,,,
1929-02,,,7.4858,,,,,
1929-03,,,7.5128,,,,,
1929-04,,,7.6474,,,,,
1929-05,,,7.7821,,,,,
1929-06,,,7.8359,,,,,
1929-07,,,7.9436,,,,,
1929-08,,,7.8628,,,,,
1929-09,,,7.809,,,,,
1929-10,,,7.6743,,,,,
1929-11,,,7.2974,,,,,
1929-12,,,6.9742,,,,,
1930-01,,,6.9742,,,,,
1930-02,,,6.9473,,,,,
1930-03,,,6.8396,,,,,
1930-04,,,6.7857,,,,,
1930-05,,,6.678,,,,,
1930-06,,,6.4895,,,,,
1930-07,,,6.1933,,,,,
1930-08,,,6.0587,,,,,
1930-09,,,5.951,,,,,
1930-10,,,5.7894,,,,,
1930-11,,,5.6548,,,,,
1930-12,,,5.5201,,,,,
1931-01,,,5.4932,,,,,
1931-02,,,5.5201,,,,,
1931-03,,,5.6279,,,,,
1931-04,,,5.6548,,,,,
1931-05,,,5.574,,,,,
1931-06,,,5.4394,,,,,
1931-07,,,5.3586,,,,,
1931-08,,,5.1701,,,,,
1931-09,,,4.9277,,,,,
1931-10,,,4.7392,,,,,
1931-11,,,4.6854,,,,,
1931-12,,,4.6585,,,,,
1932-01,,,4.5238,,,,,
1932-02,,,4.4161,,,,,
1932-03,,,4.3623,,,,,
1932-04,,,4.0661,,,,,
1932-05,,,3.9314,,,,,
1932-06,,,3.7968,,,,,
1932-07,,,3.6891,,,,,
1932-08,,,3.7968,,,,,
1932-09,,,4.0391,,,,,
1932-10,,,4.1738,,,,,
1932-11,,,4.1738,,,,,
1932-12,,,4.093,,,,,
1933-01,,,4.0122,,,,,
1933-02,,,4.0391,,,,,
1933-03,,,3.7968,,,,,
1933-04,,,4.0661,,,,,
1933-05,,,4.7392,,,,,
1933-06,,,5.4663,,,,,
1933-07,,,5.9779,,,,,
1933-08,,,5.7356,,,,,
1933-09,,,5.4124,,,,,
1933-10,,,5.1432,,,,,
1933-11,,,4.847,,,,,
1933-12,,,4.8739,,,,,
1934-01,,,5.0354,,,,,
1934-02,,,5.2778,,,,,
1934-03,,,5.5201,,,,,
1934-04,,,5.5201,,,,,
1934-05,,,5.6278,,,,,
1934-06,,,5.5201,,,,,
1934-07,,,5.1432,,,,,
1934-08,,,5.0893,,,,,
1934-09,,,4.7931,,,,,
1934-10,,,5.0085,,,,,
1934-11,,,5.0624,,,,,
1934-12,,,5.3855,,,,,
1935-01,,,5.8163,,,,,
1935-02,,,5.9241,,,,,
1935-03,,,5.8971,,,,,
1935-04,,,5.7894,,,,,
1935-05,,,5.7894,,,,,
1935-06,,,5.8702,,,,,
1935-07,,,5.8702,,,,,
1935-08,,,6.0856,,,,,
1935-09,,,6.2472,,,,,
1935-10,,,6.4357,,,,,
1935-11,,,6.5703,,,,,
1935-12,,,6.6511,,,,,
1936-01,,,6.5434,,,,,
1936-02,,,6.3818,,,,,
1936-03,,,6.4626,,,,,
1936-04,,,6.8665,,,,,
1936-05,,,7.0012,,,,,
1936-06,,,7.1358,,,,,
1936-07,,,7.2704,,,,,
1936-08,,,7.3781,,,,,
1936-09,,,7.5128,,,,,
1936-10,,,7.6205,,,,,
1936-11,,,7.8359,,,,,
1936-12,,,8.0783,,,,,
1937-01,,,8.0513,,,,,
1937-02,,,8.159,,,,,
1937-03,,,8.3475,,,,,
1937-04,,,8.3475,,,,,
1937-05,,,8.3745,,,,,
1937-06,,,8.2667,,,,,
1937-07,,,8.3206,,,,,
1937-08,,,8.2667,,,,,
1937-09,,,7.9975,,,,,
1937-10,,,7.4051,,,,,
1937-11,,,6.678,,,,,
1937-12,,,6.0856,,,,,
1938-01,,,5.951,,,,,
1938-02,,,5.8971,,,,,
1938-03,,,5.8971,,,,,
1938-04,,,5.7894,,,,,
1938-05,,,5.6548,,,,,
1938-06,,,5.7086,,,,,
1938-07,,,6.0318,,,,,
1938-08,,,6.3549,,,,,
1938-09,,,6.5434,,,,,
1938-10,,,6.705,,,,,
1938-11,,,6.9742,,,,,
1938-12,,,7.055,,,,,
1939-01,,,7.055,,,,,
1939-02,,,7.1089,,,,,
1939-03,,,7.1358,,,,,
1939-04,,,7.1089,,,,,
1939-05,,,7.0819,,,,,
1939-06,,,7.2435,,,,,
1939-07,,,7.4589,,,,,
1939-08,,,7.5666,,,,,
1939-09,,,8.0244,,,,,
1939-10,,,8.4283,,,,,
1939-11,,,8.6437,,,,,
1939-12,,,8.6437,,,,,
1940-01,,,8.536,,,,,
1940-02,,,8.2667,,,,,
1940-03,,,8.0783,,,,,
1940-04,,,8.2398,,,,,
1940-05,,,8.4822,,,,,
1940-06,,,8.7514,,,,,
1940-07,,,8.8592,,,,,
1940-08,,,8.913,,,,,
1940-09,,,9.1015,,,,,
1940-10,,,9.2361,,,,,
1940-11,,,9.4516,,,,,
1940-12,,,9.7747,,,,,
1941-01,,,10.017,,,,,
1941-02,,,10.3132,,,,,
1941-03,,,10.6364,,,,,
1941-04,,,10.6633,,,,,
1941-05,,,11.148,,,,,
1941-06,,,11.2288,,,,,
1941-07,,,11.3634,,,,,
1941-08,,,11.4981,,,,,
1941-09,,,11.4981,,,,,
1941-10,,,11.6058,,,,,
1941-11,,,11.6596,,,,,
1941-12,,,11.8481,,,,,
1942-01,,,12.0905,,,,,
1942-02,,,12.3059,,,,,
1942-03,,,12.4405,,,,,
1942-04,,,12.0905,,,,,
1942-05,,,12.1174,,,,,
1942-06,,,12.1443,,,,,
1942-07,,,12.4405,,,,,
1942-08,,,12.8175,,,,,
1942-09,,,13.1137,,,,,
1942-10,,,13.5445,,,,,
1942-11,,,13.8677,,,,,
1942-12,,,14.1908,,,,,
1943-01,,,14.3255,,,,,
1943-02,,,14.7024,,,,,
1943-03,,,14.8102,,,,,
1943-04,,,14.9986,,,,,
1943-05,,,15.1063,,,,,
1943-06,,,15.0256,,,,,
1943-07,,,15.4833,,,,,
1943-08,,,15.8064,,,,,
1943-09,,,16.2104,,,,,
1943-10,,,16.4527,,,,,
1943-11,,,16.6681,,,,,
1943-12,,,16.4527,,,,,
1944-01,,,16.6412,,,,,
1944-02,,,16.7758,,,,,
1944-03,,,16.7489,,,,,
1944-04,,,16.7489,,,,,
1944-05,,,16.6412,,,,,
1944-06,,,16.5874,,,,,
1944-07,,,16.5604,,,,,
1944-08,,,16.7758,,,,,
1944-09,,,16.6681,,,,,
1944-10,,,16.722,,,,,
1944-11,,,16.5873,,,,,
1944-12,,,16.5335,,,,,
1945-01,,,16.3719,,,,,
1945-02,,,16.3181,,,,,
1945-03,,,16.2104,,,,,
1945-04,,,15.9142,,,,,
1945-05,,,15.4833,,,,,
1945-06,,,15.1333,,,,,
1945-07,,,14.7832,,,,,
1945-08,,,13.2483,,,,,
1945-09,,,12.0635,,,,,
1945-10,,,11.5788,,,,,
1945-11,,,12.0097,,,,,
1945-12,,,12.0635,,,,,
1946-01,,,11.3903,,,,,
1946-02,,,10.8249,,,,,
1946-03,,,11.9558,,,,,
1946-04,,,11.7404,,,,,
1946-05,,,11.3096,,,,,
1946-06,,,12.0097,,,,,
1946-07,,,12.4136,,,,,
1946-08,,,12.8714,,,,,
1946-09,,,13.1137,,,,,
1946-10,,,13.356,,,,,
1946-11,,,13.4368,,,,,
1946-12,,,13.5176,,,,,
1947-01,,21.48,13.6792,,26.7375,,,
1947-02,,21.62,13.76,,27.257,,,
1947-03,,22.0,13.8407,,27.8054,,,
1947-04,,22.0,13.733,,28.3714,,,
1947-05,,21.95,13.7869,,28.9322,,,
1947-06,,22.08,13.7869,,29.605,,,
1947-07,,22.23,13.7061,,30.998,,,
1947-08,,22.4,13.7869,,31.5004,,,
1947-09,,22.84,13.8946,,31.9692,,,
1947-10,,22.91,14.0292,,32.439,,,
1947-11,,23.06,14.2177,,32.8911,,,
1947-12,,23.41,14.2716,,33.3754,,,
1948-01,,23.68,14.3524,,33.917,,,
1948-02,,23.67,14.3793,,34.4441,,,
1948-03,,23.5,14.2177,,35.0322,,,
1948-04,,23.82,14.2447,,35.6192,,,
1948-05,,24.01,14.487,,36.1653,,,
1948-06,,24.15,14.6755,,36.6633,,,
1948-07,,24.4,14.6755,,36.9852,,,
1948-08,,24.43,14.6216,,37.1043,,,
1948-09,,24.36,14.5139,,37.2135,,,
1948-10,,24.31,14.6217,,37.3104,,,
1948-11,,24.16,14.4332,,37.4096,,,
1948-12,,24.05,14.2985,,37.5548,,,
1949-01,,24.01,14.1639,,37.6976,,,
1949-02,,23.91,14.0292,,37.8299,,,
1949-03,,23.91,13.76,,37.9871,,,
1949-04,,23.92,13.6792,,38.1193,,,
1949-05,,23.91,13.4907,,38.2301,,,
1949-06,,23.92,13.4638,,38.3055,,,
1949-07,,23.7,13.4368,,38.4083,,,
1949-08,,23.7,13.5715,,38.4633,,,
1949-09,,23.75,13.7061,,38.5078,,,
1949-10,,23.67,13.1945,,38.5471,,,
1949-11,,23.7,13.5446,,38.5842,,,
1949-12,,23.61,13.7869,,38.6534,,,
1950-01,,23.51,14.0292,,39.0415,,,
1950-02,,23.61,14.0831,,39.6061,,,
1950-03,,23.64,14.5409,,40.2129,,,
1950-04,,23.65,15.0255,,40.8136,,,
1950-05,,23.77,15.3756,,41.3628,,,
1950-06,,23.88,15.8334,,41.9142,,,
1950-07,,24.07,16.345,,42.7255,,,
1950-08,,24.2,16.8566,,43.6913,,,
1950-09,,24.34,16.7489,,44.6291,,,
1950-10,,24.5,16.8566,,45.5261,,,
1950-11,,24.6,16.8297,,46.4138,,,
1950-12,,24.98,17.1259,,47.295,,,
1951-01,,25.38,17.1797,,48.061,,,
1951-02,,25.83,17.2875,,48.7107,,,
1951-03,,25.88,17.3682,,49.3793,,,
1951-04,,25.92,17.3952,,50.0452,,,
1951-05,,25.99,17.3413,,50.6744,,,
1951-06,,25.93,17.2605,,51.3065,,,
1951-07,,25.91,16.9913,,51.7314,,,
1951-08,,25.86,16.8297,,52.0001,,,
1951-09,,26.03,16.9374,,52.2604,,,
1951-10,,26.16,16.9105,,52.5364,,,
1951-11,,26.32,17.0451,,52.8176,,,
1951-12,,26.47,17.1528,,53.047,,,
1952-01,,26.45,17.3413,,53.4976,,,
1952-02,,26.41,17.449,,54.004,,,
1952-03,,26.39,17.5029,,54.2966,,,
1952-04,,26.46,17.3413,,54.7377,,,
1952-05,,26.47,17.1798,,55.2628,,,
1952-06,,26.53,17.0182,,56.1472,,,
1952-07,,26.68,16.7489,,56.6071,,,
1952-08,,26.69,17.826,,56.9242,,,
1952-09,,26.63,18.4723,,57.102,,,
1952-10,,26.69,18.6608,,57.7764,,,
1952-11,,26.69,19.0378,,58.5607,,,
1952-12,,26.71,19.1455,,58.7172,,,
1953-01,,26.64,19.1993,,59.1898,,,
1953-02,,26.59,19.307,,59.6419,,,
1953-03,,26.63,19.4686,,60.2853,,,
1953-04,,26.69,19.5494,,60.8892,,,
1953-05,,26.7,19.6571,,61.3176,,,
1953-06,,26.77,19.5763,,61.5892,,,
1953-07,,26.79,19.8187,,61.8143,,,
1953-08,,26.85,19.7109,,62.0534,,,
1953-09,,26.89,19.307,,62.0413,,,
1953-10,,26.95,19.1455,,61.9179,,,
1953-11,,26.85,18.6877,,61.7903,,,
1953-12,,26.87,18.2299,,61.603,,,
1954-01,,26.94,18.0953,,61.2695,,,
1954-02,,26.99,18.1492,,60.8945,,,
1954-03,,26.93,18.0414,,61.1667,,,
1954-04,,26.86,17.9337,,61.1724,,,
1954-05,,26.93,18.0414,,61.2293,,,
1954-06,,26.94,18.0953,,61.6102,,,
1954-07,,26.86,18.1222,0.8,61.6698,,,
1954-08,,26.85,18.0953,1.22,61.9155,,,
1954-09,,26.81,18.1222,1.07,62.3873,,,
1954-10,,26.72,18.3377,0.85,62.8354,,,
1954-11,,26.78,18.6338,0.83,63.2474,,,
1954-12,,26.77,18.8762,1.28,63.9292,,,
1955-01,,26.77,19.307,1.39,64.6757,,,
1955-02,,26.82,19.5494,1.29,65.1699,,,
1955-03,,26.79,20.0071,1.35,66.0031,,,
1955-04,,26.79,20.2495,1.43,66.7987,,,
1955-05,,26.77,20.5726,1.43,67.7483,,,
1955-06,,26.71,20.5996,1.64,69.1949,,,
1955-07,,26.76,20.7611,1.68,70.1507,,,
1955-08,,26.72,20.7342,1.96,70.777,,,
1955-09,,26.85,20.8688,2.18,71.4804,,,
1955-10,,26.82,21.2189,2.24,72.4096,,,
1955-11,,26.88,21.2727,2.35,73.5291,,,
1955-12,,26.87,21.3535,2.48,74.4656,,,
1956-01,,26.83,21.4882,2.45,75.2591,,,
1956-02,,26.86,21.2997,2.5,75.9456,,,
1956-03,,26.89,21.2997,2.5,77.2519,,,
1956-04,,26.93,21.4612,2.62,78.358,,,
1956-05,,27.03,21.2728,2.75,79.1612,,,
1956-06,,27.15,21.0843,2.71,80.4464,,,
1956-07,,27.29,20.438,2.75,80.9352,,,
1956-08,,27.31,21.2727,2.73,81.0563,,,
1956-09,,27.35,21.7574,2.95,81.527,,,
1956-10,,27.51,21.9459,2.96,82.2157,,,
1956-11,,27.51,21.7574,2.88,82.726,,,
1956-12,,27.63,22.0806,2.94,83.4672,,,
1957-01,,27.67,21.9998,2.84,83.4843,,,
1957-02,,27.8,22.2152,3.0,83.3787,,,
1957-03,,27.86,22.1883,2.96,83.9465,,,
1957-04,,27.93,21.8921,3.0,84.5436,,,
1957-05,,28.0,21.8113,3.0,85.112,,,
1957-06,,28.11,21.8652,3.0,85.7294,,,
1957-07,,28.19,21.9998,2.99,86.1301,,,
1957-08,,28.28,21.9998,3.24,86.527,,,
1957-09,,28.32,21.8113,3.47,86.7128,,,
1957-10,,28.32,21.4882,3.5,86.8818,,,
1957-11,,28.41,20.9765,3.28,86.9241,,,
1957-12,,28.47,20.5726,2.98,87.7188,,,
1958-01,,28.64,20.1956,2.72,94.0018,,,
1958-02,,28.7,19.7648,1.67,94.6888,,,
1958-03,,28.87,19.5225,1.2,95.0402,,,
1958-04,,28.94,19.1993,1.26,95.5626,,,
1958-05,,28.94,19.3878,0.63,95.5443,,,
1958-06,,28.91,19.8994,0.93,95.9975,,,
1958-07,,28.89,20.1956,0.68,96.475,,,
1958-08,,28.94,20.5995,1.53,96.2251,,,
1958-09,,28.91,20.7881,1.76,96.3311,,,
1958-10,,28.91,21.0304,1.8,96.9323,,,
1958-11,,28.95,21.6497,2.27,97.6739,,,
1958-12,,28.97,21.6767,2.42,98.8831,,,
1959-01,286.6,29.01,21.9998,2.48,99.8991,,,
1959-02,287.7,29.0,22.4306,2.43,100.1708,,,
1959-03,289.2,28.97,22.7538,2.8,100.5943,,,
1959-04,290.1,28.98,23.2384,2.96,102.0477,,,
1959-05,292.2,29.04,23.5885,2.9,103.5202,,,
1959-06,294.1,29.11,23.6155,3.39,105.3275,,,
1959-07,295.2,29.15,23.05,3.47,107.5485,,,
1959-08,296.4,29.18,22.2691,3.5,108.8354,,,
1959-09,296.7,29.25,22.2421,3.76,109.6602,,,
1959-10,296.5,29.35,22.0806,3.98,110.1332,,,
1959-11,297.1,29.35,22.2152,4.0,110.6852,,,
1959-12,297.8,29.41,23.5885,3.99,113.0608,,,
1960-01,298.2,29.37,24.2078,3.99,113.3293,,,
1960-02,298.4,29.41,23.9924,3.97,113.0908,,,
1960-03,299.3,29.41,23.777,3.84,113.696,,,
1960-04,300.1,29.54,23.5885,3.92,114.6632,,,
1960-05,300.9,29.57,23.5616,3.85,115.3227,,,
1960-06,302.3,29.61,23.2654,3.32,116.0878,,,
1960-07,304.1,29.55,23.1846,3.23,116.5776,,,
1960-08,306.9,29.61,23.1577,2.98,116.6847,,,
1960-09,308.4,29.61,22.9153,2.6,117.1448,,,
1960-10,309.5,29.75,22.8884,2.47,117.2335,,,
1960-11,310.9,29.78,22.5653,2.44,117.0689,,,
1960-12,312.4,29.81,22.1344,1.98,118.8525,,,
1961-01,314.1,29.84,22.1613,1.45,119.6541,,,
1961-02,316.5,29.84,22.1344,2.54,120.8877,,,
1961-03,318.3,29.84,22.2691,2.02,120.9929,,,
1961-04,319.9,29.81,22.7268,1.49,121.1425,,,
1961-05,322.2,29.84,23.0769,1.98,121.9517,,,
1961-06,324.3,29.84,23.4,1.73,122.1175,,,
1961-07,325.6,29.92,23.6693,1.17,122.5893,,,
1961-08,327.6,29.94,23.8847,2.0,122.572,,,
1961-09,329.5,29.98,23.8578,1.88,123.6687,,,
1961-10,331.1,29.98,24.3156,2.26,124.4737,,,
1961-11,333.4,29.98,24.6926,2.61,125.3969,,,
1961-12,335.5,30.01,24.908,2.33,126.4226,,,
1962-01,337.5,30.04,24.6925,2.15,127.0442,,,
1962-02,340.1,30.11,25.0964,2.37,127.6098,,,
1962-03,343.1,30.17,25.2311,2.85,128.8503,,,
1962-04,345.5,30.21,25.285,2.78,130.6636,,,
1962-05,347.5,30.24,25.258,2.36,131.6599,,,
1962-06,349.3,30.21,25.2042,2.68,132.9244,,,
1962-07,350.8,30.22,25.4465,2.71,133.6276,,,
1962-08,352.8,30.28,25.4734,2.93,134.6325,,,
1962-09,354.9,30.42,25.635,2.9,136.683,,,
1962-10,357.2,30.38,25.6619,2.9,137.7075,,,
1962-11,359.8,30.38,25.7696,2.94,138.979,,,
1962-12,362.7,30.38,25.7696,2.93,141.1296,,,
1963-01,365.2,30.44,25.9581,2.92,141.6467,,,
1963-02,367.9,30.48,26.2544,3.0,142.5694,,,
1963-03,370.7,30.51,26.4159,2.98,143.9988,,,
1963-04,373.3,30.48,26.6582,2.9,145.2342,,,
1963-05,376.1,30.51,26.9814,3.0,147.2265,,,
1963-06,378.4,30.61,27.0622,2.99,149.0653,,,
1963-07,381.1,30.69,26.9545,3.02,151.2214,,,
1963-08,383.6,30.75,27.0083,3.49,152.2094,,,
1963-09,386.0,30.72,27.2776,3.48,154.5506,,,
1963-10,388.3,30.75,27.4661,3.5,155.5033,,,
1963-11,391.5,30.78,27.6007,3.48,157.738,,,
1963-12,393.2,30.88,27.5469,3.38,160.6464,,,
1964-01,395.2,30.94,27.7892,3.48,161.4548,,,2.5
1964-02,397.6,30.91,27.9777,3.48,161.7124,,,2.5
1964-03,399.8,30.94,27.9777,3.43,163.1735,,,2.51
1964-04,401.7,30.95,28.4355,3.47,165.4159,,,2.52
1964-05,404.2,30.98,28.597,3.5,167.0757,,,2.52
1964-06,407.1,31.01,28.6778,3.5,169.3891,,,2.53
1964-07,410.1,31.02,28.8663,3.42,170.731,,,2.54
1964-08,413.4,31.05,29.0548,3.5,171.315,,,2.55
1964-09,416.9,31.08,29.1625,3.45,172.8706,,,2.56
1964-10,419.1,31.12,28.7586,3.36,174.3496,,,2.55
1964-11,422.1,31.21,29.6472,3.52,175.9494,,,2.56
1964-12,424.8,31.25,29.9973,3.85,178.8538,,,2.58
1965-01,427.5,31.28,30.3204,3.9,181.2183,,,2.58
1965-02,430.4,31.28,30.5089,3.98,182.7466,,,2.59
1965-03,433.2,31.31,30.9128,4.05,185.1128,,,2.61
1965-04,435.5,31.38,31.0474,4.09,188.2295,,,2.6
1965-05,437.1,31.48,31.2898,4.1,190.5937,,,2.62
1965-06,440.1,31.61,31.5321,4.05,193.5097,,,2.63
1965-07,442.9,31.58,31.8283,4.09,195.1039,,,2.63
1965-08,445.8,31.55,31.963,4.12,196.2894,,,2.64
1965-09,449.5,31.62,32.0438,4.02,199.2496,,,2.65
1965-10,452.6,31.65,32.3669,4.08,200.1549,,,2.66
1965-11,455.7,31.75,32.5015,4.1,201.6088,,,2.67
1965-12,459.2,31.85,32.9054,4.32,205.4162,,,2.67
1966-01,462.0,31.88,33.2286,4.42,207.0344,,,2.68
1966-02,464.6,32.08,33.444,4.6,207.2686,,,2.69
1966-03,467.2,32.18,33.9018,4.66,209.1513,,,2.7
1966-04,469.3,32.28,33.9556,4.67,212.2621,,,2.71
1966-05,470.1,32.35,34.2787,4.9,214.5167,,,2.72
1966-06,471.2,32.38,34.4403,5.17,217.2052,,,2.73
1966-07,470.8,32.45,34.6288,5.3,219.3556,,,2.74
1966-08,472.6,32.65,34.6557,5.53,219.3894,,,2.75
1966-09,475.4,32.75,34.9789,5.4,219.9937,,,2.76
1966-10,475.7,32.85,35.2212,5.53,220.2474,,,2.77
1966-11,477.3,32.88,34.9788,5.76,220.5073,,,2.78
1966-12,480.2,32.92,35.0596,5.4,222.6258,,,2.78
1967-01,481.6,32.9,35.225,4.94,224.0629,,,2.8
1967-02,485.1,33.0,34.8255,5.0,223.8324,,,2.81
1967-03,489.7,33.0,34.6292,4.53,225.9366,,,2.81
1967-04,492.1,33.1,34.9558,4.05,227.1748,,,2.82
1967-05,497.2,33.1,34.6508,3.94,228.3156,,,2.83
1967-06,502.0,33.3,34.6465,3.98,230.0656,,,2.85
1967-07,506.3,33.4,34.5676,3.79,232.4643,,,2.86
1967-08,510.8,33.5,35.2299,3.9,233.0617,,,2.88
1967-09,514.7,33.6,35.1727,3.99,234.4701,,,2.88
1967-10,518.2,33.7,35.4591,3.88,235.8102,,,2.89
1967-11,521.2,33.9,35.9663,4.13,237.1501,,,2.91
1967-12,524.8,34.0,36.3536,4.51,240.6193,,,2.92
1968-01,527.4,34.1,36.3145,4.61,242.8366,,,2.94
1968-02,530.4,34.2,36.4446,4.71,242.6078,,,2.95
1968-03,533.2,34.3,36.5584,5.05,243.7061,,,2.97
1968-04,535.7,34.4,36.6113,5.76,246.8904,,,2.99
1968-05,538.9,34.5,37.022,6.12,248.0322,,,3.0
1968-06,542.6,34.7,37.158,6.07,250.8297,,,3.01
1968-07,545.6,34.9,37.101,6.03,254.3162,,,3.03
1968-08,549.4,35.0,37.2045,6.03,256.2743,,,3.04
1968-09,553.5,35.1,37.3454,5.78,259.2065,,,3.07
1968-10,557.6,35.3,37.4196,5.91,261.7632,,,3.08
1968-11,562.4,35.4,37.9036,5.82,264.6152,,,3.1
1968-12,566.9,35.6,38.0233,6.02,269.1695,,,3.11
1969-01,569.3,35.7,38.2533,6.3,269.8586,,,3.12
1969-02,571.9,35.8,38.4981,6.61,271.6367,,,3.14
1969-03,574.4,36.1,38.8,6.79,273.6838,,,3.16
1969-04,575.7,36.3,38.6573,7.41,277.6162,,,3.18
1969-05,576.5,36.4,38.5111,8.67,280.4749,,,3.19
1969-06,578.5,36.6,38.8874,8.9,283.0265,,,3.21
1969-07,579.5,36.8,39.0927,8.61,282.2102,,,3.22
1969-08,580.1,36.9,39.1825,9.19,281.2901,,,3.24
1969-09,582.1,37.1,39.1737,9.15,282.5903,,,3.26
1969-10,583.4,37.3,39.1852,9.0,283.0258,,,3.28
1969-11,585.4,37.5,38.8158,8.85,284.5633,,,3.3
1969-12,587.9,37.7,38.7116,8.97,288.8652,,,3.31
1970-01,589.6,37.9,37.9948,8.98,287.89,,,3.31
1970-02,586.3,38.1,37.9698,8.98,287.1834,,,3.33
1970-03,587.3,38.3,37.9205,7.76,288.2832,,,3.36
1970-04,588.4,38.5,37.823,8.1,290.0698,,,3.36
1970-05,591.5,38.6,37.7789,7.95,290.199,,,3.37
1970-06,595.2,38.8,37.6567,7.61,291.9185,,,3.4
1970-07,599.1,38.9,37.7491,7.21,295.228,,,3.41
1970-08,604.9,39.0,37.6818,6.62,296.3051,,,3.44
1970-09,611.2,39.2,37.4221,6.29,298.4155,,,3.45
1970-10,616.4,39.4,36.6735,6.2,299.9208,,,3.45
1970-11,621.1,39.6,36.4514,5.6,301.6379,,,3.47
1970-12,626.6,39.8,37.2885,4.9,304.6994,,,3.5
1971-01,633.0,39.9,37.5753,4.14,305.5082,,,3.53
1971-02,641.0,39.9,37.5037,3.72,307.8904,100.96333333333334,,3.55
1971-03,649.9,40.0,37.4631,3.71,310.0343,104.4704347826087,,3.56
1971-04,658.4,40.1,37.6735,4.16,313.2507,109.55523809523808,,3.58
1971-05,666.7,40.3,37.8646,4.63,317.6803,109.5705,,3.61
1971-06,673.0,40.5,38.0234,4.91,321.5304,108.56772727272727,,3.62
1971-07,679.6,40.6,37.9131,5.31,323.6099,109.30333333333333,,3.63
1971-08,685.5,40.7,37.693,5.57,326.4312,106.51318181818182,,3.66
1971-09,692.5,40.8,38.3056,5.55,330.0296,109.52380952380952,,3.67
1971-10,698.4,40.9,38.5924,5.2,332.3773,108.41000000000001,,3.68
1971-11,704.6,41.0,38.7561,4.91,335.714,103.5852380952381,,3.7
1971-12,710.3,41.1,39.2035,4.14,340.1622,109.80818181818182,,3.73
1972-01,717.7,41.2,40.1408,3.51,342.1545,116.54333333333332,,3.8
1972-02,725.7,41.4,40.5459,3.3,345.5777,122.6645,,3.82
1972-03,733.5,41.4,40.8263,3.83,350.7484,127.54818181818182,,3.84
1972-04,738.4,41.5,41.2348,4.17,356.1836,131.8145,,3.86
1972-05,743.3,41.6,41.2405,4.27,361.4069,130.49636363636364,,3.88
1972-06,749.7,41.7,41.3497,4.46,366.7187,130.9790909090909,,3.88
1972-07,759.5,41.8,41.3035,4.55,371.4607,129.1825,,3.9
1972-08,768.7,41.9,41.879,4.81,375.2258,130.61869565217393,,3.92
1972-09,778.3,42.1,42.2132,4.87,379.5979,128.284,,3.94
1972-10,786.9,42.2,42.7494,5.05,386.3688,128.395,,3.97
1972-11,793.9,42.4,43.2548,5.06,392.9954,132.67450000000002,,3.99
1972-12,802.3,42.5,43.7367,5.33,400.3783,133.3121052631579,,4.0
1973-01,810.3,42.7,44.0529,5.94,405.1539,133.52904761904762,,4.03
1973-02,814.1,43.0,44.6827,6.58,415.6196,124.49684210526316,,4.05
1973-03,815.3,43.4,44.7045,7.09,425.9458,119.58272727272728,,4.06
1973-04,819.7,43.7,44.6387,7.12,431.7665,112.95,,4.09
1973-05,826.8,43.9,44.9429,7.84,438.8068,106.37090909090908,,4.1
1973-06,833.2,44.2,45.0035,8.49,446.0726,101.75285714285714,,4.12
1973-07,836.5,44.2,45.1636,10.4,452.8119,104.68619047619048,,4.15
1973-08,838.8,45.0,45.1019,10.5,458.784,104.38956521739131,,4.16
1973-09,839.3,45.2,45.4624,10.78,461.9938,107.64263157894737,,4.2
1973-10,842.6,45.6,45.847,10.01,464.4819,112.35739130434781,,4.21
1973-11,848.9,45.9,46.0553,10.03,467.326,101.29190476190476,,4.24
1973-12,855.5,46.3,45.923,9.95,474.227,90.79249999999999,,4.25
1974-01,859.7,46.8,45.6204,9.65,476.1663,94.2090909090909,,4.27
1974-02,864.2,47.3,45.4759,8.97,479.8912,92.2036842105263,,4.29
1974-03,870.1,47.8,45.4777,9.35,488.1224,94.96523809523809,,4.32
1974-04,872.9,48.1,45.3451,10.51,500.0858,89.58904761904762,,4.33
1974-05,874.6,48.6,45.7044,11.31,506.5103,83.39727272727272,,4.4
1974-06,877.8,49.0,45.6238,11.93,513.4821,81.0015,,4.44
1974-07,881.4,49.3,45.7221,12.92,520.0162,72.435,,4.45
1974-08,884.1,49.9,45.2366,12.01,523.6389,66.58227272727272,,4.49
1974-09,887.9,50.6,45.2365,11.34,526.1472,58.641999999999996,,4.53
1974-10,893.3,51.0,45.1133,10.06,526.7041,60.57521739130435,,4.56
1974-11,898.6,51.5,43.6278,9.45,527.7043,63.942499999999995,,4.57
1974-12,902.1,51.9,42.0533,8.53,531.3387,59.161904761904765,,4.6
1975-01,906.3,52.3,41.4676,7.13,527.8922,64.45727272727272,,4.61
1975-02,914.1,52.6,40.5165,6.24,524.2994,72.08315789473684,,4.64
1975-03,925.0,52.8,40.0638,5.54,523.2297,75.057,,4.67
1975-04,935.1,53.0,40.1573,5.49,521.786,76.97500000000001,,4.67
1975-05,947.9,53.1,40.0253,5.22,521.0445,81.84761904761905,,4.69
1975-06,963.0,53.5,40.2772,5.55,521.2344,84.64142857142858,,4.72
1975-07,975.1,54.0,40.6994,6.1,520.2707,85.61999999999999,,4.74
1975-08,983.1,54.2,41.0998,6.14,519.9523,78.40761904761905,,4.78
1975-09,991.5,54.6,41.6304,6.24,521.1566,75.9147619047619,,4.79
1975-10,997.8,54.9,41.8135,5.82,522.2615,77.25826086956522,,4.82
1975-11,1007.0,55.3,41.8697,5.22,522.3165,78.04052631578948,,4.86
1975-12,1016.3,55.6,42.4414,5.2,528.5193,75.90818181818182,,4.87
1976-01,1026.7,55.8,43.0012,4.87,524.9038,83.37714285714286,,4.9
1976-02,1040.3,55.9,43.4229,4.77,525.9317,89.3021052631579,,4.93
1976-03,1049.9,56.0,43.5168,4.84,529.5933,90.2413043478261,,4.95
1976-04,1060.8,56.1,43.7327,4.82,530.5282,90.14142857142858,,4.98
1976-05,1072.1,56.4,43.9186,5.29,534.7902,89.291,,5.01
1976-06,1077.6,56.7,43.9637,5.48,540.6651,88.76681818181818,,5.03
1976-07,1086.3,57.0,44.2141,5.31,541.9941,91.44761904761906,,5.06
1976-08,1098.7,57.3,44.5182,5.29,545.2868,90.8709090909091,,5.11
1976-09,1110.8,57.6,44.6721,5.25,548.8064,91.40571428571428,,5.14
1976-10,1125.0,57.9,44.6585,5.02,554.7481,89.5,,5.16
1976-11,1138.3,58.1,45.3392,4.95,559.0188,89.5315,,5.21
1976-12,1152.1,58.4,45.8294,4.65,566.3825,94.55181818181818,,5.23
1977-01,1165.2,58.7,45.5087,4.61,566.8675,96.89809523809524,,5.26
1977-02,1177.5,59.3,46.2277,4.68,570.6012,96.09,,5.3
1977-03,1188.4,59.6,46.8185,4.69,577.1653,95.7013043478261,,5.32
1977-04,1199.6,60.0,47.2684,4.73,583.8238,95.00450000000001,,5.36
1977-05,1209.0,60.2,47.6411,5.35,591.7797,96.9447619047619,,5.4
1977-06,1217.8,60.5,48.0116,5.39,598.7366,97.86545454545454,,5.42
1977-07,1226.8,60.8,48.073,5.42,605.2041,101.34894736842107,,5.46
1977-08,1237.1,61.1,48.1205,5.9,612.8609,100.5795652173913,,5.48
1977-09,1246.3,61.3,48.3189,6.14,620.2488,100.41333333333333,,5.51
1977-10,1254.0,61.6,48.3871,6.47,627.9338,99.24714285714286,,5.55
1977-11,1262.4,62.0,48.4761,6.51,634.3151,100.69190476190477,,5.58
1977-12,1270.4,62.3,48.5629,6.56,643.6488,103.7104761904762,,5.61
1978-01,1279.7,62.7,47.8481,6.7,649.1915,100.78047619047618,,5.66
1978-02,1285.4,63.0,48.1044,6.78,654.908,102.44473684210527,,5.69
1978-03,1292.1,63.4,49.0265,6.79,664.8351,104.00999999999999,,5.73
1978-04,1300.3,63.9,50.0206,6.89,674.001,110.76849999999999,,5.79
1978-05,1310.5,64.5,50.254,7.36,684.1681,119.07727272727271,,5.82
1978-06,1318.5,65.0,50.5801,7.6,696.3765,122.01181818181819,,5.86
1978-07,1324.2,65.5,50.5384,7.81,705.8243,122.119,,5.9
1978-08,1333.5,65.9,50.7458,8.04,712.4401,132.54,,5.92
1978-09,1345.1,66.5,50.8744,8.45,722.889,135.2345,,5.97
1978-10,1352.4,67.1,51.2559,8.96,734.0512,127.67772727272727,,6.02
1978-11,1359.2,67.5,51.6514,9.76,745.126,114.12238095238096,,6.05
1978-12,1366.1,67.9,51.909,10.03,755.1615,117.24849999999999,,6.1
1979-01,1371.6,68.5,51.6278,10.07,757.7649,123.71818181818183,,6.13
1979-02,1377.7,69.2,51.8752,10.06,764.8405,124.54894736842104,,6.18
1979-03,1387.7,69.9,52.0446,10.09,774.6631,128.08045454545456,,6.22
1979-04,1402.1,70.6,51.4193,10.01,787.3268,133.44549999999998,,6.21
1979-05,1410.2,71.4,51.8856,10.24,798.1516,131.34863636363636,,6.27
1979-06,1423.0,72.2,51.8965,10.29,811.9097,135.6395238095238,,6.32
1979-07,1434.8,73.0,51.8097,10.47,824.4757,138.5804761904762,,6.36
1979-08,1446.6,73.7,51.4684,10.94,831.9215,146.68565217391304,,6.4
1979-09,1454.2,74.4,51.4597,11.43,843.5638,149.20368421052632,,6.45
1979-10,1460.4,75.2,51.8334,13.77,848.722,140.52652173913043,,6.46
1979-11,1465.9,76.0,51.7531,13.18,846.7719,138.78285714285715,,6.51
1979-12,1473.9,76.9,51.7878,13.78,852.2241,148.74849999999998,,6.56
1980-01,1482.7,78.0,52.0679,13.82,857.7988,155.14090909090908,,6.57
1980-02,1494.4,79.0,52.082,14.13,868.3464,161.644,,6.63
1980-03,1499.7,80.1,51.87,17.19,876.5248,141.1004761904762,,6.69
1980-04,1502.2,80.9,50.8397,17.61,876.9612,136.28666666666666,,6.72
1980-05,1512.4,81.7,49.589,10.98,870.269,145.6847619047619,,6.76
1980-06,1529.2,82.5,48.9482,9.47,866.823,155.42904761904762,,6.82
1980-07,1545.5,82.6,48.6039,9.03,869.9579,166.92590909090907,,6.86
1980-08,1561.5,83.2,48.7563,9.61,876.3486,177.7290476190476,,6.91
1980-09,1574.0,83.9,49.5608,10.87,881.288,189.4857142857143,,6.95
1980-10,1584.7,84.7,50.1908,12.81,891.9709,195.75782608695653,,7.02
1980-11,1595.7,85.6,51.0311,15.85,904.4855,200.68555555555557,,7.09
1980-12,1599.9,86.4,51.3708,18.9,913.7622,198.39863636363637,,7.13
1981-01,1607.0,87.2,51.0415,19.08,918.8727,198.81761904761905,,7.18
1981-02,1618.6,88.0,50.824,15.93,922.551,194.8521052631579,,7.23
1981-03,1636.5,88.6,51.0826,14.7,925.5523,203.59318181818182,,7.29
1981-04,1659.2,89.1,50.858,15.72,932.7058,215.12000000000003,,7.33
1981-05,1664.3,89.7,51.1495,18.52,944.814,216.5435,,7.37
1981-06,1670.4,90.5,51.4101,19.1,952.2848,220.04045454545457,,7.41
1981-07,1681.9,91.5,51.7471,19.04,958.6031,209.7209090909091,,7.45
1981-08,1694.3,92.2,51.6826,17.82,966.1029,206.62619047619046,,7.52
1981-09,1706.0,93.1,51.4337,15.87,972.0761,185.37238095238095,,7.56
1981-10,1721.7,93.4,51.0281,15.08,976.7841,190.20136363636365,,7.59
1981-11,1736.0,93.8,50.435,13.31,983.6278,199.22899999999998,,7.63
1981-12,1755.5,94.1,49.8987,12.37,978.5324,197.14954545454546,,7.64
1982-01,1770.4,94.4,48.8685,13.22,984.5318,187.6785,,7.72
1982-02,1774.4,94.7,49.8636,14.78,995.7136,182.62842105263158,,7.72
1982-03,1786.4,94.7,49.5323,14.68,1002.4971,173.28391304347824,,7.75
1982-04,1804.0,95.0,49.075,14.94,1012.5018,181.84428571428572,,7.77
1982-05,1815.7,95.9,48.7483,14.45,1020.7636,184.607,,7.84
1982-06,1826.2,97.0,48.6214,14.15,1027.2817,172.07500000000002,,7.85
1982-07,1831.6,97.5,48.4616,12.59,1032.3739,169.6252380952381,,7.9
1982-08,1845.1,97.7,48.0192,10.12,1036.7997,167.38272727272727,,7.94
1982-09,1858.3,97.7,47.9008,10.31,1042.781,185.09285714285713,,7.94
1982-10,1869.4,98.1,47.4371,9.71,1049.0078,203.86190476190478,,7.96
1982-11,1883.4,98.0,47.283,9.2,1047.5776,226.9704761904762,,7.98
1982-12,1905.9,97.7,46.9485,8.95,1048.6803,233.03045454545455,,8.01
1983-01,1959.4,97.9,47.8234,8.68,1053.9144,241.47809523809525,,8.06
1983-02,1996.7,98.0,47.5233,8.51,1055.6946,256.05842105263156,,8.09
1983-03,2015.2,98.1,47.9244,8.77,1061.0021,266.45217391304345,,8.1
1983-04,2028.9,98.8,48.5311,8.8,1064.178,279.528,,8.13
1983-05,2043.6,99.2,48.8239,8.63,1068.0764,302.43809523809523,,8.17
1983-06,2053.8,99.4,49.123,8.98,1075.8975,319.34909090909093,,8.19
1983-07,2064.9,99.8,49.8546,9.37,1085.7503,316.094,,8.22
1983-08,2073.9,100.1,50.4443,9.56,1097.0602,296.8739130434783,,8.2
1983-09,2083.0,100.4,51.178,9.45,1103.8844,300.37,,8.27
1983-10,2098.8,100.8,51.5693,9.48,1115.055,286.72285714285715,,8.31
1983-11,2111.9,101.1,51.7993,9.34,1127.0755,278.6666666666667,,8.31
1983-12,2123.4,101.4,52.0594,9.47,1135.5382,278.6557142857143,,8.33
1984-01,2138.0,102.1,53.0985,9.56,1141.4751,282.00428571428574,,8.38
1984-02,2158.2,102.6,53.3318,9.59,1160.9228,254.38649999999998,,8.38
1984-03,2175.3,102.9,53.5929,9.91,1172.4229,251.25,,8.41
1984-04,2192.1,103.3,53.91,10.29,1188.9806,245.20700000000002,,8.45
1984-05,2204.8,103.5,54.2026,10.32,1206.3005,245.24318181818182,,8.45
1984-06,2215.6,103.7,54.4014,11.06,1220.0064,238.51619047619047,,8.48
1984-07,2223.6,104.1,54.5521,11.23,1233.5993,232.4038095238095,,8.51
1984-08,2230.2,104.4,54.6083,11.64,1242.7611,250.34608695652173,,8.51
1984-09,2244.2,104.7,54.4466,11.3,1253.7907,252.00473684210527,,8.55
1984-10,2258.4,105.1,54.4406,9.99,1266.2695,247.15391304347827,,8.55
1984-11,2280.9,105.3,54.624,9.43,1280.8947,246.3980952380952,,8.57
1984-12,2306.3,105.5,54.6416,8.38,1294.6548,241.91199999999998,,8.61
1985-01,2332.1,105.7,54.6322,8.35,1302.5417,260.7986363636364,,8.61
1985-02,2353.9,106.3,54.7825,8.5,1315.8181,285.5210526315789,,8.64
1985-03,2366.3,106.8,54.8653,8.58,1325.628,280.7966666666666,,8.66
1985-04,2375.8,107.0,54.7459,8.27,1327.8433,280.8947619047619,,8.69
1985-05,2390.4,107.2,54.8255,7.97,1339.7716,287.4604545454545,,8.7
1985-06,2413.3,107.5,54.7989,7.53,1351.4745,290.4375,,8.74
1985-07,2429.6,107.7,54.5396,7.88,1363.2748,302.04272727272723,,8.74
1985-08,2443.9,107.9,54.7055,7.9,1372.7456,298.24727272727273,,8.76
1985-09,2456.2,108.1,54.8906,7.92,1385.173,287.93315789473684,,8.8
1985-10,2467.6,108.5,54.7199,7.99,1390.2858,285.3582608695652,,8.79
1985-11,2477.3,109.0,54.9124,8.05,1405.472,304.3525,,8.81
1985-12,2492.0,109.5,55.4412,8.27,1417.3687,320.23238095238094,,8.87
1986-01,2501.6,109.9,55.7481,8.14,1429.5228,328.5209090909091,,8.85
1986-02,2512.5,109.7,55.3568,7.86,1435.5257,348.7863157894737,,8.88
1986-03,2533.1,109.1,54.9625,7.48,1449.9014,368.2315,,8.89
1986-04,2558.1,108.7,55.0413,6.99,1458.9243,382.54136363636366,,8.88
1986-05,2585.7,109.0,55.1226,6.85,1465.0889,388.4871428571429,,8.9
1986-06,2605.7,109.4,54.9005,6.92,1472.7646,398.5952380952381,,8.92
1986-07,2626.6,109.5,55.2592,6.56,1484.6113,385.88545454545454,,8.91
1986-08,2646.5,109.6,55.1567,6.17,1495.5168,375.6171428571429,,8.94
1986-09,2667.9,110.0,55.2975,5.89,1504.9817,358.29333333333335,,8.94
1986-10,2687.1,110.2,55.5332,5.85,1508.8422,355.0326086956522,,8.96
1986-11,2701.0,110.4,55.7557,6.04,1525.3436,358.07894736842104,,9.01
1986-12,2728.0,110.8,56.2845,6.91,1555.0751,354.9213636363636,,9.01
1987-01,2743.3,111.4,56.0882,6.43,1574.4608,384.2271428571429,63.962,9.02
1987-02,2747.0,111.8,56.8275,6.1,1576.9748,411.71263157894737,64.421,9.05
1987-03,2753.5,112.2,56.9098,6.13,1585.6362,432.20454545454544,64.732,9.07
1987-04,2767.8,112.7,57.2701,6.37,1604.6863,422.7714285714286,65.13,9.08
1987-05,2773.7,113.0,57.6322,6.85,1609.2855,416.634,65.561,9.11
1987-06,2775.3,113.5,57.9307,6.73,1615.8067,423.6959090909091,66.069,9.11
1987-07,2779.0,113.8,58.3258,6.58,1619.4748,429.0068181818182,66.506,9.12
1987-08,2788.3,114.3,58.7636,6.73,1627.9242,448.3847619047619,66.938,9.18
1987-09,2799.6,114.7,58.9951,7.22,1647.3345,442.79857142857145,67.33,9.19
1987-10,2814.7,115.0,59.781,7.29,1661.6753,385.0536363636364,67.74,9.22
1987-11,2818.9,115.4,60.0726,6.69,1662.3077,318.75300000000004,68.105,9.27
1987-12,2826.7,115.6,60.4095,6.77,1672.2763,314.53818181818184,68.507,9.28
1988-01,2846.9,116.0,60.3976,6.83,1684.9423,339.279,68.858,9.29
1988-02,2869.6,116.2,60.7003,6.58,1695.4132,353.578,69.263,9.29
1988-03,2890.2,116.5,60.8501,6.58,1707.713,375.54304347826087,69.639,9.31
1988-04,2910.4,117.2,61.2031,6.87,1723.5284,377.2355,69.976,9.36
1988-05,2926.6,117.5,61.0797,7.09,1739.9735,371.8809523809524,70.424,9.41
1988-06,2939.0,118.0,61.2569,7.51,1754.0012,385.9818181818182,70.886,9.41
1988-07,2947.2,118.5,61.2659,7.75,1769.3032,391.4015,71.354,9.45
1988-08,2952.1,119.0,61.5731,8.01,1778.4754,379.60652173913047,71.797,9.46
1988-09,2957.2,119.5,61.3807,8.19,1784.7492,382.15666666666664,72.239,9.51
1988-10,2965.4,119.9,61.6453,8.3,1798.0641,385.00857142857143,72.636,9.56
1988-11,2980.3,120.3,61.7944,8.35,1809.0381,372.8914285714286,73.067,9.58
1988-12,2988.8,120.7,62.0743,8.76,1817.5449,375.78285714285715,73.464,9.6
1989-01,2991.2,121.2,62.2574,9.12,1826.9124,389.32095238095235,73.944,9.65
1989-02,2991.2,121.6,61.9819,9.36,1848.5754,404.0821052631579,74.38,9.68
1989-03,2998.9,122.2,62.1369,9.85,1853.6329,403.9959090909091,74.777,9.7
1989-04,3005.5,123.1,62.1276,9.84,1869.7527,417.13,75.084,9.75
1989-05,3012.1,123.7,61.7744,9.81,1884.2271,435.9931818181818,75.304,9.74
1989-06,3028.6,124.1,61.7697,9.53,1895.057,447.58272727272725,75.477,9.77
1989-07,3052.5,124.5,61.1738,9.24,1915.7361,446.6965,75.657,9.83
1989-08,3074.6,124.5,61.7732,8.99,1931.4019,461.8278260869566,75.832,9.83
1989-09,3092.9,124.8,61.5796,9.02,1943.5162,469.2785,76.053,9.87
1989-10,3114.3,125.4,61.4966,8.84,1956.7579,469.6809090909091,76.283,9.92
1989-11,3133.6,125.9,61.7044,8.55,1962.7605,454.6971428571428,76.512,9.93
1989-12,3153.4,126.3,62.0428,8.45,1967.206,449.01450000000006,76.705,9.98
1990-01,3166.3,127.5,61.729,8.23,1973.5365,439.3504545454545,76.896,10.02
1990-02,3178.2,128.0,62.2896,8.24,1983.7922,424.5242105263158,77.052,10.07
1990-03,3189.2,128.6,62.5999,8.28,1991.0147,436.0904545454545,77.2,10.11
1990-04,3201.2,128.9,62.4359,8.26,2000.1059,428.99300000000005,77.278,10.12
1990-05,3201.3,129.1,62.6258,8.18,2007.6046,442.5981818181818,77.297,10.16
1990-06,3214.6,129.9,62.8382,8.29,2015.9886,462.30619047619047,77.257,10.2
1990-07,3224.7,130.5,62.7284,8.15,2019.6316,455.8242857142857,77.141,10.22
1990-08,3242.1,131.6,62.9475,8.13,2028.0464,396.32260869565215,77.008,10.24
1990-09,3254.7,132.5,62.9523,8.2,2030.8738,368.5663157894737,76.849,10.27
1990-10,3259.2,133.4,62.5845,8.11,2040.0581,338.01347826086953,76.702,10.3
1990-11,3262.8,133.7,61.7887,7.81,2043.1019,347.6942857142857,76.362,10.32
1990-12,3272.5,134.2,61.3352,7.31,2052.3473,370.2125,76.184,10.34
1991-01,3287.4,134.7,61.1355,6.91,2047.0384,376.67227272727274,75.913,10.37
1991-02,3303.6,134.8,60.6838,6.25,2053.1876,442.58684210526314,75.732,10.39
1991-03,3321.0,134.8,60.3346,6.12,2057.6486,469.101,75.564,10.41
1991-04,3331.9,135.1,60.4938,5.91,2056.1183,496.3190909090909,75.564,10.46
1991-05,3343.6,135.6,61.0633,5.78,2054.0797,490.9336363636364,75.76,10.5
1991-06,3352.8,136.0,61.5581,5.9,2052.7989,490.375,75.992,10.51
1991-07,3356.2,136.2,61.7305,5.82,2043.429,489.36863636363637,76.081,10.54
1991-08,3355.0,136.6,61.7298,5.66,2035.783,513.2509090909091,76.104,10.56
1991-09,3355.0,137.0,62.2195,5.45,2035.7373,520.5595000000001,76.192,10.58
1991-10,3360.0,137.2,62.1855,5.21,2037.9514,528.9239130434783,76.074,10.59
1991-11,3365.8,137.8,62.0871,4.81,2039.2734,536.5835,76.005,10.61
1991-12,3373.0,138.2,61.7852,4.43,2043.0215,544.1009523809523,76.051,10.64
1992-01,3380.9,138.3,61.4616,4.03,2042.0329,615.7340909090909,76.088,10.64
1992-02,3399.3,138.6,61.8955,4.06,2039.5497,632.0484210526316,76.157,10.66
1992-03,3403.1,139.1,62.4232,3.98,2039.3051,619.5990909090909,76.278,10.68
1992-04,3399.2,139.4,62.897,3.73,2039.9623,582.7904761904762,76.346,10.72
1992-05,3399.1,139.7,63.104,3.82,2036.2076,581.473,76.398,10.74
1992-06,3394.0,140.1,63.1363,3.76,2031.2452,566.6586363636363,76.331,10.77
1992-07,3393.9,140.5,63.7176,3.25,2026.3405,568.7168181818182,76.267,10.78
1992-08,3398.7,140.8,63.3613,3.3,2024.3257,568.9971428571429,76.231,10.81
1992-09,3410.4,141.1,63.5703,3.22,2031.2831,580.6809523809524,76.239,10.83
1992-10,3423.9,141.7,63.9995,3.1,2031.0666,585.0118181818182,76.379,10.85
1992-11,3426.9,142.1,64.2422,3.09,2031.7398,630.8635,76.554,10.86
1992-12,3425.3,142.3,64.3507,2.92,2035.3736,661.2804545454545,76.675,10.9
1993-01,3418.9,142.8,64.5978,3.02,2035.7779,691.1345,76.783,10.93
1993-02,3413.8,143.1,64.9089,3.03,2036.0357,681.717894736842,76.836,10.95
1993-03,3410.9,143.3,64.8522,3.07,2035.7031,684.4908695652174,76.867,10.99
1993-04,3410.7,143.8,65.0301,2.96,2035.0588,665.3295238095238,76.936,10.99
1993-05,3437.5,144.2,64.784,3.0,2049.2563,686.451,77.036,11.01
1993-06,3442.7,144.3,64.9301,3.04,2058.3944,695.3827272727273,77.243,11.03
1993-07,3441.9,144.5,65.1052,3.06,2063.8794,703.395238095238,77.432,11.05
1993-08,3445.6,144.8,65.0267,3.03,2070.9361,725.1486363636363,77.614,11.07
1993-09,3452.6,145.0,65.3717,3.09,2074.6451,745.9433333333333,77.796,11.09
1993-10,3456.9,145.6,65.8509,2.99,2080.8218,771.3071428571429,77.944,11.13
1993-11,3470.7,146.0,66.1518,3.02,2089.8323,764.0385714285715,78.146,11.15
1993-12,3475.0,146.3,66.5436,2.96,2100.7667,762.944090909091,78.327,11.18
1994-01,3474.8,146.3,66.7351,3.05,2107.3748,787.7685714285714,78.59,11.2
1994-02,3475.1,146.7,66.774,3.25,2114.0274,787.8094736842106,78.726,11.25
1994-03,3479.2,147.1,67.4552,3.34,2128.8859,785.9252173913043,78.855,11.25
1994-04,3480.5,147.2,67.8541,3.56,2140.0927,732.2952631578947,78.987,11.27
1994-05,3491.4,147.5,68.1663,4.01,2149.3537,727.7642857142857,79.221,11.29
1994-06,3479.8,147.9,68.6265,4.25,2160.564,723.2095454545455,79.422,11.31
1994-07,3488.1,148.4,68.7178,4.26,2184.6243,713.49,79.596,11.34
1994-08,3485.6,149.0,69.1785,4.47,2203.982,738.8678260869565,79.781,11.36
1994-09,3486.7,149.3,69.3961,4.73,2219.0873,763.9380952380952,79.918,11.39
1994-10,3484.8,149.4,69.9544,4.76,2241.4611,762.4576190476191,80.065,11.42
1994-11,3487.8,149.8,70.4326,5.29,2260.2556,760.4190476190475,80.148,11.45
1994-12,3486.7,150.1,71.1523,5.45,2283.7474,734.9914285714285,80.296,11.48
1995-01,3492.2,150.5,71.2734,5.53,2310.3277,758.0123809523809,80.425,11.48
1995-02,3489.2,150.9,71.193,5.92,2331.5432,784.2436842105262,80.527,11.53
1995-03,3489.9,151.2,71.3113,5.98,2351.3926,807.1621739130435,80.598,11.55
1995-04,3498.2,151.8,71.1882,6.05,2369.5319,825.3384210526316,80.661,11.56
1995-05,3525.1,152.1,71.5378,6.01,2393.5337,859.7590909090909,80.703,11.59
1995-06,3549.4,152.4,71.7749,6.0,2413.6952,906.0354545454545,80.785,11.63
1995-07,3567.5,152.6,71.4748,5.85,2440.4306,979.3635,80.937,11.67
1995-08,3588.9,152.9,72.4223,5.74,2455.9729,1009.5860869565217,81.11,11.69
1995-09,3602.9,153.1,72.7144,5.8,2471.2399,1051.0,81.305,11.73
1995-10,3614.1,153.5,72.5866,5.76,2476.0739,1022.1372727272727,81.481,11.75
1995-11,3620.4,153.7,72.7779,5.8,2492.0681,1046.6366666666665,81.618,11.78
1995-12,3629.8,153.9,73.0305,5.6,2508.1166,1047.035,81.735,11.81
1996-01,3647.4,154.7,72.6125,5.56,2527.2302,1024.9454545454546,81.834,11.86
1996-02,3660.8,155.0,73.6752,5.22,2533.698,1094.0165,81.953,11.87
1996-03,3685.4,155.5,73.585,5.31,2545.8816,1092.6471428571429,82.194,11.89
1996-04,3696.4,156.1,74.3172,5.22,2564.1743,1135.6280952380953,82.419,11.96
1996-05,3710.7,156.4,74.8726,5.24,2567.7148,1220.5404545454546,82.607,11.98
1996-06,3723.3,156.7,75.4433,5.27,2583.1695,1205.0755000000001,82.751,12.03
1996-07,3737.5,157.0,75.4549,5.4,2588.0772,1105.6127272727272,82.928,12.05
1996-08,3744.1,157.2,75.8411,5.22,2602.2571,1134.245909090909,83.085,12.09
1996-09,3754.2,157.7,76.3158,5.3,2625.1635,1186.442,83.256,12.13
1996-10,3773.4,158.2,76.3384,5.24,2654.1487,1234.0421739130436,83.376,12.16
1996-11,3795.5,158.7,77.0397,5.31,2671.0588,1259.831,83.551,12.2
1996-12,3818.7,159.1,77.5333,5.29,2694.7384,1292.1509523809523,83.72,12.24
1997-01,3834.0,159.4,77.6562,5.25,2712.6619,1345.4199999999998,83.954,12.29
1997-02,3845.0,159.7,78.5833,5.19,2726.5021,1349.17,84.179,12.31
1997-03,3859.5,159.8,79.082,5.39,2745.8764,1282.8555000000001,84.45,12.35
1997-04,3875.8,159.9,79.1747,5.51,2771.1641,1225.0036363636364,84.621,12.39
1997-05,3890.5,159.9,79.6133,5.5,2798.0794,1352.5590476190475,84.86,12.43
1997-06,3907.1,160.2,79.9792,5.56,2818.955,1422.452857142857,85.08,12.46
1997-07,3924.9,160.4,80.6624,5.52,2834.9754,1531.1413636363636,85.331,12.5
1997-08,3957.7,160.8,81.4694,5.54,2851.7324,1596.7419047619048,85.573,12.57
1997-09,3973.7,161.2,82.2156,5.54,2864.9687,1660.1490476190475,85.851,12.6
1997-10,3992.7,161.5,82.9446,5.5,2872.1234,1682.2747826086957,86.147,12.66
1997-11,4015.0,161.7,83.5978,5.52,2885.74,1600.9747368421054,86.633,12.71
1997-12,4033.0,161.8,83.9538,5.5,2900.507,1566.9968181818183,87.093,12.75
1998-01,4055.2,162.0,84.3218,5.56,2918.8964,1570.2345,87.616,12.79
1998-02,4087.3,162.0,84.4583,5.51,2940.4026,1714.872105263158,88.004,12.83
1998-03,4112.4,162.0,84.488,5.49,2964.7357,1781.2695454545456,88.443,12.87
1998-04,4138.9,162.2,84.7779,5.45,2984.5789,1852.3000000000002,88.879,12.92
1998-05,4165.9,162.6,85.3367,5.49,2992.9805,1836.3925,89.364,12.96
1998-06,4185.6,162.8,84.8248,5.56,3014.3184,1795.7445454545452,89.843,12.99
1998-07,4205.4,163.2,84.4986,5.54,3023.4649,1941.5768181818182,90.308,13.0
1998-08,4229.3,163.4,86.248,5.55,3049.6741,1784.7504761904763,90.784,13.07
1998-09,4268.3,163.5,86.2021,5.51,3070.534,1663.4271428571428,91.257,13.11
1998-10,4308.2,163.9,86.7914,5.07,3101.1685,1615.6945454545455,91.715,13.14
1998-11,4346.8,164.1,86.7256,4.83,3135.0401,1888.721,92.198,13.17
1998-12,4375.5,164.4,87.1185,4.68,3143.4665,2071.0327272727272,92.711,13.21
1999-01,4401.7,164.7,87.4949,4.63,3150.2754,2357.7999999999997,93.207,13.27
1999-02,4423.7,164.7,88.027,4.76,3147.0099,2356.9884210526316,93.671,13.3
1999-03,4430.1,164.8,88.2267,4.81,3161.9932,2391.14,94.216,13.34
1999-04,4459.9,165.9,88.4295,4.74,3176.3178,2537.8866666666668,94.785,13.38
1999-05,4487.9,166.0,88.9886,4.74,3181.86,2512.5950000000003,95.344,13.42
1999-06,4510.1,166.0,88.9188,4.76,3203.204,2520.9586363636367,95.974,13.47
1999-07,4537.6,166.7,89.4333,4.99,3212.4206,2741.2638095238094,96.591,13.51
1999-08,4553.6,167.1,89.7924,5.07,3229.6162,2642.449090909091,97.218,13.53
1999-09,4569.5,167.8,89.4299,5.22,3255.6033,2807.9466666666667,97.862,13.61
1999-10,4592.9,168.1,90.523,5.2,3277.9086,2815.2766666666666,98.522,13.64
1999-11,4611.9,168.4,90.9618,5.42,3319.5761,3230.5485714285714,99.153,13.66
1999-12,4639.1,168.8,91.6634,5.3,3360.5506,3739.8786363636364,99.843,13.7
2000-01,4666.1,169.3,91.538,5.45,3392.7073,4013.494,100.551,13.74
2000-02,4678.7,170.0,91.8239,5.73,3422.095,4410.871,101.339,13.8
2000-03,4709.1,171.0,92.1504,5.85,3461.9506,4802.988260869565,102.126,13.85
2000-04,4766.4,170.9,92.6989,6.02,3498.1669,3863.6373684210525,102.922,13.89
2000-05,4757.5,171.2,92.9499,6.27,3541.4884,3528.416818181818,103.677,13.93
2000-06,4775.8,172.2,92.9862,6.53,3575.0938,3865.4768181818185,104.425,13.98
2000-07,4793.4,172.7,92.8048,6.54,3598.4193,4017.685,105.055,14.02
2000-08,4820.4,172.7,92.5521,6.5,3625.7624,3909.596956521739,105.769,14.07
2000-09,4855.9,173.6,92.9792,6.52,3643.9728,3875.822,106.539,14.13
2000-10,4871.4,173.9,92.6179,6.51,3650.2229,3333.8245454545454,107.383,14.17
2000-11,4882.6,174.2,92.6438,6.51,3668.8829,3055.4152380952382,108.303,14.23
2000-12,4927.3,174.6,92.3415,6.4,3691.5745,2657.8075,109.142,14.29
2001-01,4976.8,175.6,91.902,5.98,3710.7715,2656.864285714286,109.847,14.29
2001-02,5014.9,176.0,91.3034,5.49,3723.4641,2449.5694736842106,110.501,14.36
2001-03,5072.2,176.1,91.1162,5.31,3735.9967,1986.663181818182,111.109,14.42
2001-04,5137.9,176.4,90.7891,4.8,3749.7553,1933.9279999999999,111.652,14.44
2001-05,5139.1,177.3,90.3555,4.21,3759.3928,2181.1286363636364,112.164,14.5
2001-06,5182.3,177.7,89.8784,3.97,3749.2273,2112.052857142857,112.795,14.54
2001-07,5212.0,177.4,89.3028,3.77,3738.2584,2033.9785714285715,113.492,14.55
2001-08,5244.4,177.4,89.2003,3.65,3724.6423,1929.712608695652,114.168,14.6
2001-09,5355.9,178.1,88.7485,3.07,3787.6489,1573.3100000000002,114.812,14.62
2001-10,5344.0,177.6,88.5052,2.49,3741.5519,1656.428260869565,115.31,14.66
2001-11,5387.5,177.5,87.97,2.09,3754.3092,1870.0623809523809,115.856,14.72
2001-12,5440.1,177.4,87.9324,1.82,3764.0116,1977.7105,116.454,14.74
2002-01,5459.6,177.7,88.5176,1.73,3745.8978,1976.7685714285715,117.143,14.76
2002-02,5488.4,178.0,88.5278,1.74,3757.5339,1799.7189473684211,117.845,14.78
2002-03,5499.8,178.5,89.1686,1.73,3753.6718,1863.0455000000002,118.688,14.82
2002-04,5501.3,179.3,89.604,1.75,3754.8426,1758.8022727272728,119.612,14.84
2002-05,5530.1,179.5,89.964,1.75,3748.7744,1660.310909090909,120.724,14.88
2002-06,5555.3,179.6,90.7061,1.75,3768.5711,1505.4875,121.813,14.93
2002-07,5597.6,180.0,90.6769,1.73,3779.8258,1346.0854545454547,122.888,14.97
2002-08,5638.5,180.5,90.5762,1.74,3815.0922,1327.3604545454546,123.832,15.02
2002-09,5662.9,180.8,90.6531,1.75,3854.5881,1251.069,124.781,15.05
2002-10,5707.3,181.2,90.4643,1.75,3905.3667,1241.9117391304349,125.736,15.12
2002-11,5758.0,181.5,90.9711,1.34,3939.6867,1409.1515,126.671,15.15
2002-12,5779.0,181.8,90.4652,1.24,3969.4309,1387.1519047619047,127.625,15.2
2003-01,5811.1,182.6,91.2361,1.24,3980.3995,1390.3542857142857,128.462,15.21
2003-02,5846.8,183.6,91.3445,1.26,4002.1373,1312.0521052631577,129.356,15.28
2003-03,5866.3,183.9,91.1044,1.25,4016.6466,1349.499523809524,130.148,15.27
2003-04,5904.9,183.2,90.5617,1.26,4046.9512,1411.222380952381,130.884,15.28
2003-05,5967.0,182.9,90.537,1.26,4075.516,1525.412380952381,131.735,15.33
2003-06,6003.9,183.1,90.6527,1.22,4093.41,1630.2038095238095,132.649,15.36
2003-07,6050.4,183.7,91.1185,1.01,4129.4259,1715.9859090909092,133.776,15.4
2003-08,6107.0,184.5,90.9197,1.03,4161.8539,1726.622380952381,134.967,15.42
2003-09,6080.0,185.1,91.5059,1.01,4160.257,1856.017142857143,136.294,15.42
2003-10,6070.2,184.9,91.6186,1.01,4118.2623,1905.8708695652174,137.532,15.42
2003-11,6075.5,185.0,92.2329,1.0,4124.8665,1937.8647368421052,138.795,15.46
2003-12,6073.5,185.5,92.2602,0.98,4168.3064,1953.8731818181818,140.18,15.47
2004-01,6081.3,186.3,92.4006,1.0,4202.5037,2096.173,141.646,15.51
2004-02,6120.7,186.7,92.958,1.01,4232.8249,2048.337894736842,143.192,15.53
2004-03,6156.3,187.1,92.5861,1.0,4267.9962,1979.614347826087,145.058,15.56
2004-04,6198.5,187.4,92.93,1.0,4323.5915,2018.8823809523808,146.593,15.59
2004-05,6277.2,188.2,93.6013,1.0,4371.978,1930.2175,148.186,15.63
2004-06,6279.3,188.9,92.871,1.03,4405.826,2002.0847619047618,149.851,15.67
2004-07,6292.3,189.1,93.5649,1.26,4432.9415,1912.7214285714285,151.338,15.69
2004-08,6317.7,189.2,93.6277,1.43,4463.5168,1821.8913636363636,152.633,15.73
2004-09,6352.3,189.8,93.7467,1.61,4505.0234,1884.7304761904763,154.179,15.78
2004-10,6379.9,190.8,94.5465,1.76,4536.9126,1938.2523809523811,155.75,15.81
2004-11,6406.3,191.7,94.7813,1.93,4579.9728,2062.87,157.527,15.84
2004-12,6424.3,191.7,95.5365,2.16,4628.3987,2149.531363636364,159.329,15.86
2005-01,6429.9,191.6,95.8801,2.28,4681.5147,2071.8715,161.288,15.9
2005-02,6437.7,192.4,96.5761,2.5,4718.753,2065.735789473684,163.345,15.93
2005-03,6446.6,193.1,96.4456,2.63,4780.1117,2030.4336363636364,165.814,15.97
2005-04,6461.4,193.7,96.6532,2.79,4823.3149,1957.492857142857,167.503,16.01
2005-05,6480.6,193.6,96.7402,3.0,4849.0435,2005.2171428571428,169.353,16.04
2005-06,6513.2,193.7,97.1753,3.04,4901.546,2074.0745454545454,171.192,16.08
2005-07,6545.1,194.9,96.8676,3.26,4975.9906,2145.139,172.861,16.15
2005-08,6576.7,196.1,97.1833,3.5,5039.3774,2157.953913043478,174.442,16.17
2005-09,6610.2,198.8,95.3005,3.62,5077.7638,2144.667619047619,176.439,16.19
2005-10,6644.0,199.1,96.4572,3.78,5112.2015,2087.1957142857145,178.029,16.28
2005-11,6660.6,198.1,97.5414,4.0,5158.0869,2202.8571428571427,179.683,16.3
2005-12,6687.4,198.1,98.0452,4.16,5214.3094,2246.087142857143,180.911,16.36
2006-01,6728.4,199.3,98.1999,4.29,5250.0406,2289.9915,182.321,16.42
2006-02,6753.1,199.4,98.2413,4.49,5289.2187,2273.666315789474,183.287,16.48
2006-03,6766.9,199.7,98.4628,4.59,5338.7429,2300.2556521739134,184.364,16.54
2006-04,6806.3,200.7,98.7618,4.79,5396.6884,2338.677368421053,184.33,16.63
2006-05,6815.7,201.3,98.7869,4.94,5459.8126,2245.281818181818,184.157,16.65
2006-06,6854.0,201.8,99.0997,4.99,5502.7408,2137.413636363636,183.508,16.72
2006-07,6896.1,202.9,99.0489,5.24,5540.1295,2086.2075,183.066,16.78
2006-08,6926.4,203.8,99.4836,5.25,5581.7132,2117.7708695652177,182.592,16.82
2006-09,6952.8,202.8,99.3183,5.25,5607.09,2221.939,182.797,16.87
2006-10,7002.1,201.9,99.2044,5.25,5733.9842,2330.1745454545453,183.197,16.93
2006-11,7037.3,202.0,99.1627,5.25,5777.8326,2408.7,183.607,16.98
2006-12,7079.3,203.1,100.1735,5.24,5847.5323,2431.9080000000004,184.137,17.05
2007-01,7115.6,203.437,99.8346,5.25,5882.8707,2453.187,184.514,17.09
2007-02,7131.9,204.226,100.7753,5.26,5925.1435,2479.8642105263157,184.595,17.16
2007-03,7164.7,205.288,100.9547,5.26,5874.9242,2401.490909090909,184.147,17.22
2007-04,7239.9,205.904,101.6334,5.25,5926.7981,2499.568,183.008,17.27
2007-05,7257.1,206.755,101.7306,5.25,5972.5072,2562.140909090909,181.6,17.34
2007-06,7290.6,207.234,101.7893,5.25,6027.2574,2595.3961904761904,180.252,17.41
2007-07,7321.8,207.603,101.6672,5.26,6085.1182,2655.0761904761903,179.109,17.46
2007-08,7397.0,207.667,101.863,5.02,6172.0188,2539.498695652174,178.115,17.5
2007-09,7413.8,208.547,102.0894,4.94,6263.2721,2634.47,177.556,17.55
2007-10,7429.0,209.19,101.8015,4.76,6344.3089,2780.415652173913,176.622,17.58
2007-11,7454.0,210.834,102.3446,4.49,6412.0819,2662.802380952381,175.145,17.63
2007-12,7482.7,211.445,102.3803,4.24,6468.0594,2661.5485,174.339,17.68
2008-01,7513.6,212.174,102.2448,3.94,6523.1951,2418.09380952381,173.131,17.74
2008-02,7600.3,212.687,101.8438,2.98,6562.4532,2325.8255,171.539,17.8
2008-03,7664.9,213.448,101.5336,2.61,6610.5893,2254.818,170.05,17.87
2008-04,7711.4,213.942,100.8785,2.28,6634.2128,2368.0995454545455,168.332,17.92
2008-05,7728.3,215.208,100.2674,1.98,6624.8102,2483.2409523809524,166.653,17.98
2008-06,7747.3,217.463,100.0335,2.0,6611.1594,2427.4542857142856,165.012,18.04
2008-07,7794.9,219.016,99.676,2.01,6627.5689,2278.137272727273,163.562,18.1
2008-08,7808.8,218.69,98.1111,2.0,6636.5542,2389.267142857143,161.984,18.18
2008-09,7873.6,218.877,93.7895,1.81,6740.2185,2205.658095238095,160.305,18.2
2008-10,7976.3,216.995,94.7219,0.97,6991.7194,1730.3195652173913,158.325,18.25
2008-11,8027.8,213.153,93.4715,0.39,6958.7555,1542.6957894736843,156.14,18.31
2008-12,8203.0,211.398,90.8357,0.16,6934.348,1525.8904545454543,153.617,18.39
2009-01,8284.2,211.933,88.57,0.15,6898.6735,1537.2005,151.505,18.39
2009-02,8314.7,212.705,88.031,0.22,6909.6133,1485.9768421052631,150.012,18.44
2009-03,8380.5,212.495,86.6528,0.18,6859.6585,1432.233181818182,148.657,18.49
2009-04,8390.2,212.709,85.9344,0.15,6830.4941,1641.147619047619,147.947,18.52
2009-05,8452.9,213.022,85.0665,0.18,6848.3417,1726.0775,147.692,18.53
2009-06,8462.9,214.79,84.7459,0.21,6784.0178,1826.9881818181818,148.087,18.56
2009-07,8467.3,214.726,85.7027,0.16,6707.568,1873.8377272727273,148.406,18.59
2009-08,8466.2,215.445,86.6426,0.16,6633.813,1997.1552380952382,148.275,18.67
2009-09,8462.7,215.861,87.4063,0.15,6550.3568,2084.747142857143,148.023,18.7
2009-10,8489.2,216.509,87.6419,0.12,6475.9244,2122.8495454545455,147.849,18.74
2009-11,8517.9,217.234,88.0221,0.12,6517.6925,2143.5325000000003,148.135,18.8
2009-12,8510.6,217.347,88.3793,0.12,6452.9699,2220.6,147.931,18.84
2010-01,8473.1,217.488,89.3426,0.11,6385.4798,2267.7747368421055,147.396,18.88
2010-02,8523.4,217.281,89.6779,0.13,6320.1375,2194.44,145.632,18.91
2010-03,8519.0,217.353,90.2928,0.16,6381.943,2362.243913043478,145.857,18.92
2010-04,8554.3,217.403,90.5991,0.2,6703.7743,2475.7200000000003,146.398,18.96
2010-05,8612.0,217.29,91.823,0.2,6665.1385,2319.239,146.387,19.01
2010-06,8631.0,217.199,91.9928,0.18,6638.4736,2235.2295454545456,145.714,19.03
2010-07,8642.3,217.605,92.3421,0.18,6613.7587,2210.2738095238096,144.983,19.04
2010-08,8690.5,217.923,92.6805,0.19,6605.8982,2205.281363636364,143.909,19.11
2010-09,8719.6,218.275,92.9537,0.19,6575.5627,2298.3461904761903,143.013,19.11
2010-10,8769.8,219.035,92.6903,0.19,6559.607,2441.2957142857144,142.523,19.21
2010-11,8790.3,219.59,92.7709,0.19,6557.9856,2530.9895238095237,142.163,19.21
2010-12,8822.0,220.472,93.6787,0.18,6551.9785,2631.560454545455,142.05,19.23
2011-01,8844.5,221.187,93.4814,0.17,6522.7142,2717.2084999999997,141.512,19.33
2011-02,8909.9,221.898,93.1102,0.16,6495.067,2783.5357894736844,140.339,19.31
2011-03,8967.7,223.046,94.0788,0.14,6479.4092,2722.2891304347827,139.971,19.3
2011-04,9033.6,224.093,93.7749,0.1,6485.7628,2797.0715,140.003,19.36
2011-05,9109.4,224.806,93.888,0.09,6489.2109,2815.075714285714,139.901,19.41
2011-06,9184.2,224.806,94.172,0.09,6496.9777,2687.7627272727273,139.857,19.41
2011-07,9346.9,225.395,94.636,0.07,6514.6925,2810.5755,139.727,19.48
2011-08,9532.5,226.106,95.2749,0.1,6535.8019,2504.623043478261,139.304,19.47
2011-09,9553.3,226.597,95.1961,0.08,6542.7661,2524.1361904761907,138.66,19.49
2011-10,9586.2,226.75,95.8568,0.07,6572.1369,2594.7819047619046,137.94,19.56
2011-11,9639.5,227.169,95.8485,0.08,6602.4537,2606.289047619048,137.137,19.56
2011-12,9683.5,227.223,96.3571,0.07,6611.3505,2601.67,136.659,19.57
2012-01,9753.3,227.842,96.9318,0.08,6650.4853,2743.795,136.595,19.59
2012-02,9806.3,228.329,97.2435,0.1,6703.9958,2928.9805,136.522,19.58
2012-03,9849.3,228.807,96.74,0.13,6714.4472,3035.915909090909,137.893,19.64
2012-04,9905.0,229.187,97.4359,0.14,6739.7071,3035.1014999999998,139.143,19.68
2012-05,9951.9,228.713,97.6609,0.16,6764.7214,2900.409090909091,140.143,19.68
2012-06,10023.7,228.524,97.6663,0.16,6780.6681,2850.3547619047617,141.019,19.71
2012-07,10076.0,228.59,97.8713,0.16,6791.5688,2920.1166666666663,141.658,19.75
2012-08,10147.8,229.918,97.4525,0.13,6813.5424,3032.6665217391305,142.269,19.74
2012-09,10228.4,231.015,97.381,0.14,6828.3726,3136.8026315789475,142.897,19.79
2012-10,10294.4,231.638,97.7193,0.16,6836.3137,3060.2619047619046,143.59,19.79
2012-11,10365.6,231.249,98.0777,0.16,6872.0741,2941.015238095238,144.574,19.84
2012-12,10485.4,231.221,98.3101,0.16,6889.6867,3003.792,145.492,19.9
2013-01,10502.3,231.679,98.3342,0.14,6923.1585,3125.913333333334,146.816,19.93
2013-02,10523.0,232.937,98.7941,0.15,6941.1362,3169.213157894737,147.772,19.99
2013-03,10578.7,232.282,99.1921,0.14,6944.2664,3236.167,149.951,20.01
2013-04,10608.9,231.797,99.1065,0.15,6972.6471,3251.3518181818185,151.508,20.04
2013-05,10646.5,231.893,99.1839,0.11,6980.4052,3440.3754545454544,152.839,20.05
2013-06,10705.6,232.445,99.3897,0.09,7001.8173,3416.7415,154.189,20.13
2013-07,10743.0,232.9,99.0814,0.09,7014.6652,3559.710909090909,155.595,20.14
2013-08,10803.6,233.456,99.6543,0.08,7015.4705,3639.928636363636,156.952,20.17
2013-09,10865.8,233.544,100.161,0.08,7036.7994,3731.262,158.214,20.23
2013-10,10989.2,233.669,100.082,0.09,7061.8208,3848.202173913043,159.233,20.25
2013-11,10999.8,234.1,100.3158,0.08,7081.9317,3957.5325,160.069,20.31
2013-12,11062.4,234.719,100.5175,0.09,7102.3075,4075.884761904762,160.99,20.34
2014-01,11127.5,235.288,100.1599,0.07,7127.5076,4154.360952380953,161.92,20.39
2014-02,11191.9,235.547,100.9168,0.07,7188.8432,4199.451052631579,162.516,20.51
2014-03,11228.8,236.028,101.8942,0.08,7236.6876,4276.359047619048,163.073,20.5
2014-04,11276.0,236.468,101.9928,0.09,7274.9703,4119.30619047619,163.376,20.51
2014-05,11343.1,236.918,102.3836,0.09,7314.2666,4135.374285714286,163.641,20.53
2014-06,11398.4,237.231,102.735,0.1,7361.5236,4332.738571428571,164.046,20.6
2014-07,11452.5,237.498,102.9632,0.09,7401.0189,4434.125909090909,164.571,20.61
2014-08,11477.8,237.46,102.7688,0.09,7450.2766,4464.830952380952,165.196,20.66
2014-09,11520.7,237.477,103.0641,0.09,7480.448,4551.5861904761905,165.888,20.66
2014-10,11596.5,237.43,103.0764,0.09,7503.7723,4403.23,166.626,20.7
2014-11,11638.9,236.983,103.7126,0.09,7551.8493,4687.702105263158,167.32,20.77
2014-12,11721.2,236.252,103.7044,0.12,7603.4186,4732.701363636364,168.036,20.71
2015-01,11806.2,234.747,102.8905,0.11,7662.7002,4673.7015,168.611,20.8
2015-02,11920.7,235.342,102.2335,0.11,7715.7701,4854.255789473685,169.104,20.84
2015-03,11919.1,235.976,101.8914,0.11,7794.2134,4938.010454545454,169.776,20.91
2015-04,11953.4,236.222,101.3355,0.12,7841.539,4985.951428571429,170.279,20.92
2015-05,11981.9,237.001,100.8883,0.12,7881.4121,5029.431500000001,170.862,20.98
2015-06,12020.9,237.657,100.571,0.13,7932.5443,5073.041818181818,171.45,21.0
2015-07,12063.5,238.034,101.2228,0.13,7967.5663,5082.8099999999995,172.128,21.03
2015-08,12110.1,238.033,101.0367,0.14,8018.0983,4934.622857142857,172.906,21.11
2015-09,12172.7,237.498,100.7547,0.14,8065.268,4748.004285714285,173.798,21.09
2015-10,12228.4,237.733,100.2675,0.12,8116.4317,4879.0368181818185,174.762,21.19
2015-11,12322.7,238.017,99.5298,0.12,8175.9527,5082.5075,175.708,21.21
2015-12,12393.6,237.761,99.0417,0.24,8229.0044,5040.54,176.516,21.23
2016-01,12522.2,237.652,99.5607,0.34,8285.3396,4610.7142105263165,177.244,21.31
2016-02,12604.4,237.336,99.0445,0.38,8346.805,4463.206,177.625,21.33
2016-03,12662.2,238.08,98.3096,0.36,8418.8765,4754.479090909091,178.141,21.39
2016-04,12741.9,238.992,98.6421,0.37,8470.5166,4892.1695238095235,178.74,21.46
2016-05,12800.7,239.557,98.4184,0.37,8525.4544,4788.235238095238,179.399,21.48
2016-06,12849.3,240.222,98.8833,0.38,8573.1484,4856.232272727273,180.058,21.52
2016-07,12907.3,240.101,98.9992,0.39,8617.7751,5023.989,180.835,21.58
2016-08,12986.7,240.545,98.85,0.4,8641.3063,5217.038260869565,181.823,21.6
2016-09,13052.7,241.176,98.7457,0.4,8689.1065,5254.154285714286,182.796,21.62
2016-10,13124.5,241.741,98.7611,0.4,8738.9262,5255.989047619048,183.72,21.71
2016-11,13214.2,242.026,98.3491,0.41,8762.2071,5260.565238095238,184.728,21.71
2016-12,13240.6,242.637,99.0214,0.54,8762.0982,5413.116666666667,185.696,21.76
2017-01,13318.9,243.618,98.7611,0.65,8787.0929,5561.4235,186.774,21.82
2017-02,13395.2,244.006,98.3646,0.66,8806.4326,5764.702105263158,187.289,21.85
2017-03,13464.6,243.892,99.0137,0.79,8807.3989,5864.963913043479,187.968,21.88
2017-04,13520.3,244.193,100.0224,0.9,8838.2579,5912.169473684211,188.698,21.94
2017-05,13567.4,244.004,100.1408,0.91,8869.9428,6124.878181818182,189.585,21.97
2017-06,13577.0,244.163,100.3471,1.04,8886.1942,6224.28590909091,190.464,22.02
2017-07,13638.5,244.243,100.1068,1.15,8926.7819,6294.674,191.435,22.07
2017-08,13695.0,245.183,99.6925,1.16,8956.1151,6311.397391304348,192.621,22.1
2017-09,13743.0,246.435,99.7954,1.15,8998.0332,6428.079,193.714,22.18
2017-10,13801.5,246.626,101.0247,1.15,9055.748,6603.011363636364,194.76,22.18
2017-11,13849.1,247.284,101.2664,1.16,9087.0368,6796.0428571428565,195.91,22.22
2017-12,13887.3,247.805,101.4644,1.3,9110.8665,6889.7405,197.137,22.29
2018-01,13902.4,248.859,101.4625,1.41,9142.9421,7279.498095238095,198.278,22.36
2018-02,13949.8,249.529,101.7085,1.42,9170.6329,7161.772631578947,199.204,22.41
2018-03,14014.5,249.577,102.2067,1.51,9198.6133,7311.505714285714,199.94,22.49
2018-04,14034.8,250.227,103.3329,1.69,9281.9615,7084.14238095238,200.628,22.55
2018-05,14091.0,250.792,102.4024,1.7,9298.7803,7339.327272727273,201.39,22.6
2018-06,14133.2,251.018,103.198,1.82,9344.1906,7645.138571428572,202.161,22.66
2018-07,14170.0,251.214,103.3646,1.91,9373.5685,7756.86380952381,202.874,22.7
2018-08,14221.3,251.663,104.0327,1.91,9392.5995,7892.23347826087,203.634,22.78
2018-09,14243.9,252.182,104.1004,1.95,9435.5738,7983.307368421052,204.294,22.86
2018-10,14257.6,252.772,103.9856,2.19,9479.9428,7527.083913043478,205.063,22.89
2018-11,14288.4,252.594,104.0681,2.2,9513.9377,7236.081428571428,205.637,23.0
2018-12,14392.0,252.767,104.0936,2.27,9577.9845,6814.291578947368,206.131,23.11
2019-01,14460.2,252.561,103.4021,2.4,9641.5596,6979.655714285714,206.515,23.13
2019-02,14506.6,253.319,102.8371,2.4,9678.9249,7430.077368421053,206.83,23.19
2019-03,14559.5,254.277,102.8757,2.41,9703.198,7629.366666666667,207.046,23.29
2019-04,14594.0,255.233,102.274,2.42,9718.9266,7993.368772727274,207.498,23.33
2019-05,14703.2,255.296,102.392,2.39,9767.0101,7804.820909090909,208.105,23.4
2019-06,14798.8,255.213,102.4375,2.38,9806.3111,7825.459,208.545,23.48
2019-07,14882.7,255.802,101.9408,2.4,9834.9994,8205.598636363635,209.205,23.53
2019-08,14974.4,256.036,102.639,2.13,9881.3457,7910.933181818182,210.012,23.61
2019-09,15047.2,256.43,102.2917,2.04,9914.8111,8087.6995,210.82,23.68
2019-10,15185.6,257.155,101.4281,1.83,9955.2632,8079.2739130434775,211.717,23.75
2019-11,15301.3,257.879,101.9372,1.55,9992.7868,8517.5775,212.755,23.83
2019-12,15351.5,258.63,101.7003,1.55,10030.8691,8778.591428571428,213.917,23.85
2020-01,15425.0,259.127,101.0338,1.55,10048.8485,9233.359523809524,214.996,23.91
2020-02,15492.8,259.25,101.3735,1.58,10081.0425,9418.848947368422,215.842,24.03
2020-03,16034.4,258.076,97.4078,0.65,10420.9148,7772.205909090909,216.39,24.12
2020-04,17064.0,256.032,84.5619,0.05,10783.914,8292.407142857142,216.793,25.14
2020-05,17931.9,255.802,85.9604,0.05,10834.0454,9105.655499999999,216.919,24.98
2020-06,18180.0,257.042,91.5934,0.08,10685.4301,9839.97,217.462,24.78
2020-07,18331.4,258.352,95.0256,0.09,10603.3784,10499.862727272728,219.242,24.69
2020-08,18413.3,259.316,95.9549,0.1,10552.1951,11212.290476190476,222.275,24.8
2020-09,18605.0,259.997,95.9669,0.09,10508.5756,11088.740476190476,225.727,24.82
2020-10,18759.9,260.319,96.7394,0.09,10442.5504,11435.292727272727,229.657,24.84
2020-11,19002.4,260.911,97.0816,0.09,10384.4311,11794.5155,233.207,24.94
2020-12,19119.4,262.045,98.363,0.09,10341.5653,12619.050909090909,236.521,25.16
2021-01,19375.3,262.687,98.8822,0.09,10330.6542,13186.605789473684,239.617,25.16
2021-02,19641.4,263.579,95.6149,0.08,10371.613,13737.404736842105,242.328,25.25
2021-03,19874.5,264.961,98.3856,0.07,10371.2173,13168.811304347824,245.418,25.33
2021-04,20174.1,266.614,98.5587,0.07,10343.3889,13900.438095238096,249.0,25.52
2021-05,20457.5,268.383,99.4333,0.06,10365.9692,13520.229000000001,253.248,25.68
2021-06,20472.7,270.654,99.7987,0.08,10342.8485,14097.16909090909,258.07,25.82
2021-07,20630.0,271.903,100.2519,0.1,10374.0626,14639.072857142855,262.549,25.97
2021-08,20844.0,272.676,100.0437,0.09,10418.0356,14856.517727272729,266.635,26.12
2021-09,20985.4,273.91,98.8579,0.08,10452.792,15023.538571428571,270.208,26.3
2021-10,21164.2,276.55,100.1861,0.08,10507.3289,14879.012380952381,273.619,26.45
2021-11,21340.9,278.919,100.8654,0.08,10588.2712,15814.932857142858,277.302,26.56
2021-12,21502.8,280.845,100.5726,0.08,10711.4919,15474.431818181818,281.506,26.76
2022-01,21647.4,282.543,100.1856,0.08,10787.8224,14531.377499999999,286.069,26.91
2022-02,21725.6,284.5,100.8064,0.08,10843.8911,13898.728421052632,291.041,26.97
2022-03,21788.1,287.674,101.3907,0.2,10963.0178,13623.26304347826,296.254,27.1
2022-04,21768.4,288.561,101.44,0.33,11079.2319,13394.163,300.279,27.28
2022-05,21718.0,291.298,101.3335,0.77,11219.5673,11829.729523809525,303.276,27.4
2022-06,21647.0,294.957,101.018,1.21,11368.7925,11418.919047619047,304.148,27.52
2022-07,21649.2,294.913,101.223,1.68,11482.658,11622.6315,303.376,27.66
2022-08,21641.9,295.097,101.0963,2.33,11587.9008,12570.260434782609,301.126,27.75
2022-09,21541.3,296.349,101.2918,2.56,11682.0192,11402.85,299.126,27.87
2022-10,21464.2,298.007,101.2529,3.08,11790.7689,10801.494285714285,298.759,27.99
2022-11,21409.5,298.786,100.9552,3.78,11875.8993,10973.638095238095,298.411,28.11
2022-12,21293.2,298.832,99.7664,4.1,11991.3301,10838.995714285715,297.68,28.22
2023-01,21274.0,300.42,100.505,4.33,12044.3914,11013.991,297.287,28.31
2023-02,21240.2,301.45,100.6416,4.57,12095.1921,11785.074210526316,297.572,28.42
2023-03,20942.3,301.821,101.0205,4.65,12111.9332,11637.092173913043,298.665,28.56
2023-04,20758.2,302.845,101.253,4.83,12092.0233,12073.464736842105,300.074,28.7
2023-05,20829.4,303.334,100.9286,5.06,12113.2495,12446.530454545455,302.064,28.78
2023-06,20798.9,304.014,100.1196,5.08,12094.7436,13463.77761904762,304.155,28.89
2023-07,20792.2,304.609,100.9067,5.12,12118.1399,14033.091,306.563,29.01
2023-08,20782.0,306.082,100.8393,5.33,12173.5897,13739.49652173913,309.217,29.06
2023-09,20753.6,307.276,101.0211,5.33,12211.1484,13585.8415,311.332,29.18
2023-10,20737.4,307.696,100.4689,5.33,12259.3932,13199.427727272727,313.228,29.26
2023-11,20749.7,308.148,100.8639,5.33,12267.02,13913.160476190476,314.02,29.37
2023-12,20779.9,308.741,100.6031,5.33,12271.351,14690.492999999999,314.766,29.47
2024-01,20835.5,309.698,99.2223,5.33,12299.2745,15081.388095238097,315.754,29.61
2024-02,20921.7,310.967,100.285,5.33,12337.1381,15808.935000000001,316.987,29.66
2024-03,20965.9,312.345,100.4575,5.33,12342.3642,16216.295500000002,318.121,29.78
2024-04,20955.4,313.023,100.2434,5.33,12352.0734,15950.863636363636,319.144,29.85
2024-05,21021.6,313.175,100.863,5.33,12387.1446,16536.317272727272,319.994,29.97
2024-06,21070.7,313.044,100.894,5.33,12412.8512,17495.89157894737,320.737,30.07
2024-07,21098.9,313.569,99.9757,5.33,12440.0621,17963.29090909091,321.682,30.16
2024-08,21192.0,314.062,100.4309,5.33,12468.9388,17268.268636363635,322.557,30.27
2024-09,21275.6,314.732,99.8084,5.13,12495.0071,17599.23,323.558,30.39
2024-10,21336.6,315.631,99.4695,4.83,12534.0848,18316.11565217391,324.501,30.48
2024-11,21454.7,316.528,99.2925,4.64,12561.2835,18961.4,325.844,30.56
2024-12,21487.6,317.604,100.3273,4.48,12599.5777,19734.56380952381,327.471,30.66
2025-01,21539.3,318.961,100.0647,4.33,12627.5167,19565.044,328.925,30.79
2025-02,21607.2,319.679,101.0993,4.33,12674.0672,19547.281052631577,329.555,30.89
2025-03,21684.1,319.785,101.0404,4.33,12726.2997,17828.02619047619,329.031,31.02
2025-04,21770.8,320.302,101.1279,4.33,12796.2456,16678.459523809524,328.172,31.09
2025-05,21836.1,320.62,100.9655,4.33,12848.8973,18642.368095238093,327.504,31.2
2025-06,21942.6,321.435,101.4785,4.33,12905.5699,19673.3005,326.912,31.31
2025-07,22025.6,322.169,101.894,4.33,12978.9021,20784.895454545454,326.992,31.39
2025-08,22092.6,323.291,101.6247,4.33,13042.2069,21383.586666666666,327.38,31.49
2025-09,22176.1,324.245,101.668,4.22,13099.5445,22188.588095238094,327.829,31.56
2025-10,22249.8,,101.2195,4.09,13168.9044,23003.125652173912,328.822,31.7
2025-11,22279.8,325.063,101.0344,3.88,13244.4526,23023.62263157895,330.099,31.79
2025-12,22355.3,326.031,101.4941,3.72,13315.6509,23377.327272727274,331.288,31.83
2026-01,22413.4,326.588,101.0388,3.64,13417.9462,23520.722,332.05,31.94
2026-02,22598.7,327.46,101.9053,3.64,13532.4529,22892.923157894737,332.192,32.04
2026-03,22640.3,330.293,101.7336,3.64,13622.8139,22130.03818181818,331.58,32.12
2026-04,22756.6,332.407,102.5783,3.64,13725.0468,23677.053333333333,331.373,32.23
2026-05,23013.7,333.979,102.6396,3.63,13794.6892,26155.7745,331.45,32.31
2026-06,23114.9,332.568,102.842,3.63,13859.2491,26074.847142857143,331.893,32.38
2026-07,23217.9,332.813,103.0454,3.63,13902.9743,25623.679999999997,,32.42
2026-08,23342.8,334.131,103.0682,3.63,14004.9459,26388.689047619046,,32.53
2026-09,,,,,,26396.785333333337,,
