fecha,expectativa_michigan
1978-01,5.2
1978-02,6.4
1978-03,6.3
1978-04,6.7
1978-05,6.9
1978-06,6.5
1978-07,6.6
1978-08,8.7
1978-09,6.9
1978-10,7.4
1978-11,7.5
1978-12,7.3
1979-01,7.8
1979-02,9.3
1979-03,8.8
1979-04,9.7
1979-05,9.8
1979-06,9.9
1979-07,9.9
1979-08,9.9
1979-09,9.6
1979-10,9.0
1979-11,10.0
1979-12,9.9
1980-01,10.4
1980-02,10.0
1980-03,10.2
1980-04,10.1
1980-05,8.6
1980-06,8.5
1980-07,9.6
1980-08,7.6
1980-09,9.1
1980-10,9.6
1980-11,8.6
1980-12,9.7
1981-01,9.5
1981-02,8.6
1981-03,7.2
1981-04,8.0
1981-05,7.3
1981-06,7.1
1981-07,6.8
1981-08,5.8
1981-09,6.9
1981-10,6.7
1981-11,7.3
1981-12,5.3
1982-01,5.1
1982-02,5.2
1982-03,4.2
1982-04,4.7
1982-05,3.5
1982-06,4.6
1982-07,5.0
1982-08,4.8
1982-09,4.5
1982-10,4.7
1982-11,4.5
1982-12,3.7
1983-01,2.8
1983-02,3.0
1983-03,1.8
1983-04,3.4
1983-05,3.2
1983-06,3.2
1983-07,3.2
1983-08,3.3
1983-09,3.3
1983-10,3.7
1983-11,3.5
1983-12,3.5
1984-01,3.2
1984-02,3.3
1984-03,3.4
1984-04,3.9
1984-05,4.2
1984-06,4.2
1984-07,3.4
1984-08,3.0
1984-09,3.0
1984-10,3.5
1984-11,3.4
1984-12,3.3
1985-01,2.9
1985-02,3.1
1985-03,3.0
1985-04,3.3
1985-05,3.2
1985-06,3.4
1985-07,2.8
1985-08,2.8
1985-09,2.9
1985-10,3.3
1985-11,3.1
1985-12,3.5
1986-01,2.9
1986-02,2.8
1986-03,2.3
1986-04,2.4
1986-05,2.7
1986-06,2.9
1986-07,2.8
1986-08,3.0
1986-09,2.9
1986-10,3.2
1986-11,2.8
1986-12,3.0
1987-01,2.9
1987-02,3.1
1987-03,3.0
1987-04,3.0
1987-05,3.4
1987-06,3.3
1987-07,3.1
1987-08,3.2
1987-09,3.0
1987-10,3.3
1987-11,3.2
1987-12,3.1
1988-01,3.2
1988-02,3.1
1988-03,3.2
1988-04,3.3
1988-05,3.3
1988-06,3.7
1988-07,4.6
1988-08,4.4
1988-09,3.9
1988-10,3.9
1988-11,3.7
1988-12,3.9
1989-01,3.5
1989-02,4.1
1989-03,3.7
1989-04,4.3
1989-05,4.6
1989-06,3.8
1989-07,4.1
1989-08,3.5
1989-09,3.4
1989-10,3.6
1989-11,3.5
1989-12,3.5
1990-01,4.1
1990-02,4.1
1990-03,3.7
1990-04,3.6
1990-05,3.4
1990-06,3.8
1990-07,3.4
1990-08,4.6
1990-09,4.7
1990-10,4.8
1990-11,4.7
1990-12,4.7
1991-01,3.9
1991-02,3.4
1991-03,3.3
1991-04,3.2
1991-05,3.1
1991-06,3.3
1991-07,3.1
1991-08,3.2
1991-09,3.0
1991-10,3.2
1991-11,2.9
1991-12,2.7
1992-01,2.7
1992-02,2.6
1992-03,2.6
1992-04,3.0
1992-05,2.9
1992-06,3.1
1992-07,2.7
1992-08,2.8
1992-09,3.0
1992-10,2.8
1992-11,2.9
1992-12,2.8
1993-01,2.9
1993-02,3.2
1993-03,3.1
1993-04,3.0
1993-05,2.9
1993-06,3.5
1993-07,3.0
1993-08,3.2
1993-09,3.0
1993-10,3.3
1993-11,2.8
1993-12,3.0
1994-01,2.8
1994-02,2.8
1994-03,3.0
1994-04,3.0
1994-05,3.1
1994-06,2.7
1994-07,2.9
1994-08,3.1
1994-09,3.4
1994-10,3.0
1994-11,3.2
1994-12,3.0
1995-01,3.0
1995-02,3.0
1995-03,3.2
1995-04,3.3
1995-05,3.0
1995-06,2.9
1995-07,2.9
1995-08,2.9
1995-09,2.8
1995-10,2.9
1995-11,2.8
1995-12,2.7
1996-01,2.8
1996-02,2.8
1996-03,2.9
1996-04,3.0
1996-05,3.1
1996-06,2.9
1996-07,3.0
1996-08,3.1
1996-09,3.2
1996-10,3.0
1996-11,3.0
1996-12,3.0
1997-01,3.0
1997-02,3.0
1997-03,2.8
1997-04,3.0
1997-05,2.9
1997-06,2.8
1997-07,2.7
1997-08,2.7
1997-09,2.8
1997-10,2.8
1997-11,2.9
1997-12,2.8
1998-01,2.3
1998-02,2.4
1998-03,2.5
1998-04,2.4
1998-05,2.6
1998-06,2.7
1998-07,2.6
1998-08,2.4
1998-09,2.3
1998-10,2.5
1998-11,2.3
1998-12,2.5
1999-01,2.7
1999-02,2.5
1999-03,2.7
1999-04,2.7
1999-05,2.8
1999-06,2.5
1999-07,2.7
1999-08,2.8
1999-09,2.7
1999-10,2.9
1999-11,2.9
1999-12,3.0
2000-01,3.0
2000-02,2.9
2000-03,3.2
2000-04,3.2
2000-05,3.0
2000-06,2.9
2000-07,3.0
2000-08,2.7
2000-09,2.9
2000-10,3.2
2000-11,2.9
2000-12,2.8
2001-01,3.0
2001-02,2.8
2001-03,2.8
2001-04,3.1
2001-05,3.2
2001-06,3.0
2001-07,2.6
2001-08,2.7
2001-09,2.8
2001-10,1.0
2001-11,0.4
2001-12,1.8
2002-01,1.9
2002-02,2.1
2002-03,2.7
2002-04,2.8
2002-05,2.7
2002-06,2.7
2002-07,2.6
2002-08,2.6
2002-09,2.5
2002-10,2.5
2002-11,2.4
2002-12,2.5
2003-01,2.5
2003-02,2.7
2003-03,3.1
2003-04,2.4
2003-05,2.0
2003-06,2.1
2003-07,1.7
2003-08,2.5
2003-09,2.8
2003-10,2.6
2003-11,2.7
2003-12,2.6
2004-01,2.7
2004-02,2.6
2004-03,2.9
2004-04,3.2
2004-05,3.3
2004-06,3.3
2004-07,3.0
2004-08,2.8
2004-09,2.8
2004-10,3.1
2004-11,2.8
2004-12,3.0
2005-01,2.9
2005-02,2.9
2005-03,3.2
2005-04,3.3
2005-05,3.2
2005-06,3.2
2005-07,3.0
2005-08,3.1
2005-09,4.3
2005-10,4.6
2005-11,3.3
2005-12,3.1
2006-01,3.0
2006-02,3.0
2006-03,3.0
2006-04,3.3
2006-05,4.0
2006-06,3.3
2006-07,3.2
2006-08,3.8
2006-09,3.1
2006-10,3.1
2006-11,3.0
2006-12,2.9
2007-01,3.0
2007-02,3.0
2007-03,3.0
2007-04,3.3
2007-05,3.3
2007-06,3.4
2007-07,3.4
2007-08,3.2
2007-09,3.1
2007-10,3.1
2007-11,3.4
2007-12,3.4
2008-01,3.4
2008-02,3.6
2008-03,4.3
2008-04,4.8
2008-05,5.2
2008-06,5.1
2008-07,5.1
2008-08,4.8
2008-09,4.3
2008-10,3.9
2008-11,2.9
2008-12,1.7
2009-01,2.2
2009-02,1.9
2009-03,2.0
2009-04,2.8
2009-05,2.8
2009-06,3.1
2009-07,2.9
2009-08,2.8
2009-09,2.2
2009-10,2.9
2009-11,2.7
2009-12,2.5
2010-01,2.8
2010-02,2.7
2010-03,2.7
2010-04,2.9
2010-05,3.2
2010-06,2.8
2010-07,2.7
2010-08,2.7
2010-09,2.2
2010-10,2.7
2010-11,3.0
2010-12,3.0
2011-01,3.4
2011-02,3.4
2011-03,4.6
2011-04,4.6
2011-05,4.1
2011-06,3.8
2011-07,3.4
2011-08,3.5
2011-09,3.3
2011-10,3.2
2011-11,3.2
2011-12,3.1
2012-01,3.3
2012-02,3.3
2012-03,3.9
2012-04,3.2
2012-05,3.0
2012-06,3.1
2012-07,3.0
2012-08,3.6
2012-09,3.3
2012-10,3.1
2012-11,3.1
2012-12,3.2
2013-01,3.3
2013-02,3.3
2013-03,3.2
2013-04,3.1
2013-05,3.1
2013-06,3.0
2013-07,3.1
2013-08,3.0
2013-09,3.3
2013-10,3.0
2013-11,2.9
2013-12,3.0
2014-01,3.1
2014-02,3.2
2014-03,3.2
2014-04,3.2
2014-05,3.3
2014-06,3.1
2014-07,3.3
2014-08,3.2
2014-09,3.0
2014-10,2.9
2014-11,2.8
2014-12,2.8
2015-01,2.5
2015-02,2.8
2015-03,3.0
2015-04,2.6
2015-05,2.8
2015-06,2.7
2015-07,2.8
2015-08,2.8
2015-09,2.8
2015-10,2.7
2015-11,2.7
2015-12,2.6
2016-01,2.5
2016-02,2.5
2016-03,2.7
2016-04,2.8
2016-05,2.4
2016-06,2.6
2016-07,2.7
2016-08,2.5
2016-09,2.4
2016-10,2.4
2016-11,2.4
2016-12,2.2
2017-01,2.6
2017-02,2.7
2017-03,2.5
2017-04,2.5
2017-05,2.6
2017-06,2.6
2017-07,2.6
2017-08,2.6
2017-09,2.7
2017-10,2.4
2017-11,2.5
2017-12,2.7
2018-01,2.7
2018-02,2.7
2018-03,2.8
2018-04,2.7
2018-05,2.8
2018-06,3.0
2018-07,2.9
2018-08,3.0
2018-09,2.7
2018-10,2.9
2018-11,2.8
2018-12,2.7
2019-01,2.7
2019-02,2.6
2019-03,2.5
2019-04,2.5
2019-05,2.9
2019-06,2.7
2019-07,2.6
2019-08,2.7
2019-09,2.8
2019-10,2.5
2019-11,2.5
2019-12,2.3
2020-01,2.5
2020-02,2.4
2020-03,2.2
2020-04,2.1
2020-05,3.2
2020-06,3.0
2020-07,3.0
2020-08,3.1
2020-09,2.6
2020-10,2.6
2020-11,2.8
2020-12,2.5
2021-01,3.0
2021-02,3.3
2021-03,3.1
2021-04,3.4
2021-05,4.6
2021-06,4.2
2021-07,4.7
2021-08,4.6
2021-09,4.6
2021-10,4.8
2021-11,4.9
2021-12,4.8
2022-01,4.9
2022-02,4.9
2022-03,5.4
2022-04,5.4
2022-05,5.3
2022-06,5.3
2022-07,5.2
2022-08,4.8
2022-09,4.7
2022-10,5.0
2022-11,5.0
2022-12,4.3
2023-01,3.9
2023-02,4.2
2023-03,3.6
2023-04,4.7
2023-05,4.2
2023-06,3.3
2023-07,3.4
2023-08,3.5
2023-09,3.2
2023-10,4.2
2023-11,4.5
2023-12,3.1
2024-01,2.9
2024-02,3.0
2024-03,2.9
2024-04,3.2
2024-05,3.3
2024-06,3.0
2024-07,2.9
2024-08,2.8
2024-09,2.7
2024-10,2.7
2024-11,2.6
2024-12,2.8
2025-01,3.3
2025-02,4.3
2025-03,5.0
2025-04,6.5
2025-05,6.6
2025-06,5.0
2025-07,4.5
2025-08,4.8
2025-09,4.7
2025-10,4.6
2025-11,4.5
2025-12,4.2
2026-01,4.0
2026-02,3.4
2026-03,3.8
2026-04,4.7
2026-05,4.8
2026-06,4.6
2026-07,4.2
