freq,indic_bt,nace_r2,s_adj,unit,geo,time,valor
M,PRD,MIG_CAG,SCA,I15,EA20,1991-01,72.0
M,PRD,MIG_CAG,SCA,I15,EA20,1991-02,70.1
M,PRD,MIG_CAG,SCA,I15,EA20,1991-03,69.9
M,PRD,MIG_CAG,SCA,I15,EA20,1991-04,69.1
M,PRD,MIG_CAG,SCA,I15,EA20,1991-05,68.9
M,PRD,MIG_CAG,SCA,I15,EA20,1991-06,71.0
M,PRD,MIG_CAG,SCA,I15,EA20,1991-07,68.6
M,PRD,MIG_CAG,SCA,I15,EA20,1991-08,69.1
M,PRD,MIG_CAG,SCA,I15,EA20,1991-09,68.4
M,PRD,MIG_CAG,SCA,I15,EA20,1991-10,68.8
M,PRD,MIG_CAG,SCA,I15,EA20,1991-11,69.8
M,PRD,MIG_CAG,SCA,I15,EA20,1991-12,68.8
M,PRD,MIG_CAG,SCA,I15,EA20,1992-01,70.2
M,PRD,MIG_CAG,SCA,I15,EA20,1992-02,70.5
M,PRD,MIG_CAG,SCA,I15,EA20,1992-03,69.6
M,PRD,MIG_CAG,SCA,I15,EA20,1992-04,69.4
M,PRD,MIG_CAG,SCA,I15,EA20,1992-05,68.8
M,PRD,MIG_CAG,SCA,I15,EA20,1992-06,67.8
M,PRD,MIG_CAG,SCA,I15,EA20,1992-07,66.2
M,PRD,MIG_CAG,SCA,I15,EA20,1992-08,67.3
M,PRD,MIG_CAG,SCA,I15,EA20,1992-09,65.6
M,PRD,MIG_CAG,SCA,I15,EA20,1992-10,65.7
M,PRD,MIG_CAG,SCA,I15,EA20,1992-11,64.9
M,PRD,MIG_CAG,SCA,I15,EA20,1992-12,63.2
M,PRD,MIG_CAG,SCA,I15,EA20,1993-01,63.0
M,PRD,MIG_CAG,SCA,I15,EA20,1993-02,61.2
M,PRD,MIG_CAG,SCA,I15,EA20,1993-03,61.4
M,PRD,MIG_CAG,SCA,I15,EA20,1993-04,60.7
M,PRD,MIG_CAG,SCA,I15,EA20,1993-05,61.0
M,PRD,MIG_CAG,SCA,I15,EA20,1993-06,59.9
M,PRD,MIG_CAG,SCA,I15,EA20,1993-07,58.7
M,PRD,MIG_CAG,SCA,I15,EA20,1993-08,61.3
M,PRD,MIG_CAG,SCA,I15,EA20,1993-09,60.4
M,PRD,MIG_CAG,SCA,I15,EA20,1993-10,60.6
M,PRD,MIG_CAG,SCA,I15,EA20,1993-11,59.1
M,PRD,MIG_CAG,SCA,I15,EA20,1993-12,60.1
M,PRD,MIG_CAG,SCA,I15,EA20,1994-01,58.8
M,PRD,MIG_CAG,SCA,I15,EA20,1994-02,61.3
M,PRD,MIG_CAG,SCA,I15,EA20,1994-03,60.7
M,PRD,MIG_CAG,SCA,I15,EA20,1994-04,62.5
M,PRD,MIG_CAG,SCA,I15,EA20,1994-05,62.3
M,PRD,MIG_CAG,SCA,I15,EA20,1994-06,63.3
M,PRD,MIG_CAG,SCA,I15,EA20,1994-07,63.6
M,PRD,MIG_CAG,SCA,I15,EA20,1994-08,63.0
M,PRD,MIG_CAG,SCA,I15,EA20,1994-09,64.0
M,PRD,MIG_CAG,SCA,I15,EA20,1994-10,65.2
M,PRD,MIG_CAG,SCA,I15,EA20,1994-11,65.0
M,PRD,MIG_CAG,SCA,I15,EA20,1994-12,66.0
M,PRD,MIG_CAG,SCA,I15,EA20,1995-01,65.7
M,PRD,MIG_CAG,SCA,I15,EA20,1995-02,66.5
M,PRD,MIG_CAG,SCA,I15,EA20,1995-03,66.2
M,PRD,MIG_CAG,SCA,I15,EA20,1995-04,66.4
M,PRD,MIG_CAG,SCA,I15,EA20,1995-05,67.2
M,PRD,MIG_CAG,SCA,I15,EA20,1995-06,66.9
M,PRD,MIG_CAG,SCA,I15,EA20,1995-07,67.2
M,PRD,MIG_CAG,SCA,I15,EA20,1995-08,67.0
M,PRD,MIG_CAG,SCA,I15,EA20,1995-09,68.4
M,PRD,MIG_CAG,SCA,I15,EA20,1995-10,67.4
M,PRD,MIG_CAG,SCA,I15,EA20,1995-11,68.4
M,PRD,MIG_CAG,SCA,I15,EA20,1995-12,70.4
M,PRD,MIG_CAG,SCA,I15,EA20,1996-01,68.4
M,PRD,MIG_CAG,SCA,I15,EA20,1996-02,67.8
M,PRD,MIG_CAG,SCA,I15,EA20,1996-03,68.1
M,PRD,MIG_CAG,SCA,I15,EA20,1996-04,67.9
M,PRD,MIG_CAG,SCA,I15,EA20,1996-05,68.0
M,PRD,MIG_CAG,SCA,I15,EA20,1996-06,68.6
M,PRD,MIG_CAG,SCA,I15,EA20,1996-07,67.4
M,PRD,MIG_CAG,SCA,I15,EA20,1996-08,68.2
M,PRD,MIG_CAG,SCA,I15,EA20,1996-09,68.6
M,PRD,MIG_CAG,SCA,I15,EA20,1996-10,67.9
M,PRD,MIG_CAG,SCA,I15,EA20,1996-11,69.1
M,PRD,MIG_CAG,SCA,I15,EA20,1996-12,68.5
M,PRD,MIG_CAG,SCA,I15,EA20,1997-01,68.4
M,PRD,MIG_CAG,SCA,I15,EA20,1997-02,68.9
M,PRD,MIG_CAG,SCA,I15,EA20,1997-03,70.3
M,PRD,MIG_CAG,SCA,I15,EA20,1997-04,71.0
M,PRD,MIG_CAG,SCA,I15,EA20,1997-05,69.9
M,PRD,MIG_CAG,SCA,I15,EA20,1997-06,72.1
M,PRD,MIG_CAG,SCA,I15,EA20,1997-07,72.8
M,PRD,MIG_CAG,SCA,I15,EA20,1997-08,72.7
M,PRD,MIG_CAG,SCA,I15,EA20,1997-09,72.2
M,PRD,MIG_CAG,SCA,I15,EA20,1997-10,73.4
M,PRD,MIG_CAG,SCA,I15,EA20,1997-11,73.6
M,PRD,MIG_CAG,SCA,I15,EA20,1997-12,73.6
M,PRD,MIG_CAG,SCA,I15,EA20,1998-01,74.5
M,PRD,MIG_CAG,SCA,I15,EA20,1998-02,75.3
M,PRD,MIG_CAG,SCA,I15,EA20,1998-03,75.3
M,PRD,MIG_CAG,SCA,I15,EA20,1998-04,75.6
M,PRD,MIG_CAG,SCA,I15,EA20,1998-05,76.5
M,PRD,MIG_CAG,SCA,I15,EA20,1998-06,75.9
M,PRD,MIG_CAG,SCA,I15,EA20,1998-07,77.4
M,PRD,MIG_CAG,SCA,I15,EA20,1998-08,75.9
M,PRD,MIG_CAG,SCA,I15,EA20,1998-09,76.3
M,PRD,MIG_CAG,SCA,I15,EA20,1998-10,77.4
M,PRD,MIG_CAG,SCA,I15,EA20,1998-11,76.8
M,PRD,MIG_CAG,SCA,I15,EA20,1998-12,75.3
M,PRD,MIG_CAG,SCA,I15,EA20,1999-01,76.7
M,PRD,MIG_CAG,SCA,I15,EA20,1999-02,76.1
M,PRD,MIG_CAG,SCA,I15,EA20,1999-03,75.8
M,PRD,MIG_CAG,SCA,I15,EA20,1999-04,77.3
M,PRD,MIG_CAG,SCA,I15,EA20,1999-05,77.4
M,PRD,MIG_CAG,SCA,I15,EA20,1999-06,77.4
M,PRD,MIG_CAG,SCA,I15,EA20,1999-07,78.2
M,PRD,MIG_CAG,SCA,I15,EA20,1999-08,77.3
M,PRD,MIG_CAG,SCA,I15,EA20,1999-09,78.7
M,PRD,MIG_CAG,SCA,I15,EA20,1999-10,79.6
M,PRD,MIG_CAG,SCA,I15,EA20,1999-11,79.9
M,PRD,MIG_CAG,SCA,I15,EA20,1999-12,79.3
M,PRD,MIG_CAG,SCA,I15,EA20,2000-01,80.8
M,PRD,MIG_CAG,SCA,I15,EA20,2000-02,81.8
M,PRD,MIG_CAG,SCA,I15,EA20,2000-03,82.4
M,PRD,MIG_CAG,SCA,I15,EA20,2000-04,83.6
M,PRD,MIG_CAG,SCA,I15,EA20,2000-05,85.1
M,PRD,MIG_CAG,SCA,I15,EA20,2000-06,83.7
M,PRD,MIG_CAG,SCA,I15,EA20,2000-07,85.2
M,PRD,MIG_CAG,SCA,I15,EA20,2000-08,85.2
M,PRD,MIG_CAG,SCA,I15,EA20,2000-09,85.3
M,PRD,MIG_CAG,SCA,I15,EA20,2000-10,85.4
M,PRD,MIG_CAG,SCA,I15,EA20,2000-11,86.4
M,PRD,MIG_CAG,SCA,I15,EA20,2000-12,87.9
M,PRD,MIG_CAG,SCA,I15,EA20,2001-01,87.5
M,PRD,MIG_CAG,SCA,I15,EA20,2001-02,88.5
M,PRD,MIG_CAG,SCA,I15,EA20,2001-03,87.6
M,PRD,MIG_CAG,SCA,I15,EA20,2001-04,85.2
M,PRD,MIG_CAG,SCA,I15,EA20,2001-05,85.7
M,PRD,MIG_CAG,SCA,I15,EA20,2001-06,85.8
M,PRD,MIG_CAG,SCA,I15,EA20,2001-07,83.4
M,PRD,MIG_CAG,SCA,I15,EA20,2001-08,87.4
M,PRD,MIG_CAG,SCA,I15,EA20,2001-09,85.1
M,PRD,MIG_CAG,SCA,I15,EA20,2001-10,82.8
M,PRD,MIG_CAG,SCA,I15,EA20,2001-11,81.5
M,PRD,MIG_CAG,SCA,I15,EA20,2001-12,82.4
M,PRD,MIG_CAG,SCA,I15,EA20,2002-01,82.6
M,PRD,MIG_CAG,SCA,I15,EA20,2002-02,83.0
M,PRD,MIG_CAG,SCA,I15,EA20,2002-03,83.6
M,PRD,MIG_CAG,SCA,I15,EA20,2002-04,83.5
M,PRD,MIG_CAG,SCA,I15,EA20,2002-05,82.6
M,PRD,MIG_CAG,SCA,I15,EA20,2002-06,84.8
M,PRD,MIG_CAG,SCA,I15,EA20,2002-07,82.7
M,PRD,MIG_CAG,SCA,I15,EA20,2002-08,85.2
M,PRD,MIG_CAG,SCA,I15,EA20,2002-09,83.8
M,PRD,MIG_CAG,SCA,I15,EA20,2002-10,82.5
M,PRD,MIG_CAG,SCA,I15,EA20,2002-11,84.6
M,PRD,MIG_CAG,SCA,I15,EA20,2002-12,83.0
M,PRD,MIG_CAG,SCA,I15,EA20,2003-01,84.0
M,PRD,MIG_CAG,SCA,I15,EA20,2003-02,83.7
M,PRD,MIG_CAG,SCA,I15,EA20,2003-03,83.3
M,PRD,MIG_CAG,SCA,I15,EA20,2003-04,83.8
M,PRD,MIG_CAG,SCA,I15,EA20,2003-05,82.2
M,PRD,MIG_CAG,SCA,I15,EA20,2003-06,80.9
M,PRD,MIG_CAG,SCA,I15,EA20,2003-07,83.7
M,PRD,MIG_CAG,SCA,I15,EA20,2003-08,82.1
M,PRD,MIG_CAG,SCA,I15,EA20,2003-09,81.9
M,PRD,MIG_CAG,SCA,I15,EA20,2003-10,84.6
M,PRD,MIG_CAG,SCA,I15,EA20,2003-11,85.3
M,PRD,MIG_CAG,SCA,I15,EA20,2003-12,85.5
M,PRD,MIG_CAG,SCA,I15,EA20,2004-01,84.3
M,PRD,MIG_CAG,SCA,I15,EA20,2004-02,85.1
M,PRD,MIG_CAG,SCA,I15,EA20,2004-03,84.9
M,PRD,MIG_CAG,SCA,I15,EA20,2004-04,85.3
M,PRD,MIG_CAG,SCA,I15,EA20,2004-05,86.6
M,PRD,MIG_CAG,SCA,I15,EA20,2004-06,86.4
M,PRD,MIG_CAG,SCA,I15,EA20,2004-07,87.4
M,PRD,MIG_CAG,SCA,I15,EA20,2004-08,85.7
M,PRD,MIG_CAG,SCA,I15,EA20,2004-09,86.7
M,PRD,MIG_CAG,SCA,I15,EA20,2004-10,88.0
M,PRD,MIG_CAG,SCA,I15,EA20,2004-11,85.7
M,PRD,MIG_CAG,SCA,I15,EA20,2004-12,85.4
M,PRD,MIG_CAG,SCA,I15,EA20,2005-01,87.2
M,PRD,MIG_CAG,SCA,I15,EA20,2005-02,86.4
M,PRD,MIG_CAG,SCA,I15,EA20,2005-03,87.1
M,PRD,MIG_CAG,SCA,I15,EA20,2005-04,89.1
M,PRD,MIG_CAG,SCA,I15,EA20,2005-05,87.4
M,PRD,MIG_CAG,SCA,I15,EA20,2005-06,88.9
M,PRD,MIG_CAG,SCA,I15,EA20,2005-07,89.9
M,PRD,MIG_CAG,SCA,I15,EA20,2005-08,86.7
M,PRD,MIG_CAG,SCA,I15,EA20,2005-09,90.2
M,PRD,MIG_CAG,SCA,I15,EA20,2005-10,89.7
M,PRD,MIG_CAG,SCA,I15,EA20,2005-11,90.8
M,PRD,MIG_CAG,SCA,I15,EA20,2005-12,90.5
M,PRD,MIG_CAG,SCA,I15,EA20,2006-01,90.9
M,PRD,MIG_CAG,SCA,I15,EA20,2006-02,91.8
M,PRD,MIG_CAG,SCA,I15,EA20,2006-03,92.2
M,PRD,MIG_CAG,SCA,I15,EA20,2006-04,91.6
M,PRD,MIG_CAG,SCA,I15,EA20,2006-05,93.9
M,PRD,MIG_CAG,SCA,I15,EA20,2006-06,93.8
M,PRD,MIG_CAG,SCA,I15,EA20,2006-07,94.6
M,PRD,MIG_CAG,SCA,I15,EA20,2006-08,94.8
M,PRD,MIG_CAG,SCA,I15,EA20,2006-09,95.4
M,PRD,MIG_CAG,SCA,I15,EA20,2006-10,95.0
M,PRD,MIG_CAG,SCA,I15,EA20,2006-11,96.5
M,PRD,MIG_CAG,SCA,I15,EA20,2006-12,98.1
M,PRD,MIG_CAG,SCA,I15,EA20,2007-01,98.0
M,PRD,MIG_CAG,SCA,I15,EA20,2007-02,98.4
M,PRD,MIG_CAG,SCA,I15,EA20,2007-03,99.2
M,PRD,MIG_CAG,SCA,I15,EA20,2007-04,97.1
M,PRD,MIG_CAG,SCA,I15,EA20,2007-05,99.6
M,PRD,MIG_CAG,SCA,I15,EA20,2007-06,100.5
M,PRD,MIG_CAG,SCA,I15,EA20,2007-07,101.0
M,PRD,MIG_CAG,SCA,I15,EA20,2007-08,101.8
M,PRD,MIG_CAG,SCA,I15,EA20,2007-09,101.3
M,PRD,MIG_CAG,SCA,I15,EA20,2007-10,102.2
M,PRD,MIG_CAG,SCA,I15,EA20,2007-11,101.4
M,PRD,MIG_CAG,SCA,I15,EA20,2007-12,101.3
M,PRD,MIG_CAG,SCA,I15,EA20,2008-01,104.9
M,PRD,MIG_CAG,SCA,I15,EA20,2008-02,104.5
M,PRD,MIG_CAG,SCA,I15,EA20,2008-03,102.5
M,PRD,MIG_CAG,SCA,I15,EA20,2008-04,104.8
M,PRD,MIG_CAG,SCA,I15,EA20,2008-05,101.3
M,PRD,MIG_CAG,SCA,I15,EA20,2008-06,101.2
M,PRD,MIG_CAG,SCA,I15,EA20,2008-07,100.2
M,PRD,MIG_CAG,SCA,I15,EA20,2008-08,99.2
M,PRD,MIG_CAG,SCA,I15,EA20,2008-09,99.0
M,PRD,MIG_CAG,SCA,I15,EA20,2008-10,96.0
M,PRD,MIG_CAG,SCA,I15,EA20,2008-11,92.8
M,PRD,MIG_CAG,SCA,I15,EA20,2008-12,89.4
M,PRD,MIG_CAG,SCA,I15,EA20,2009-01,81.3
M,PRD,MIG_CAG,SCA,I15,EA20,2009-02,78.4
M,PRD,MIG_CAG,SCA,I15,EA20,2009-03,79.2
M,PRD,MIG_CAG,SCA,I15,EA20,2009-04,76.7
M,PRD,MIG_CAG,SCA,I15,EA20,2009-05,79.2
M,PRD,MIG_CAG,SCA,I15,EA20,2009-06,78.5
M,PRD,MIG_CAG,SCA,I15,EA20,2009-07,77.0
M,PRD,MIG_CAG,SCA,I15,EA20,2009-08,77.5
M,PRD,MIG_CAG,SCA,I15,EA20,2009-09,80.6
M,PRD,MIG_CAG,SCA,I15,EA20,2009-10,79.0
M,PRD,MIG_CAG,SCA,I15,EA20,2009-11,79.8
M,PRD,MIG_CAG,SCA,I15,EA20,2009-12,79.0
M,PRD,MIG_CAG,SCA,I15,EA20,2010-01,80.7
M,PRD,MIG_CAG,SCA,I15,EA20,2010-02,80.1
M,PRD,MIG_CAG,SCA,I15,EA20,2010-03,82.9
M,PRD,MIG_CAG,SCA,I15,EA20,2010-04,83.4
M,PRD,MIG_CAG,SCA,I15,EA20,2010-05,85.3
M,PRD,MIG_CAG,SCA,I15,EA20,2010-06,86.3
M,PRD,MIG_CAG,SCA,I15,EA20,2010-07,85.0
M,PRD,MIG_CAG,SCA,I15,EA20,2010-08,86.1
M,PRD,MIG_CAG,SCA,I15,EA20,2010-09,88.1
M,PRD,MIG_CAG,SCA,I15,EA20,2010-10,89.5
M,PRD,MIG_CAG,SCA,I15,EA20,2010-11,89.6
M,PRD,MIG_CAG,SCA,I15,EA20,2010-12,92.0
M,PRD,MIG_CAG,SCA,I15,EA20,2011-01,90.8
M,PRD,MIG_CAG,SCA,I15,EA20,2011-02,92.1
M,PRD,MIG_CAG,SCA,I15,EA20,2011-03,92.0
M,PRD,MIG_CAG,SCA,I15,EA20,2011-04,92.0
M,PRD,MIG_CAG,SCA,I15,EA20,2011-05,94.1
M,PRD,MIG_CAG,SCA,I15,EA20,2011-06,91.8
M,PRD,MIG_CAG,SCA,I15,EA20,2011-07,94.0
M,PRD,MIG_CAG,SCA,I15,EA20,2011-08,94.4
M,PRD,MIG_CAG,SCA,I15,EA20,2011-09,92.6
M,PRD,MIG_CAG,SCA,I15,EA20,2011-10,93.6
M,PRD,MIG_CAG,SCA,I15,EA20,2011-11,94.0
M,PRD,MIG_CAG,SCA,I15,EA20,2011-12,93.7
M,PRD,MIG_CAG,SCA,I15,EA20,2012-01,92.4
M,PRD,MIG_CAG,SCA,I15,EA20,2012-02,93.0
M,PRD,MIG_CAG,SCA,I15,EA20,2012-03,94.2
M,PRD,MIG_CAG,SCA,I15,EA20,2012-04,91.2
M,PRD,MIG_CAG,SCA,I15,EA20,2012-05,93.0
M,PRD,MIG_CAG,SCA,I15,EA20,2012-06,91.6
M,PRD,MIG_CAG,SCA,I15,EA20,2012-07,93.3
M,PRD,MIG_CAG,SCA,I15,EA20,2012-08,94.2
M,PRD,MIG_CAG,SCA,I15,EA20,2012-09,92.1
M,PRD,MIG_CAG,SCA,I15,EA20,2012-10,89.9
M,PRD,MIG_CAG,SCA,I15,EA20,2012-11,89.8
M,PRD,MIG_CAG,SCA,I15,EA20,2012-12,90.7
M,PRD,MIG_CAG,SCA,I15,EA20,2013-01,88.7
M,PRD,MIG_CAG,SCA,I15,EA20,2013-02,89.6
M,PRD,MIG_CAG,SCA,I15,EA20,2013-03,90.9
M,PRD,MIG_CAG,SCA,I15,EA20,2013-04,91.9
M,PRD,MIG_CAG,SCA,I15,EA20,2013-05,91.0
M,PRD,MIG_CAG,SCA,I15,EA20,2013-06,92.7
M,PRD,MIG_CAG,SCA,I15,EA20,2013-07,90.6
M,PRD,MIG_CAG,SCA,I15,EA20,2013-08,92.2
M,PRD,MIG_CAG,SCA,I15,EA20,2013-09,91.9
M,PRD,MIG_CAG,SCA,I15,EA20,2013-10,91.2
M,PRD,MIG_CAG,SCA,I15,EA20,2013-11,93.6
M,PRD,MIG_CAG,SCA,I15,EA20,2013-12,93.0
M,PRD,MIG_CAG,SCA,I15,EA20,2014-01,93.0
M,PRD,MIG_CAG,SCA,I15,EA20,2014-02,93.4
M,PRD,MIG_CAG,SCA,I15,EA20,2014-03,93.8
M,PRD,MIG_CAG,SCA,I15,EA20,2014-04,93.3
M,PRD,MIG_CAG,SCA,I15,EA20,2014-05,93.0
M,PRD,MIG_CAG,SCA,I15,EA20,2014-06,93.3
M,PRD,MIG_CAG,SCA,I15,EA20,2014-07,94.9
M,PRD,MIG_CAG,SCA,I15,EA20,2014-08,91.5
M,PRD,MIG_CAG,SCA,I15,EA20,2014-09,94.1
M,PRD,MIG_CAG,SCA,I15,EA20,2014-10,92.9
M,PRD,MIG_CAG,SCA,I15,EA20,2014-11,92.9
M,PRD,MIG_CAG,SCA,I15,EA20,2014-12,95.2
M,PRD,MIG_CAG,SCA,I15,EA20,2015-01,96.8
M,PRD,MIG_CAG,SCA,I15,EA20,2015-02,99.6
M,PRD,MIG_CAG,SCA,I15,EA20,2015-03,100.0
M,PRD,MIG_CAG,SCA,I15,EA20,2015-04,99.3
M,PRD,MIG_CAG,SCA,I15,EA20,2015-05,101.5
M,PRD,MIG_CAG,SCA,I15,EA20,2015-06,100.4
M,PRD,MIG_CAG,SCA,I15,EA20,2015-07,101.4
M,PRD,MIG_CAG,SCA,I15,EA20,2015-08,101.2
M,PRD,MIG_CAG,SCA,I15,EA20,2015-09,100.0
M,PRD,MIG_CAG,SCA,I15,EA20,2015-10,100.8
M,PRD,MIG_CAG,SCA,I15,EA20,2015-11,99.0
M,PRD,MIG_CAG,SCA,I15,EA20,2015-12,100.1
M,PRD,MIG_CAG,SCA,I15,EA20,2016-01,105.0
M,PRD,MIG_CAG,SCA,I15,EA20,2016-02,99.2
M,PRD,MIG_CAG,SCA,I15,EA20,2016-03,99.8
M,PRD,MIG_CAG,SCA,I15,EA20,2016-04,102.2
M,PRD,MIG_CAG,SCA,I15,EA20,2016-05,99.8
M,PRD,MIG_CAG,SCA,I15,EA20,2016-06,101.8
M,PRD,MIG_CAG,SCA,I15,EA20,2016-07,100.5
M,PRD,MIG_CAG,SCA,I15,EA20,2016-08,101.2
M,PRD,MIG_CAG,SCA,I15,EA20,2016-09,101.2
M,PRD,MIG_CAG,SCA,I15,EA20,2016-10,104.9
M,PRD,MIG_CAG,SCA,I15,EA20,2016-11,102.3
M,PRD,MIG_CAG,SCA,I15,EA20,2016-12,100.7
M,PRD,MIG_CAG,SCA,I15,EA20,2017-01,101.7
M,PRD,MIG_CAG,SCA,I15,EA20,2017-02,103.3
M,PRD,MIG_CAG,SCA,I15,EA20,2017-03,102.1
M,PRD,MIG_CAG,SCA,I15,EA20,2017-04,103.8
M,PRD,MIG_CAG,SCA,I15,EA20,2017-05,104.2
M,PRD,MIG_CAG,SCA,I15,EA20,2017-06,100.8
M,PRD,MIG_CAG,SCA,I15,EA20,2017-07,105.3
M,PRD,MIG_CAG,SCA,I15,EA20,2017-08,106.8
M,PRD,MIG_CAG,SCA,I15,EA20,2017-09,106.0
M,PRD,MIG_CAG,SCA,I15,EA20,2017-10,106.9
M,PRD,MIG_CAG,SCA,I15,EA20,2017-11,112.3
M,PRD,MIG_CAG,SCA,I15,EA20,2017-12,109.8
M,PRD,MIG_CAG,SCA,I15,EA20,2018-01,108.3
M,PRD,MIG_CAG,SCA,I15,EA20,2018-02,105.1
M,PRD,MIG_CAG,SCA,I15,EA20,2018-03,104.5
M,PRD,MIG_CAG,SCA,I15,EA20,2018-04,107.6
M,PRD,MIG_CAG,SCA,I15,EA20,2018-05,108.4
M,PRD,MIG_CAG,SCA,I15,EA20,2018-06,106.7
M,PRD,MIG_CAG,SCA,I15,EA20,2018-07,106.0
M,PRD,MIG_CAG,SCA,I15,EA20,2018-08,108.1
M,PRD,MIG_CAG,SCA,I15,EA20,2018-09,107.0
M,PRD,MIG_CAG,SCA,I15,EA20,2018-10,108.7
M,PRD,MIG_CAG,SCA,I15,EA20,2018-11,105.9
M,PRD,MIG_CAG,SCA,I15,EA20,2018-12,106.5
M,PRD,MIG_CAG,SCA,I15,EA20,2019-01,106.9
M,PRD,MIG_CAG,SCA,I15,EA20,2019-02,106.9
M,PRD,MIG_CAG,SCA,I15,EA20,2019-03,107.9
M,PRD,MIG_CAG,SCA,I15,EA20,2019-04,107.3
M,PRD,MIG_CAG,SCA,I15,EA20,2019-05,106.2
M,PRD,MIG_CAG,SCA,I15,EA20,2019-06,103.6
M,PRD,MIG_CAG,SCA,I15,EA20,2019-07,106.6
M,PRD,MIG_CAG,SCA,I15,EA20,2019-08,107.1
M,PRD,MIG_CAG,SCA,I15,EA20,2019-09,108.3
M,PRD,MIG_CAG,SCA,I15,EA20,2019-10,108.9
M,PRD,MIG_CAG,SCA,I15,EA20,2019-11,106.7
M,PRD,MIG_CAG,SCA,I15,EA20,2019-12,103.4
M,PRD,MIG_CAG,SCA,I15,EA20,2020-01,106.0
M,PRD,MIG_CAG,SCA,I15,EA20,2020-02,103.5
M,PRD,MIG_CAG,SCA,I15,EA20,2020-03,86.5
M,PRD,MIG_CAG,SCA,I15,EA20,2020-04,63.9
M,PRD,MIG_CAG,SCA,I15,EA20,2020-05,79.3
M,PRD,MIG_CAG,SCA,I15,EA20,2020-06,89.5
M,PRD,MIG_CAG,SCA,I15,EA20,2020-07,99.9
M,PRD,MIG_CAG,SCA,I15,EA20,2020-08,96.3
M,PRD,MIG_CAG,SCA,I15,EA20,2020-09,96.7
M,PRD,MIG_CAG,SCA,I15,EA20,2020-10,101.5
M,PRD,MIG_CAG,SCA,I15,EA20,2020-11,110.0
M,PRD,MIG_CAG,SCA,I15,EA20,2020-12,109.8
M,PRD,MIG_CAG,SCA,I15,EA20,2021-01,109.3
M,PRD,MIG_CAG,SCA,I15,EA20,2021-02,107.4
M,PRD,MIG_CAG,SCA,I15,EA20,2021-03,104.7
M,PRD,MIG_CAG,SCA,I15,EA20,2021-04,108.4
M,PRD,MIG_CAG,SCA,I15,EA20,2021-05,105.8
M,PRD,MIG_CAG,SCA,I15,EA20,2021-06,96.2
M,PRD,MIG_CAG,SCA,I15,EA20,2021-07,107.9
M,PRD,MIG_CAG,SCA,I15,EA20,2021-08,103.3
M,PRD,MIG_CAG,SCA,I15,EA20,2021-09,103.8
M,PRD,MIG_CAG,SCA,I15,EA20,2021-10,105.5
M,PRD,MIG_CAG,SCA,I15,EA20,2021-11,106.2
M,PRD,MIG_CAG,SCA,I15,EA20,2021-12,120.2
M,PRD,MIG_CAG,SCA,I15,EA20,2022-01,107.9
M,PRD,MIG_CAG,SCA,I15,EA20,2022-02,107.1
M,PRD,MIG_CAG,SCA,I15,EA20,2022-03,106.3
M,PRD,MIG_CAG,SCA,I15,EA20,2022-04,103.5
M,PRD,MIG_CAG,SCA,I15,EA20,2022-05,112.8
M,PRD,MIG_CAG,SCA,I15,EA20,2022-06,109.4
M,PRD,MIG_CAG,SCA,I15,EA20,2022-07,108.6
M,PRD,MIG_CAG,SCA,I15,EA20,2022-08,122.6
M,PRD,MIG_CAG,SCA,I15,EA20,2022-09,119.7
M,PRD,MIG_CAG,SCA,I15,EA20,2022-10,117.9
M,PRD,MIG_CAG,SCA,I15,EA20,2022-11,117.0
M,PRD,MIG_CAG,SCA,I15,EA20,2022-12,114.9
M,PRD,MIG_CAG,SCA,I15,EA20,2023-01,115.0
M,PRD,MIG_CAG,SCA,I15,EA20,2023-02,116.6
M,PRD,MIG_CAG,SCA,I15,EA20,2023-03,99.9
M,PRD,MIG_CAG,SCA,I15,EA20,2023-04,112.7
M,PRD,MIG_CAG,SCA,I15,EA20,2023-05,113.4
M,PRD,MIG_CAG,SCA,I15,EA20,2023-06,113.3
M,PRD,MIG_CAG,SCA,I15,EA20,2023-07,109.9
M,PRD,MIG_CAG,SCA,I15,EA20,2023-08,110.4
M,PRD,MIG_CAG,SCA,I15,EA20,2023-09,110.6
M,PRD,MIG_CAG,SCA,I15,EA20,2023-10,109.1
M,PRD,MIG_CAG,SCA,I15,EA20,2023-11,110.0
M,PRD,MIG_CAG,SCA,I15,EA20,2023-12,132.5
M,PRD,MIG_CAG,SCA,I21,EA20,1991-01,71.1
M,PRD,MIG_CAG,SCA,I21,EA20,1991-02,69.3
M,PRD,MIG_CAG,SCA,I21,EA20,1991-03,69.2
M,PRD,MIG_CAG,SCA,I21,EA20,1991-04,68.3
M,PRD,MIG_CAG,SCA,I21,EA20,1991-05,68.0
M,PRD,MIG_CAG,SCA,I21,EA20,1991-06,70.4
M,PRD,MIG_CAG,SCA,I21,EA20,1991-07,67.9
M,PRD,MIG_CAG,SCA,I21,EA20,1991-08,68.4
M,PRD,MIG_CAG,SCA,I21,EA20,1991-09,67.5
M,PRD,MIG_CAG,SCA,I21,EA20,1991-10,68.0
M,PRD,MIG_CAG,SCA,I21,EA20,1991-11,69.1
M,PRD,MIG_CAG,SCA,I21,EA20,1991-12,68.1
M,PRD,MIG_CAG,SCA,I21,EA20,1992-01,69.4
M,PRD,MIG_CAG,SCA,I21,EA20,1992-02,70.1
M,PRD,MIG_CAG,SCA,I21,EA20,1992-03,68.9
M,PRD,MIG_CAG,SCA,I21,EA20,1992-04,68.7
M,PRD,MIG_CAG,SCA,I21,EA20,1992-05,68.1
M,PRD,MIG_CAG,SCA,I21,EA20,1992-06,67.1
M,PRD,MIG_CAG,SCA,I21,EA20,1992-07,65.5
M,PRD,MIG_CAG,SCA,I21,EA20,1992-08,65.9
M,PRD,MIG_CAG,SCA,I21,EA20,1992-09,64.9
M,PRD,MIG_CAG,SCA,I21,EA20,1992-10,64.9
M,PRD,MIG_CAG,SCA,I21,EA20,1992-11,64.3
M,PRD,MIG_CAG,SCA,I21,EA20,1992-12,62.4
M,PRD,MIG_CAG,SCA,I21,EA20,1993-01,62.0
M,PRD,MIG_CAG,SCA,I21,EA20,1993-02,60.2
M,PRD,MIG_CAG,SCA,I21,EA20,1993-03,60.3
M,PRD,MIG_CAG,SCA,I21,EA20,1993-04,59.9
M,PRD,MIG_CAG,SCA,I21,EA20,1993-05,60.3
M,PRD,MIG_CAG,SCA,I21,EA20,1993-06,58.9
M,PRD,MIG_CAG,SCA,I21,EA20,1993-07,57.6
M,PRD,MIG_CAG,SCA,I21,EA20,1993-08,60.7
M,PRD,MIG_CAG,SCA,I21,EA20,1993-09,59.6
M,PRD,MIG_CAG,SCA,I21,EA20,1993-10,59.7
M,PRD,MIG_CAG,SCA,I21,EA20,1993-11,58.2
M,PRD,MIG_CAG,SCA,I21,EA20,1993-12,59.4
M,PRD,MIG_CAG,SCA,I21,EA20,1994-01,58.1
M,PRD,MIG_CAG,SCA,I21,EA20,1994-02,60.4
M,PRD,MIG_CAG,SCA,I21,EA20,1994-03,60.0
M,PRD,MIG_CAG,SCA,I21,EA20,1994-04,61.4
M,PRD,MIG_CAG,SCA,I21,EA20,1994-05,61.3
M,PRD,MIG_CAG,SCA,I21,EA20,1994-06,62.2
M,PRD,MIG_CAG,SCA,I21,EA20,1994-07,62.5
M,PRD,MIG_CAG,SCA,I21,EA20,1994-08,62.0
M,PRD,MIG_CAG,SCA,I21,EA20,1994-09,63.1
M,PRD,MIG_CAG,SCA,I21,EA20,1994-10,64.1
M,PRD,MIG_CAG,SCA,I21,EA20,1994-11,63.9
M,PRD,MIG_CAG,SCA,I21,EA20,1994-12,64.9
M,PRD,MIG_CAG,SCA,I21,EA20,1995-01,64.5
M,PRD,MIG_CAG,SCA,I21,EA20,1995-02,65.2
M,PRD,MIG_CAG,SCA,I21,EA20,1995-03,64.9
M,PRD,MIG_CAG,SCA,I21,EA20,1995-04,65.3
M,PRD,MIG_CAG,SCA,I21,EA20,1995-05,65.9
M,PRD,MIG_CAG,SCA,I21,EA20,1995-06,65.7
M,PRD,MIG_CAG,SCA,I21,EA20,1995-07,65.8
M,PRD,MIG_CAG,SCA,I21,EA20,1995-08,65.6
M,PRD,MIG_CAG,SCA,I21,EA20,1995-09,67.0
M,PRD,MIG_CAG,SCA,I21,EA20,1995-10,65.8
M,PRD,MIG_CAG,SCA,I21,EA20,1995-11,66.9
M,PRD,MIG_CAG,SCA,I21,EA20,1995-12,68.8
M,PRD,MIG_CAG,SCA,I21,EA20,1996-01,67.1
M,PRD,MIG_CAG,SCA,I21,EA20,1996-02,66.6
M,PRD,MIG_CAG,SCA,I21,EA20,1996-03,66.7
M,PRD,MIG_CAG,SCA,I21,EA20,1996-04,66.5
M,PRD,MIG_CAG,SCA,I21,EA20,1996-05,66.6
M,PRD,MIG_CAG,SCA,I21,EA20,1996-06,67.1
M,PRD,MIG_CAG,SCA,I21,EA20,1996-07,66.0
M,PRD,MIG_CAG,SCA,I21,EA20,1996-08,66.8
M,PRD,MIG_CAG,SCA,I21,EA20,1996-09,67.3
M,PRD,MIG_CAG,SCA,I21,EA20,1996-10,66.6
M,PRD,MIG_CAG,SCA,I21,EA20,1996-11,67.6
M,PRD,MIG_CAG,SCA,I21,EA20,1996-12,67.2
M,PRD,MIG_CAG,SCA,I21,EA20,1997-01,66.8
M,PRD,MIG_CAG,SCA,I21,EA20,1997-02,67.4
M,PRD,MIG_CAG,SCA,I21,EA20,1997-03,68.9
M,PRD,MIG_CAG,SCA,I21,EA20,1997-04,69.4
M,PRD,MIG_CAG,SCA,I21,EA20,1997-05,68.3
M,PRD,MIG_CAG,SCA,I21,EA20,1997-06,70.7
M,PRD,MIG_CAG,SCA,I21,EA20,1997-07,71.3
M,PRD,MIG_CAG,SCA,I21,EA20,1997-08,70.6
M,PRD,MIG_CAG,SCA,I21,EA20,1997-09,70.6
M,PRD,MIG_CAG,SCA,I21,EA20,1997-10,71.9
M,PRD,MIG_CAG,SCA,I21,EA20,1997-11,72.1
M,PRD,MIG_CAG,SCA,I21,EA20,1997-12,72.1
M,PRD,MIG_CAG,SCA,I21,EA20,1998-01,72.8
M,PRD,MIG_CAG,SCA,I21,EA20,1998-02,73.5
M,PRD,MIG_CAG,SCA,I21,EA20,1998-03,73.7
M,PRD,MIG_CAG,SCA,I21,EA20,1998-04,74.0
M,PRD,MIG_CAG,SCA,I21,EA20,1998-05,74.8
M,PRD,MIG_CAG,SCA,I21,EA20,1998-06,74.3
M,PRD,MIG_CAG,SCA,I21,EA20,1998-07,75.9
M,PRD,MIG_CAG,SCA,I21,EA20,1998-08,74.2
M,PRD,MIG_CAG,SCA,I21,EA20,1998-09,74.5
M,PRD,MIG_CAG,SCA,I21,EA20,1998-10,75.5
M,PRD,MIG_CAG,SCA,I21,EA20,1998-11,75.1
M,PRD,MIG_CAG,SCA,I21,EA20,1998-12,73.7
M,PRD,MIG_CAG,SCA,I21,EA20,1999-01,74.7
M,PRD,MIG_CAG,SCA,I21,EA20,1999-02,74.2
M,PRD,MIG_CAG,SCA,I21,EA20,1999-03,74.2
M,PRD,MIG_CAG,SCA,I21,EA20,1999-04,75.3
M,PRD,MIG_CAG,SCA,I21,EA20,1999-05,75.7
M,PRD,MIG_CAG,SCA,I21,EA20,1999-06,75.5
M,PRD,MIG_CAG,SCA,I21,EA20,1999-07,76.4
M,PRD,MIG_CAG,SCA,I21,EA20,1999-08,75.7
M,PRD,MIG_CAG,SCA,I21,EA20,1999-09,76.9
M,PRD,MIG_CAG,SCA,I21,EA20,1999-10,77.7
M,PRD,MIG_CAG,SCA,I21,EA20,1999-11,77.9
M,PRD,MIG_CAG,SCA,I21,EA20,1999-12,77.4
M,PRD,MIG_CAG,SCA,I21,EA20,2000-01,78.9
M,PRD,MIG_CAG,SCA,I21,EA20,2000-02,79.9
M,PRD,MIG_CAG,SCA,I21,EA20,2000-03,80.4
M,PRD,MIG_CAG,SCA,I21,EA20,2000-04,81.6
M,PRD,MIG_CAG,SCA,I21,EA20,2000-05,83.0
M,PRD,MIG_CAG,SCA,I21,EA20,2000-06,81.8
M,PRD,MIG_CAG,SCA,I21,EA20,2000-07,83.0
M,PRD,MIG_CAG,SCA,I21,EA20,2000-08,82.6
M,PRD,MIG_CAG,SCA,I21,EA20,2000-09,83.2
M,PRD,MIG_CAG,SCA,I21,EA20,2000-10,83.3
M,PRD,MIG_CAG,SCA,I21,EA20,2000-11,84.2
M,PRD,MIG_CAG,SCA,I21,EA20,2000-12,85.4
M,PRD,MIG_CAG,SCA,I21,EA20,2001-01,85.3
M,PRD,MIG_CAG,SCA,I21,EA20,2001-02,85.9
M,PRD,MIG_CAG,SCA,I21,EA20,2001-03,85.3
M,PRD,MIG_CAG,SCA,I21,EA20,2001-04,83.0
M,PRD,MIG_CAG,SCA,I21,EA20,2001-05,83.6
M,PRD,MIG_CAG,SCA,I21,EA20,2001-06,83.8
M,PRD,MIG_CAG,SCA,I21,EA20,2001-07,81.4
M,PRD,MIG_CAG,SCA,I21,EA20,2001-08,84.5
M,PRD,MIG_CAG,SCA,I21,EA20,2001-09,83.0
M,PRD,MIG_CAG,SCA,I21,EA20,2001-10,80.8
M,PRD,MIG_CAG,SCA,I21,EA20,2001-11,79.6
M,PRD,MIG_CAG,SCA,I21,EA20,2001-12,80.4
M,PRD,MIG_CAG,SCA,I21,EA20,2002-01,80.6
M,PRD,MIG_CAG,SCA,I21,EA20,2002-02,80.9
M,PRD,MIG_CAG,SCA,I21,EA20,2002-03,81.3
M,PRD,MIG_CAG,SCA,I21,EA20,2002-04,81.4
M,PRD,MIG_CAG,SCA,I21,EA20,2002-05,80.6
M,PRD,MIG_CAG,SCA,I21,EA20,2002-06,82.5
M,PRD,MIG_CAG,SCA,I21,EA20,2002-07,80.6
M,PRD,MIG_CAG,SCA,I21,EA20,2002-08,82.8
M,PRD,MIG_CAG,SCA,I21,EA20,2002-09,81.8
M,PRD,MIG_CAG,SCA,I21,EA20,2002-10,80.6
M,PRD,MIG_CAG,SCA,I21,EA20,2002-11,82.5
M,PRD,MIG_CAG,SCA,I21,EA20,2002-12,81.0
M,PRD,MIG_CAG,SCA,I21,EA20,2003-01,81.7
M,PRD,MIG_CAG,SCA,I21,EA20,2003-02,81.6
M,PRD,MIG_CAG,SCA,I21,EA20,2003-03,81.1
M,PRD,MIG_CAG,SCA,I21,EA20,2003-04,81.5
M,PRD,MIG_CAG,SCA,I21,EA20,2003-05,80.0
M,PRD,MIG_CAG,SCA,I21,EA20,2003-06,78.8
M,PRD,MIG_CAG,SCA,I21,EA20,2003-07,81.4
M,PRD,MIG_CAG,SCA,I21,EA20,2003-08,79.8
M,PRD,MIG_CAG,SCA,I21,EA20,2003-09,79.8
M,PRD,MIG_CAG,SCA,I21,EA20,2003-10,82.3
M,PRD,MIG_CAG,SCA,I21,EA20,2003-11,83.3
M,PRD,MIG_CAG,SCA,I21,EA20,2003-12,83.4
M,PRD,MIG_CAG,SCA,I21,EA20,2004-01,82.0
M,PRD,MIG_CAG,SCA,I21,EA20,2004-02,82.9
M,PRD,MIG_CAG,SCA,I21,EA20,2004-03,82.5
M,PRD,MIG_CAG,SCA,I21,EA20,2004-04,83.1
M,PRD,MIG_CAG,SCA,I21,EA20,2004-05,84.5
M,PRD,MIG_CAG,SCA,I21,EA20,2004-06,84.0
M,PRD,MIG_CAG,SCA,I21,EA20,2004-07,85.1
M,PRD,MIG_CAG,SCA,I21,EA20,2004-08,83.5
M,PRD,MIG_CAG,SCA,I21,EA20,2004-09,84.4
M,PRD,MIG_CAG,SCA,I21,EA20,2004-10,85.6
M,PRD,MIG_CAG,SCA,I21,EA20,2004-11,83.3
M,PRD,MIG_CAG,SCA,I21,EA20,2004-12,83.0
M,PRD,MIG_CAG,SCA,I21,EA20,2005-01,85.3
M,PRD,MIG_CAG,SCA,I21,EA20,2005-02,84.4
M,PRD,MIG_CAG,SCA,I21,EA20,2005-03,85.2
M,PRD,MIG_CAG,SCA,I21,EA20,2005-04,86.9
M,PRD,MIG_CAG,SCA,I21,EA20,2005-05,85.2
M,PRD,MIG_CAG,SCA,I21,EA20,2005-06,86.9
M,PRD,MIG_CAG,SCA,I21,EA20,2005-07,87.8
M,PRD,MIG_CAG,SCA,I21,EA20,2005-08,84.3
M,PRD,MIG_CAG,SCA,I21,EA20,2005-09,88.1
M,PRD,MIG_CAG,SCA,I21,EA20,2005-10,87.6
M,PRD,MIG_CAG,SCA,I21,EA20,2005-11,88.6
M,PRD,MIG_CAG,SCA,I21,EA20,2005-12,88.4
M,PRD,MIG_CAG,SCA,I21,EA20,2006-01,88.6
M,PRD,MIG_CAG,SCA,I21,EA20,2006-02,89.6
M,PRD,MIG_CAG,SCA,I21,EA20,2006-03,89.9
M,PRD,MIG_CAG,SCA,I21,EA20,2006-04,89.3
M,PRD,MIG_CAG,SCA,I21,EA20,2006-05,91.6
M,PRD,MIG_CAG,SCA,I21,EA20,2006-06,91.6
M,PRD,MIG_CAG,SCA,I21,EA20,2006-07,92.6
M,PRD,MIG_CAG,SCA,I21,EA20,2006-08,92.2
M,PRD,MIG_CAG,SCA,I21,EA20,2006-09,93.2
M,PRD,MIG_CAG,SCA,I21,EA20,2006-10,92.8
M,PRD,MIG_CAG,SCA,I21,EA20,2006-11,94.4
M,PRD,MIG_CAG,SCA,I21,EA20,2006-12,95.6
M,PRD,MIG_CAG,SCA,I21,EA20,2007-01,95.8
M,PRD,MIG_CAG,SCA,I21,EA20,2007-02,96.0
M,PRD,MIG_CAG,SCA,I21,EA20,2007-03,97.0
M,PRD,MIG_CAG,SCA,I21,EA20,2007-04,94.9
M,PRD,MIG_CAG,SCA,I21,EA20,2007-05,97.4
M,PRD,MIG_CAG,SCA,I21,EA20,2007-06,98.3
M,PRD,MIG_CAG,SCA,I21,EA20,2007-07,98.9
M,PRD,MIG_CAG,SCA,I21,EA20,2007-08,98.8
M,PRD,MIG_CAG,SCA,I21,EA20,2007-09,99.0
M,PRD,MIG_CAG,SCA,I21,EA20,2007-10,99.9
M,PRD,MIG_CAG,SCA,I21,EA20,2007-11,99.0
M,PRD,MIG_CAG,SCA,I21,EA20,2007-12,99.0
M,PRD,MIG_CAG,SCA,I21,EA20,2008-01,102.7
M,PRD,MIG_CAG,SCA,I21,EA20,2008-02,102.5
M,PRD,MIG_CAG,SCA,I21,EA20,2008-03,100.2
M,PRD,MIG_CAG,SCA,I21,EA20,2008-04,102.8
M,PRD,MIG_CAG,SCA,I21,EA20,2008-05,99.2
M,PRD,MIG_CAG,SCA,I21,EA20,2008-06,99.3
M,PRD,MIG_CAG,SCA,I21,EA20,2008-07,98.3
M,PRD,MIG_CAG,SCA,I21,EA20,2008-08,97.3
M,PRD,MIG_CAG,SCA,I21,EA20,2008-09,97.0
M,PRD,MIG_CAG,SCA,I21,EA20,2008-10,93.9
M,PRD,MIG_CAG,SCA,I21,EA20,2008-11,90.8
M,PRD,MIG_CAG,SCA,I21,EA20,2008-12,87.4
M,PRD,MIG_CAG,SCA,I21,EA20,2009-01,79.2
M,PRD,MIG_CAG,SCA,I21,EA20,2009-02,76.2
M,PRD,MIG_CAG,SCA,I21,EA20,2009-03,77.1
M,PRD,MIG_CAG,SCA,I21,EA20,2009-04,74.6
M,PRD,MIG_CAG,SCA,I21,EA20,2009-05,77.3
M,PRD,MIG_CAG,SCA,I21,EA20,2009-06,76.7
M,PRD,MIG_CAG,SCA,I21,EA20,2009-07,75.4
M,PRD,MIG_CAG,SCA,I21,EA20,2009-08,76.1
M,PRD,MIG_CAG,SCA,I21,EA20,2009-09,79.0
M,PRD,MIG_CAG,SCA,I21,EA20,2009-10,77.1
M,PRD,MIG_CAG,SCA,I21,EA20,2009-11,78.1
M,PRD,MIG_CAG,SCA,I21,EA20,2009-12,77.4
M,PRD,MIG_CAG,SCA,I21,EA20,2010-01,78.9
M,PRD,MIG_CAG,SCA,I21,EA20,2010-02,78.3
M,PRD,MIG_CAG,SCA,I21,EA20,2010-03,81.2
M,PRD,MIG_CAG,SCA,I21,EA20,2010-04,81.4
M,PRD,MIG_CAG,SCA,I21,EA20,2010-05,83.8
M,PRD,MIG_CAG,SCA,I21,EA20,2010-06,84.5
M,PRD,MIG_CAG,SCA,I21,EA20,2010-07,83.2
M,PRD,MIG_CAG,SCA,I21,EA20,2010-08,84.8
M,PRD,MIG_CAG,SCA,I21,EA20,2010-09,86.3
M,PRD,MIG_CAG,SCA,I21,EA20,2010-10,87.8
M,PRD,MIG_CAG,SCA,I21,EA20,2010-11,87.9
M,PRD,MIG_CAG,SCA,I21,EA20,2010-12,90.4
M,PRD,MIG_CAG,SCA,I21,EA20,2011-01,89.2
M,PRD,MIG_CAG,SCA,I21,EA20,2011-02,90.5
M,PRD,MIG_CAG,SCA,I21,EA20,2011-03,90.5
M,PRD,MIG_CAG,SCA,I21,EA20,2011-04,90.5
M,PRD,MIG_CAG,SCA,I21,EA20,2011-05,92.7
M,PRD,MIG_CAG,SCA,I21,EA20,2011-06,90.3
M,PRD,MIG_CAG,SCA,I21,EA20,2011-07,92.6
M,PRD,MIG_CAG,SCA,I21,EA20,2011-08,93.0
M,PRD,MIG_CAG,SCA,I21,EA20,2011-09,91.2
M,PRD,MIG_CAG,SCA,I21,EA20,2011-10,92.1
M,PRD,MIG_CAG,SCA,I21,EA20,2011-11,92.2
M,PRD,MIG_CAG,SCA,I21,EA20,2011-12,92.1
M,PRD,MIG_CAG,SCA,I21,EA20,2012-01,91.1
M,PRD,MIG_CAG,SCA,I21,EA20,2012-02,91.5
M,PRD,MIG_CAG,SCA,I21,EA20,2012-03,92.6
M,PRD,MIG_CAG,SCA,I21,EA20,2012-04,90.1
M,PRD,MIG_CAG,SCA,I21,EA20,2012-05,91.6
M,PRD,MIG_CAG,SCA,I21,EA20,2012-06,90.3
M,PRD,MIG_CAG,SCA,I21,EA20,2012-07,92.0
M,PRD,MIG_CAG,SCA,I21,EA20,2012-08,92.8
M,PRD,MIG_CAG,SCA,I21,EA20,2012-09,90.8
M,PRD,MIG_CAG,SCA,I21,EA20,2012-10,88.6
M,PRD,MIG_CAG,SCA,I21,EA20,2012-11,88.5
M,PRD,MIG_CAG,SCA,I21,EA20,2012-12,89.6
M,PRD,MIG_CAG,SCA,I21,EA20,2013-01,87.6
M,PRD,MIG_CAG,SCA,I21,EA20,2013-02,88.7
M,PRD,MIG_CAG,SCA,I21,EA20,2013-03,89.9
M,PRD,MIG_CAG,SCA,I21,EA20,2013-04,90.7
M,PRD,MIG_CAG,SCA,I21,EA20,2013-05,89.7
M,PRD,MIG_CAG,SCA,I21,EA20,2013-06,91.6
M,PRD,MIG_CAG,SCA,I21,EA20,2013-07,89.3
M,PRD,MIG_CAG,SCA,I21,EA20,2013-08,91.4
M,PRD,MIG_CAG,SCA,I21,EA20,2013-09,91.0
M,PRD,MIG_CAG,SCA,I21,EA20,2013-10,90.1
M,PRD,MIG_CAG,SCA,I21,EA20,2013-11,92.5
M,PRD,MIG_CAG,SCA,I21,EA20,2013-12,92.0
M,PRD,MIG_CAG,SCA,I21,EA20,2014-01,91.9
M,PRD,MIG_CAG,SCA,I21,EA20,2014-02,92.2
M,PRD,MIG_CAG,SCA,I21,EA20,2014-03,92.4
M,PRD,MIG_CAG,SCA,I21,EA20,2014-04,92.1
M,PRD,MIG_CAG,SCA,I21,EA20,2014-05,91.8
M,PRD,MIG_CAG,SCA,I21,EA20,2014-06,91.9
M,PRD,MIG_CAG,SCA,I21,EA20,2014-07,93.7
M,PRD,MIG_CAG,SCA,I21,EA20,2014-08,90.3
M,PRD,MIG_CAG,SCA,I21,EA20,2014-09,92.8
M,PRD,MIG_CAG,SCA,I21,EA20,2014-10,91.9
M,PRD,MIG_CAG,SCA,I21,EA20,2014-11,92.1
M,PRD,MIG_CAG,SCA,I21,EA20,2014-12,94.0
M,PRD,MIG_CAG,SCA,I21,EA20,2015-01,94.5
M,PRD,MIG_CAG,SCA,I21,EA20,2015-02,96.7
M,PRD,MIG_CAG,SCA,I21,EA20,2015-03,96.9
M,PRD,MIG_CAG,SCA,I21,EA20,2015-04,96.5
M,PRD,MIG_CAG,SCA,I21,EA20,2015-05,98.5
M,PRD,MIG_CAG,SCA,I21,EA20,2015-06,97.4
M,PRD,MIG_CAG,SCA,I21,EA20,2015-07,98.7
M,PRD,MIG_CAG,SCA,I21,EA20,2015-08,98.0
M,PRD,MIG_CAG,SCA,I21,EA20,2015-09,97.2
M,PRD,MIG_CAG,SCA,I21,EA20,2015-10,98.3
M,PRD,MIG_CAG,SCA,I21,EA20,2015-11,96.2
M,PRD,MIG_CAG,SCA,I21,EA20,2015-12,96.9
M,PRD,MIG_CAG,SCA,I21,EA20,2016-01,100.6
M,PRD,MIG_CAG,SCA,I21,EA20,2016-02,96.9
M,PRD,MIG_CAG,SCA,I21,EA20,2016-03,96.9
M,PRD,MIG_CAG,SCA,I21,EA20,2016-04,99.0
M,PRD,MIG_CAG,SCA,I21,EA20,2016-05,96.6
M,PRD,MIG_CAG,SCA,I21,EA20,2016-06,98.5
M,PRD,MIG_CAG,SCA,I21,EA20,2016-07,97.1
M,PRD,MIG_CAG,SCA,I21,EA20,2016-08,98.1
M,PRD,MIG_CAG,SCA,I21,EA20,2016-09,98.0
M,PRD,MIG_CAG,SCA,I21,EA20,2016-10,100.8
M,PRD,MIG_CAG,SCA,I21,EA20,2016-11,98.8
M,PRD,MIG_CAG,SCA,I21,EA20,2016-12,97.4
M,PRD,MIG_CAG,SCA,I21,EA20,2017-01,98.3
M,PRD,MIG_CAG,SCA,I21,EA20,2017-02,99.9
M,PRD,MIG_CAG,SCA,I21,EA20,2017-03,99.1
M,PRD,MIG_CAG,SCA,I21,EA20,2017-04,100.3
M,PRD,MIG_CAG,SCA,I21,EA20,2017-05,101.2
M,PRD,MIG_CAG,SCA,I21,EA20,2017-06,99.0
M,PRD,MIG_CAG,SCA,I21,EA20,2017-07,102.0
M,PRD,MIG_CAG,SCA,I21,EA20,2017-08,103.6
M,PRD,MIG_CAG,SCA,I21,EA20,2017-09,102.9
M,PRD,MIG_CAG,SCA,I21,EA20,2017-10,103.3
M,PRD,MIG_CAG,SCA,I21,EA20,2017-11,107.8
M,PRD,MIG_CAG,SCA,I21,EA20,2017-12,106.1
M,PRD,MIG_CAG,SCA,I21,EA20,2018-01,104.7
M,PRD,MIG_CAG,SCA,I21,EA20,2018-02,101.7
M,PRD,MIG_CAG,SCA,I21,EA20,2018-03,102.2
M,PRD,MIG_CAG,SCA,I21,EA20,2018-04,104.5
M,PRD,MIG_CAG,SCA,I21,EA20,2018-05,105.2
M,PRD,MIG_CAG,SCA,I21,EA20,2018-06,104.3
M,PRD,MIG_CAG,SCA,I21,EA20,2018-07,102.8
M,PRD,MIG_CAG,SCA,I21,EA20,2018-08,104.5
M,PRD,MIG_CAG,SCA,I21,EA20,2018-09,103.4
M,PRD,MIG_CAG,SCA,I21,EA20,2018-10,104.9
M,PRD,MIG_CAG,SCA,I21,EA20,2018-11,102.3
M,PRD,MIG_CAG,SCA,I21,EA20,2018-12,103.1
M,PRD,MIG_CAG,SCA,I21,EA20,2019-01,103.3
M,PRD,MIG_CAG,SCA,I21,EA20,2019-02,103.4
M,PRD,MIG_CAG,SCA,I21,EA20,2019-03,104.3
M,PRD,MIG_CAG,SCA,I21,EA20,2019-04,103.5
M,PRD,MIG_CAG,SCA,I21,EA20,2019-05,103.6
M,PRD,MIG_CAG,SCA,I21,EA20,2019-06,101.9
M,PRD,MIG_CAG,SCA,I21,EA20,2019-07,103.1
M,PRD,MIG_CAG,SCA,I21,EA20,2019-08,103.2
M,PRD,MIG_CAG,SCA,I21,EA20,2019-09,104.1
M,PRD,MIG_CAG,SCA,I21,EA20,2019-10,104.1
M,PRD,MIG_CAG,SCA,I21,EA20,2019-11,102.8
M,PRD,MIG_CAG,SCA,I21,EA20,2019-12,99.5
M,PRD,MIG_CAG,SCA,I21,EA20,2020-01,102.6
M,PRD,MIG_CAG,SCA,I21,EA20,2020-02,101.0
M,PRD,MIG_CAG,SCA,I21,EA20,2020-03,83.2
M,PRD,MIG_CAG,SCA,I21,EA20,2020-04,60.7
M,PRD,MIG_CAG,SCA,I21,EA20,2020-05,76.5
M,PRD,MIG_CAG,SCA,I21,EA20,2020-06,87.9
M,PRD,MIG_CAG,SCA,I21,EA20,2020-07,95.0
M,PRD,MIG_CAG,SCA,I21,EA20,2020-08,92.4
M,PRD,MIG_CAG,SCA,I21,EA20,2020-09,93.2
M,PRD,MIG_CAG,SCA,I21,EA20,2020-10,97.7
M,PRD,MIG_CAG,SCA,I21,EA20,2020-11,103.8
M,PRD,MIG_CAG,SCA,I21,EA20,2020-12,101.3
M,PRD,MIG_CAG,SCA,I21,EA20,2021-01,104.0
M,PRD,MIG_CAG,SCA,I21,EA20,2021-02,102.1
M,PRD,MIG_CAG,SCA,I21,EA20,2021-03,100.8
M,PRD,MIG_CAG,SCA,I21,EA20,2021-04,103.0
M,PRD,MIG_CAG,SCA,I21,EA20,2021-05,99.9
M,PRD,MIG_CAG,SCA,I21,EA20,2021-06,94.4
M,PRD,MIG_CAG,SCA,I21,EA20,2021-07,101.9
M,PRD,MIG_CAG,SCA,I21,EA20,2021-08,95.7
M,PRD,MIG_CAG,SCA,I21,EA20,2021-09,95.9
M,PRD,MIG_CAG,SCA,I21,EA20,2021-10,99.1
M,PRD,MIG_CAG,SCA,I21,EA20,2021-11,99.7
M,PRD,MIG_CAG,SCA,I21,EA20,2021-12,103.6
M,PRD,MIG_CAG,SCA,I21,EA20,2022-01,102.2
M,PRD,MIG_CAG,SCA,I21,EA20,2022-02,101.7
M,PRD,MIG_CAG,SCA,I21,EA20,2022-03,98.5
M,PRD,MIG_CAG,SCA,I21,EA20,2022-04,98.7
M,PRD,MIG_CAG,SCA,I21,EA20,2022-05,102.7
M,PRD,MIG_CAG,SCA,I21,EA20,2022-06,104.8
M,PRD,MIG_CAG,SCA,I21,EA20,2022-07,101.5
M,PRD,MIG_CAG,SCA,I21,EA20,2022-08,106.7
M,PRD,MIG_CAG,SCA,I21,EA20,2022-09,108.3
M,PRD,MIG_CAG,SCA,I21,EA20,2022-10,107.9
M,PRD,MIG_CAG,SCA,I21,EA20,2022-11,108.0
M,PRD,MIG_CAG,SCA,I21,EA20,2022-12,104.3
M,PRD,MIG_CAG,SCA,I21,EA20,2023-01,110.6
M,PRD,MIG_CAG,SCA,I21,EA20,2023-02,112.1
M,PRD,MIG_CAG,SCA,I21,EA20,2023-03,101.1
M,PRD,MIG_CAG,SCA,I21,EA20,2023-04,108.7
M,PRD,MIG_CAG,SCA,I21,EA20,2023-05,108.2
M,PRD,MIG_CAG,SCA,I21,EA20,2023-06,110.7
M,PRD,MIG_CAG,SCA,I21,EA20,2023-07,104.6
M,PRD,MIG_CAG,SCA,I21,EA20,2023-08,103.8
M,PRD,MIG_CAG,SCA,I21,EA20,2023-09,105.5
M,PRD,MIG_CAG,SCA,I21,EA20,2023-10,104.2
M,PRD,MIG_CAG,SCA,I21,EA20,2023-11,105.0
M,PRD,MIG_CAG,SCA,I21,EA20,2023-12,107.9
M,PRD,MIG_CAG,SCA,I21,EA20,2024-01,102.6
M,PRD,MIG_CAG,SCA,I21,EA20,2024-02,102.5
M,PRD,MIG_CAG,SCA,I21,EA20,2024-03,102.7
M,PRD,MIG_CAG,SCA,I21,EA20,2024-04,102.7
M,PRD,MIG_CAG,SCA,I21,EA20,2024-05,99.4
M,PRD,MIG_CAG,SCA,I21,EA20,2024-06,103.1
M,PRD,MIG_CAG,SCA,I21,EA20,2024-07,101.2
M,PRD,MIG_CAG,SCA,I21,EA20,2024-08,102.3
M,PRD,MIG_CAG,SCA,I21,EA20,2024-09,100.6
M,PRD,MIG_CAG,SCA,I21,EA20,2024-10,102.1
M,PRD,MIG_CAG,SCA,I21,EA20,2024-11,101.9
M,PRD,MIG_CAG,SCA,I21,EA20,2024-12,99.7
M,PRD,MIG_CAG,SCA,I21,EA20,2025-01,101.8
M,PRD,MIG_CAG,SCA,I21,EA20,2025-02,101.4
M,PRD,MIG_CAG,SCA,I21,EA20,2025-03,103.4
M,PRD,MIG_CAG,SCA,I21,EA20,2025-04,101.8
M,PRD,MIG_CAG,SCA,I21,EA20,2025-05,102.9
M,PRD,MIG_CAG,SCA,I21,EA20,2025-06,103.0
M,PRD,MIG_CAG,SCA,I21,EA20,2025-07,102.3
M,PRD,MIG_CAG,SCA,I21,EA20,2025-08,102.3
M,PRD,MIG_CAG,SCA,I21,EA20,2025-09,102.7
M,PRD,MIG_CAG,SCA,I21,EA20,2025-10,102.1
M,PRD,MIG_CAG,SCA,I21,EA20,2025-11,105.1
M,PRD,MIG_CAG,SCA,I21,EA20,2025-12,104.7
M,PRD,MIG_CAG,SCA,I21,EA20,2026-01,102.4
M,PRD,MIG_CAG,SCA,I21,EA20,2026-02,103.5
M,PRD,MIG_CAG,SCA,I21,EA20,2026-03,104.9
M,PRD,MIG_CAG,SCA,I21,EA20,2026-04,104.6
M,PRD,MIG_CAG,SCA,I21,EA20,2026-05,105.0
M,PRD,MIG_CAG,SCA,I21,EA20,2026-06,103.1
M,PRD,MIG_CAG,SCA,I21,EA20,2026-07,103.7
M,PRD,MIG_CAG,SCA,PCH_PRE,EA20,1991-02,-2.5
M,PRD,MIG_CAG,SCA,PCH_PRE,EA20,1991-03,-0.1
M,PRD,MIG_CAG,SCA,PCH_PRE,EA20,1991-04,-1.3
M,PRD,MIG_CAG,SCA,PCH_PRE,EA20,1991-05,-0.4
M,PRD,MIG_CAG,SCA,PCH_PRE,EA20,1991-06,3.5
M,PRD,MIG_CAG,SCA,PCH_PRE,EA20,1991-07,-3.6
M,PRD,MIG_CAG,SCA,PCH_PRE,EA20,1991-08,0.7
M,PRD,MIG_CAG,SCA,PCH_PRE,EA20,1991-09,-1.3
M,PRD,MIG_CAG,SCA,PCH_PRE,EA20,1991-10,0.7
M,PRD,MIG_CAG,SCA,PCH_PRE,EA20,1991-11,1.6
M,PRD,MIG_CAG,SCA,PCH_PRE,EA20,1991-12,-1.4
M,PRD,MIG_CAG,SCA,PCH_PRE,EA20,1992-01,1.9
M,PRD,MIG_CAG,SCA,PCH_PRE,EA20,1992-02,1.0
M,PRD,MIG_CAG,SCA,PCH_PRE,EA20,1992-03,-1.7
M,PRD,MIG_CAG,SCA,PCH_PRE,EA20,1992-04,-0.3
M,PRD,MIG_CAG,SCA,PCH_PRE,EA20,1992-05,-0.9
M,PRD,MIG_CAG,SCA,PCH_PRE,EA20,1992-06,-1.5
M,PRD,MIG_CAG,SCA,PCH_PRE,EA20,1992-07,-2.4
M,PRD,MIG_CAG,SCA,PCH_PRE,EA20,1992-08,0.6
M,PRD,MIG_CAG,SCA,PCH_PRE,EA20,1992-09,-1.5
M,PRD,MIG_CAG,SCA,PCH_PRE,EA20,1992-10,0.0
M,PRD,MIG_CAG,SCA,PCH_PRE,EA20,1992-11,-0.9
M,PRD,MIG_CAG,SCA,PCH_PRE,EA20,1992-12,-3.0
M,PRD,MIG_CAG,SCA,PCH_PRE,EA20,1993-01,-0.6
M,PRD,MIG_CAG,SCA,PCH_PRE,EA20,1993-02,-2.9
M,PRD,MIG_CAG,SCA,PCH_PRE,EA20,1993-03,0.2
M,PRD,MIG_CAG,SCA,PCH_PRE,EA20,1993-04,-0.7
M,PRD,MIG_CAG,SCA,PCH_PRE,EA20,1993-05,0.7
M,PRD,MIG_CAG,SCA,PCH_PRE,EA20,1993-06,-2.3
M,PRD,MIG_CAG,SCA,PCH_PRE,EA20,1993-07,-2.2
M,PRD,MIG_CAG,SCA,PCH_PRE,EA20,1993-08,5.4
M,PRD,MIG_CAG,SCA,PCH_PRE,EA20,1993-09,-1.8
M,PRD,MIG_CAG,SCA,PCH_PRE,EA20,1993-10,0.2
M,PRD,MIG_CAG,SCA,PCH_PRE,EA20,1993-11,-2.5
M,PRD,MIG_CAG,SCA,PCH_PRE,EA20,1993-12,2.1
M,PRD,MIG_CAG,SCA,PCH_PRE,EA20,1994-01,-2.2
M,PRD,MIG_CAG,SCA,PCH_PRE,EA20,1994-02,4.0
M,PRD,MIG_CAG,SCA,PCH_PRE,EA20,1994-03,-0.7
M,PRD,MIG_CAG,SCA,PCH_PRE,EA20,1994-04,2.3
M,PRD,MIG_CAG,SCA,PCH_PRE,EA20,1994-05,-0.2
M,PRD,MIG_CAG,SCA,PCH_PRE,EA20,1994-06,1.5
M,PRD,MIG_CAG,SCA,PCH_PRE,EA20,1994-07,0.5
M,PRD,MIG_CAG,SCA,PCH_PRE,EA20,1994-08,-0.8
M,PRD,MIG_CAG,SCA,PCH_PRE,EA20,1994-09,1.8
M,PRD,MIG_CAG,SCA,PCH_PRE,EA20,1994-10,1.6
M,PRD,MIG_CAG,SCA,PCH_PRE,EA20,1994-11,-0.3
M,PRD,MIG_CAG,SCA,PCH_PRE,EA20,1994-12,1.6
M,PRD,MIG_CAG,SCA,PCH_PRE,EA20,1995-01,-0.6
M,PRD,MIG_CAG,SCA,PCH_PRE,EA20,1995-02,1.1
M,PRD,MIG_CAG,SCA,PCH_PRE,EA20,1995-03,-0.5
M,PRD,MIG_CAG,SCA,PCH_PRE,EA20,1995-04,0.6
M,PRD,MIG_CAG,SCA,PCH_PRE,EA20,1995-05,0.9
M,PRD,MIG_CAG,SCA,PCH_PRE,EA20,1995-06,-0.3
M,PRD,MIG_CAG,SCA,PCH_PRE,EA20,1995-07,0.2
M,PRD,MIG_CAG,SCA,PCH_PRE,EA20,1995-08,-0.3
M,PRD,MIG_CAG,SCA,PCH_PRE,EA20,1995-09,2.1
M,PRD,MIG_CAG,SCA,PCH_PRE,EA20,1995-10,-1.8
M,PRD,MIG_CAG,SCA,PCH_PRE,EA20,1995-11,1.7
M,PRD,MIG_CAG,SCA,PCH_PRE,EA20,1995-12,2.8
M,PRD,MIG_CAG,SCA,PCH_PRE,EA20,1996-01,-2.5
M,PRD,MIG_CAG,SCA,PCH_PRE,EA20,1996-02,-0.7
M,PRD,MIG_CAG,SCA,PCH_PRE,EA20,1996-03,0.2
M,PRD,MIG_CAG,SCA,PCH_PRE,EA20,1996-04,-0.3
M,PRD,MIG_CAG,SCA,PCH_PRE,EA20,1996-05,0.2
M,PRD,MIG_CAG,SCA,PCH_PRE,EA20,1996-06,0.8
M,PRD,MIG_CAG,SCA,PCH_PRE,EA20,1996-07,-1.6
M,PRD,MIG_CAG,SCA,PCH_PRE,EA20,1996-08,1.2
M,PRD,MIG_CAG,SCA,PCH_PRE,EA20,1996-09,0.7
M,PRD,MIG_CAG,SCA,PCH_PRE,EA20,1996-10,-1.0
M,PRD,MIG_CAG,SCA,PCH_PRE,EA20,1996-11,1.5
M,PRD,MIG_CAG,SCA,PCH_PRE,EA20,1996-12,-0.6
M,PRD,MIG_CAG,SCA,PCH_PRE,EA20,1997-01,-0.6
M,PRD,MIG_CAG,SCA,PCH_PRE,EA20,1997-02,0.9
M,PRD,MIG_CAG,SCA,PCH_PRE,EA20,1997-03,2.2
M,PRD,MIG_CAG,SCA,PCH_PRE,EA20,1997-04,0.7
M,PRD,MIG_CAG,SCA,PCH_PRE,EA20,1997-05,-1.6
M,PRD,MIG_CAG,SCA,PCH_PRE,EA20,1997-06,3.5
M,PRD,MIG_CAG,SCA,PCH_PRE,EA20,1997-07,0.8
M,PRD,MIG_CAG,SCA,PCH_PRE,EA20,1997-08,-1.0
M,PRD,MIG_CAG,SCA,PCH_PRE,EA20,1997-09,0.0
M,PRD,MIG_CAG,SCA,PCH_PRE,EA20,1997-10,1.8
M,PRD,MIG_CAG,SCA,PCH_PRE,EA20,1997-11,0.3
M,PRD,MIG_CAG,SCA,PCH_PRE,EA20,1997-12,0.0
M,PRD,MIG_CAG,SCA,PCH_PRE,EA20,1998-01,1.0
M,PRD,MIG_CAG,SCA,PCH_PRE,EA20,1998-02,1.0
M,PRD,MIG_CAG,SCA,PCH_PRE,EA20,1998-03,0.3
M,PRD,MIG_CAG,SCA,PCH_PRE,EA20,1998-04,0.4
M,PRD,MIG_CAG,SCA,PCH_PRE,EA20,1998-05,1.1
M,PRD,MIG_CAG,SCA,PCH_PRE,EA20,1998-06,-0.7
M,PRD,MIG_CAG,SCA,PCH_PRE,EA20,1998-07,2.2
M,PRD,MIG_CAG,SCA,PCH_PRE,EA20,1998-08,-2.2
M,PRD,MIG_CAG,SCA,PCH_PRE,EA20,1998-09,0.4
M,PRD,MIG_CAG,SCA,PCH_PRE,EA20,1998-10,1.3
M,PRD,MIG_CAG,SCA,PCH_PRE,EA20,1998-11,-0.5
M,PRD,MIG_CAG,SCA,PCH_PRE,EA20,1998-12,-1.9
M,PRD,MIG_CAG,SCA,PCH_PRE,EA20,1999-01,1.4
M,PRD,MIG_CAG,SCA,PCH_PRE,EA20,1999-02,-0.7
M,PRD,MIG_CAG,SCA,PCH_PRE,EA20,1999-03,0.0
M,PRD,MIG_CAG,SCA,PCH_PRE,EA20,1999-04,1.5
M,PRD,MIG_CAG,SCA,PCH_PRE,EA20,1999-05,0.5
M,PRD,MIG_CAG,SCA,PCH_PRE,EA20,1999-06,-0.3
M,PRD,MIG_CAG,SCA,PCH_PRE,EA20,1999-07,1.2
M,PRD,MIG_CAG,SCA,PCH_PRE,EA20,1999-08,-0.9
M,PRD,MIG_CAG,SCA,PCH_PRE,EA20,1999-09,1.6
M,PRD,MIG_CAG,SCA,PCH_PRE,EA20,1999-10,1.0
M,PRD,MIG_CAG,SCA,PCH_PRE,EA20,1999-11,0.3
M,PRD,MIG_CAG,SCA,PCH_PRE,EA20,1999-12,-0.6
M,PRD,MIG_CAG,SCA,PCH_PRE,EA20,2000-01,1.9
M,PRD,MIG_CAG,SCA,PCH_PRE,EA20,2000-02,1.3
M,PRD,MIG_CAG,SCA,PCH_PRE,EA20,2000-03,0.6
M,PRD,MIG_CAG,SCA,PCH_PRE,EA20,2000-04,1.5
M,PRD,MIG_CAG,SCA,PCH_PRE,EA20,2000-05,1.7
M,PRD,MIG_CAG,SCA,PCH_PRE,EA20,2000-06,-1.4
M,PRD,MIG_CAG,SCA,PCH_PRE,EA20,2000-07,1.5
M,PRD,MIG_CAG,SCA,PCH_PRE,EA20,2000-08,-0.5
M,PRD,MIG_CAG,SCA,PCH_PRE,EA20,2000-09,0.7
M,PRD,MIG_CAG,SCA,PCH_PRE,EA20,2000-10,0.1
M,PRD,MIG_CAG,SCA,PCH_PRE,EA20,2000-11,1.1
M,PRD,MIG_CAG,SCA,PCH_PRE,EA20,2000-12,1.4
M,PRD,MIG_CAG,SCA,PCH_PRE,EA20,2001-01,-0.1
M,PRD,MIG_CAG,SCA,PCH_PRE,EA20,2001-02,0.7
M,PRD,MIG_CAG,SCA,PCH_PRE,EA20,2001-03,-0.7
M,PRD,MIG_CAG,SCA,PCH_PRE,EA20,2001-04,-2.7
M,PRD,MIG_CAG,SCA,PCH_PRE,EA20,2001-05,0.7
M,PRD,MIG_CAG,SCA,PCH_PRE,EA20,2001-06,0.2
M,PRD,MIG_CAG,SCA,PCH_PRE,EA20,2001-07,-2.9
M,PRD,MIG_CAG,SCA,PCH_PRE,EA20,2001-08,3.8
M,PRD,MIG_CAG,SCA,PCH_PRE,EA20,2001-09,-1.8
M,PRD,MIG_CAG,SCA,PCH_PRE,EA20,2001-10,-2.7
M,PRD,MIG_CAG,SCA,PCH_PRE,EA20,2001-11,-1.5
M,PRD,MIG_CAG,SCA,PCH_PRE,EA20,2001-12,1.0
M,PRD,MIG_CAG,SCA,PCH_PRE,EA20,2002-01,0.2
M,PRD,MIG_CAG,SCA,PCH_PRE,EA20,2002-02,0.4
M,PRD,MIG_CAG,SCA,PCH_PRE,EA20,2002-03,0.5
M,PRD,MIG_CAG,SCA,PCH_PRE,EA20,2002-04,0.1
M,PRD,MIG_CAG,SCA,PCH_PRE,EA20,2002-05,-1.0
M,PRD,MIG_CAG,SCA,PCH_PRE,EA20,2002-06,2.4
M,PRD,MIG_CAG,SCA,PCH_PRE,EA20,2002-07,-2.3
M,PRD,MIG_CAG,SCA,PCH_PRE,EA20,2002-08,2.7
M,PRD,MIG_CAG,SCA,PCH_PRE,EA20,2002-09,-1.2
M,PRD,MIG_CAG,SCA,PCH_PRE,EA20,2002-10,-1.5
M,PRD,MIG_CAG,SCA,PCH_PRE,EA20,2002-11,2.4
M,PRD,MIG_CAG,SCA,PCH_PRE,EA20,2002-12,-1.8
M,PRD,MIG_CAG,SCA,PCH_PRE,EA20,2003-01,0.9
M,PRD,MIG_CAG,SCA,PCH_PRE,EA20,2003-02,-0.1
M,PRD,MIG_CAG,SCA,PCH_PRE,EA20,2003-03,-0.6
M,PRD,MIG_CAG,SCA,PCH_PRE,EA20,2003-04,0.5
M,PRD,MIG_CAG,SCA,PCH_PRE,EA20,2003-05,-1.8
M,PRD,MIG_CAG,SCA,PCH_PRE,EA20,2003-06,-1.5
M,PRD,MIG_CAG,SCA,PCH_PRE,EA20,2003-07,3.3
M,PRD,MIG_CAG,SCA,PCH_PRE,EA20,2003-08,-2.0
M,PRD,MIG_CAG,SCA,PCH_PRE,EA20,2003-09,0.0
M,PRD,MIG_CAG,SCA,PCH_PRE,EA20,2003-10,3.1
M,PRD,MIG_CAG,SCA,PCH_PRE,EA20,2003-11,1.2
M,PRD,MIG_CAG,SCA,PCH_PRE,EA20,2003-12,0.1
M,PRD,MIG_CAG,SCA,PCH_PRE,EA20,2004-01,-1.7
M,PRD,MIG_CAG,SCA,PCH_PRE,EA20,2004-02,1.1
M,PRD,MIG_CAG,SCA,PCH_PRE,EA20,2004-03,-0.5
M,PRD,MIG_CAG,SCA,PCH_PRE,EA20,2004-04,0.7
M,PRD,MIG_CAG,SCA,PCH_PRE,EA20,2004-05,1.7
M,PRD,MIG_CAG,SCA,PCH_PRE,EA20,2004-06,-0.6
M,PRD,MIG_CAG,SCA,PCH_PRE,EA20,2004-07,1.3
M,PRD,MIG_CAG,SCA,PCH_PRE,EA20,2004-08,-1.9
M,PRD,MIG_CAG,SCA,PCH_PRE,EA20,2004-09,1.1
M,PRD,MIG_CAG,SCA,PCH_PRE,EA20,2004-10,1.4
M,PRD,MIG_CAG,SCA,PCH_PRE,EA20,2004-11,-2.7
M,PRD,MIG_CAG,SCA,PCH_PRE,EA20,2004-12,-0.4
M,PRD,MIG_CAG,SCA,PCH_PRE,EA20,2005-01,2.8
M,PRD,MIG_CAG,SCA,PCH_PRE,EA20,2005-02,-1.1
M,PRD,MIG_CAG,SCA,PCH_PRE,EA20,2005-03,0.9
M,PRD,MIG_CAG,SCA,PCH_PRE,EA20,2005-04,2.0
M,PRD,MIG_CAG,SCA,PCH_PRE,EA20,2005-05,-2.0
M,PRD,MIG_CAG,SCA,PCH_PRE,EA20,2005-06,2.0
M,PRD,MIG_CAG,SCA,PCH_PRE,EA20,2005-07,1.0
M,PRD,MIG_CAG,SCA,PCH_PRE,EA20,2005-08,-4.0
M,PRD,MIG_CAG,SCA,PCH_PRE,EA20,2005-09,4.5
M,PRD,MIG_CAG,SCA,PCH_PRE,EA20,2005-10,-0.6
M,PRD,MIG_CAG,SCA,PCH_PRE,EA20,2005-11,1.1
M,PRD,MIG_CAG,SCA,PCH_PRE,EA20,2005-12,-0.2
M,PRD,MIG_CAG,SCA,PCH_PRE,EA20,2006-01,0.2
M,PRD,MIG_CAG,SCA,PCH_PRE,EA20,2006-02,1.1
M,PRD,MIG_CAG,SCA,PCH_PRE,EA20,2006-03,0.3
M,PRD,MIG_CAG,SCA,PCH_PRE,EA20,2006-04,-0.7
M,PRD,MIG_CAG,SCA,PCH_PRE,EA20,2006-05,2.6
M,PRD,MIG_CAG,SCA,PCH_PRE,EA20,2006-06,0.0
M,PRD,MIG_CAG,SCA,PCH_PRE,EA20,2006-07,1.1
M,PRD,MIG_CAG,SCA,PCH_PRE,EA20,2006-08,-0.4
M,PRD,MIG_CAG,SCA,PCH_PRE,EA20,2006-09,1.1
M,PRD,MIG_CAG,SCA,PCH_PRE,EA20,2006-10,-0.4
M,PRD,MIG_CAG,SCA,PCH_PRE,EA20,2006-11,1.7
M,PRD,MIG_CAG,SCA,PCH_PRE,EA20,2006-12,1.3
M,PRD,MIG_CAG,SCA,PCH_PRE,EA20,2007-01,0.2
M,PRD,MIG_CAG,SCA,PCH_PRE,EA20,2007-02,0.2
M,PRD,MIG_CAG,SCA,PCH_PRE,EA20,2007-03,1.0
M,PRD,MIG_CAG,SCA,PCH_PRE,EA20,2007-04,-2.2
M,PRD,MIG_CAG,SCA,PCH_PRE,EA20,2007-05,2.6
M,PRD,MIG_CAG,SCA,PCH_PRE,EA20,2007-06,0.9
M,PRD,MIG_CAG,SCA,PCH_PRE,EA20,2007-07,0.6
M,PRD,MIG_CAG,SCA,PCH_PRE,EA20,2007-08,-0.1
M,PRD,MIG_CAG,SCA,PCH_PRE,EA20,2007-09,0.2
M,PRD,MIG_CAG,SCA,PCH_PRE,EA20,2007-10,0.9
M,PRD,MIG_CAG,SCA,PCH_PRE,EA20,2007-11,-0.9
M,PRD,MIG_CAG,SCA,PCH_PRE,EA20,2007-12,0.0
M,PRD,MIG_CAG,SCA,PCH_PRE,EA20,2008-01,3.7
M,PRD,MIG_CAG,SCA,PCH_PRE,EA20,2008-02,-0.2
M,PRD,MIG_CAG,SCA,PCH_PRE,EA20,2008-03,-2.2
M,PRD,MIG_CAG,SCA,PCH_PRE,EA20,2008-04,2.6
M,PRD,MIG_CAG,SCA,PCH_PRE,EA20,2008-05,-3.5
M,PRD,MIG_CAG,SCA,PCH_PRE,EA20,2008-06,0.1
M,PRD,MIG_CAG,SCA,PCH_PRE,EA20,2008-07,-1.0
M,PRD,MIG_CAG,SCA,PCH_PRE,EA20,2008-08,-1.0
M,PRD,MIG_CAG,SCA,PCH_PRE,EA20,2008-09,-0.3
M,PRD,MIG_CAG,SCA,PCH_PRE,EA20,2008-10,-3.2
M,PRD,MIG_CAG,SCA,PCH_PRE,EA20,2008-11,-3.3
M,PRD,MIG_CAG,SCA,PCH_PRE,EA20,2008-12,-3.7
M,PRD,MIG_CAG,SCA,PCH_PRE,EA20,2009-01,-9.4
M,PRD,MIG_CAG,SCA,PCH_PRE,EA20,2009-02,-3.8
M,PRD,MIG_CAG,SCA,PCH_PRE,EA20,2009-03,1.2
M,PRD,MIG_CAG,SCA,PCH_PRE,EA20,2009-04,-3.2
M,PRD,MIG_CAG,SCA,PCH_PRE,EA20,2009-05,3.6
M,PRD,MIG_CAG,SCA,PCH_PRE,EA20,2009-06,-0.8
M,PRD,MIG_CAG,SCA,PCH_PRE,EA20,2009-07,-1.7
M,PRD,MIG_CAG,SCA,PCH_PRE,EA20,2009-08,0.9
M,PRD,MIG_CAG,SCA,PCH_PRE,EA20,2009-09,3.8
M,PRD,MIG_CAG,SCA,PCH_PRE,EA20,2009-10,-2.4
M,PRD,MIG_CAG,SCA,PCH_PRE,EA20,2009-11,1.3
M,PRD,MIG_CAG,SCA,PCH_PRE,EA20,2009-12,-0.9
M,PRD,MIG_CAG,SCA,PCH_PRE,EA20,2010-01,1.9
M,PRD,MIG_CAG,SCA,PCH_PRE,EA20,2010-02,-0.8
M,PRD,MIG_CAG,SCA,PCH_PRE,EA20,2010-03,3.7
M,PRD,MIG_CAG,SCA,PCH_PRE,EA20,2010-04,0.2
M,PRD,MIG_CAG,SCA,PCH_PRE,EA20,2010-05,2.9
M,PRD,MIG_CAG,SCA,PCH_PRE,EA20,2010-06,0.8
M,PRD,MIG_CAG,SCA,PCH_PRE,EA20,2010-07,-1.5
M,PRD,MIG_CAG,SCA,PCH_PRE,EA20,2010-08,1.9
M,PRD,MIG_CAG,SCA,PCH_PRE,EA20,2010-09,1.8
M,PRD,MIG_CAG,SCA,PCH_PRE,EA20,2010-10,1.7
M,PRD,MIG_CAG,SCA,PCH_PRE,EA20,2010-11,0.1
M,PRD,MIG_CAG,SCA,PCH_PRE,EA20,2010-12,2.8
M,PRD,MIG_CAG,SCA,PCH_PRE,EA20,2011-01,-1.3
M,PRD,MIG_CAG,SCA,PCH_PRE,EA20,2011-02,1.5
M,PRD,MIG_CAG,SCA,PCH_PRE,EA20,2011-03,0.0
M,PRD,MIG_CAG,SCA,PCH_PRE,EA20,2011-04,0.0
M,PRD,MIG_CAG,SCA,PCH_PRE,EA20,2011-05,2.4
M,PRD,MIG_CAG,SCA,PCH_PRE,EA20,2011-06,-2.6
M,PRD,MIG_CAG,SCA,PCH_PRE,EA20,2011-07,2.5
M,PRD,MIG_CAG,SCA,PCH_PRE,EA20,2011-08,0.4
M,PRD,MIG_CAG,SCA,PCH_PRE,EA20,2011-09,-1.9
M,PRD,MIG_CAG,SCA,PCH_PRE,EA20,2011-10,1.0
M,PRD,MIG_CAG,SCA,PCH_PRE,EA20,2011-11,0.1
M,PRD,MIG_CAG,SCA,PCH_PRE,EA20,2011-12,-0.1
M,PRD,MIG_CAG,SCA,PCH_PRE,EA20,2012-01,-1.1
M,PRD,MIG_CAG,SCA,PCH_PRE,EA20,2012-02,0.4
M,PRD,MIG_CAG,SCA,PCH_PRE,EA20,2012-03,1.2
M,PRD,MIG_CAG,SCA,PCH_PRE,EA20,2012-04,-2.7
M,PRD,MIG_CAG,SCA,PCH_PRE,EA20,2012-05,1.7
M,PRD,MIG_CAG,SCA,PCH_PRE,EA20,2012-06,-1.4
M,PRD,MIG_CAG,SCA,PCH_PRE,EA20,2012-07,1.9
M,PRD,MIG_CAG,SCA,PCH_PRE,EA20,2012-08,0.9
M,PRD,MIG_CAG,SCA,PCH_PRE,EA20,2012-09,-2.2
M,PRD,MIG_CAG,SCA,PCH_PRE,EA20,2012-10,-2.4
M,PRD,MIG_CAG,SCA,PCH_PRE,EA20,2012-11,-0.1
M,PRD,MIG_CAG,SCA,PCH_PRE,EA20,2012-12,1.2
M,PRD,MIG_CAG,SCA,PCH_PRE,EA20,2013-01,-2.2
M,PRD,MIG_CAG,SCA,PCH_PRE,EA20,2013-02,1.3
M,PRD,MIG_CAG,SCA,PCH_PRE,EA20,2013-03,1.4
M,PRD,MIG_CAG,SCA,PCH_PRE,EA20,2013-04,0.9
M,PRD,MIG_CAG,SCA,PCH_PRE,EA20,2013-05,-1.1
M,PRD,MIG_CAG,SCA,PCH_PRE,EA20,2013-06,2.1
M,PRD,MIG_CAG,SCA,PCH_PRE,EA20,2013-07,-2.5
M,PRD,MIG_CAG,SCA,PCH_PRE,EA20,2013-08,2.4
M,PRD,MIG_CAG,SCA,PCH_PRE,EA20,2013-09,-0.4
M,PRD,MIG_CAG,SCA,PCH_PRE,EA20,2013-10,-1.0
M,PRD,MIG_CAG,SCA,PCH_PRE,EA20,2013-11,2.7
M,PRD,MIG_CAG,SCA,PCH_PRE,EA20,2013-12,-0.5
M,PRD,MIG_CAG,SCA,PCH_PRE,EA20,2014-01,-0.1
M,PRD,MIG_CAG,SCA,PCH_PRE,EA20,2014-02,0.3
M,PRD,MIG_CAG,SCA,PCH_PRE,EA20,2014-03,0.2
M,PRD,MIG_CAG,SCA,PCH_PRE,EA20,2014-04,-0.3
M,PRD,MIG_CAG,SCA,PCH_PRE,EA20,2014-05,-0.3
M,PRD,MIG_CAG,SCA,PCH_PRE,EA20,2014-06,0.1
M,PRD,MIG_CAG,SCA,PCH_PRE,EA20,2014-07,2.0
M,PRD,MIG_CAG,SCA,PCH_PRE,EA20,2014-08,-3.6
M,PRD,MIG_CAG,SCA,PCH_PRE,EA20,2014-09,2.8
M,PRD,MIG_CAG,SCA,PCH_PRE,EA20,2014-10,-1.0
M,PRD,MIG_CAG,SCA,PCH_PRE,EA20,2014-11,0.2
M,PRD,MIG_CAG,SCA,PCH_PRE,EA20,2014-12,2.1
M,PRD,MIG_CAG,SCA,PCH_PRE,EA20,2015-01,0.5
M,PRD,MIG_CAG,SCA,PCH_PRE,EA20,2015-02,2.3
M,PRD,MIG_CAG,SCA,PCH_PRE,EA20,2015-03,0.2
M,PRD,MIG_CAG,SCA,PCH_PRE,EA20,2015-04,-0.4
M,PRD,MIG_CAG,SCA,PCH_PRE,EA20,2015-05,2.1
M,PRD,MIG_CAG,SCA,PCH_PRE,EA20,2015-06,-1.1
M,PRD,MIG_CAG,SCA,PCH_PRE,EA20,2015-07,1.3
M,PRD,MIG_CAG,SCA,PCH_PRE,EA20,2015-08,-0.7
M,PRD,MIG_CAG,SCA,PCH_PRE,EA20,2015-09,-0.8
M,PRD,MIG_CAG,SCA,PCH_PRE,EA20,2015-10,1.1
M,PRD,MIG_CAG,SCA,PCH_PRE,EA20,2015-11,-2.1
M,PRD,MIG_CAG,SCA,PCH_PRE,EA20,2015-12,0.7
M,PRD,MIG_CAG,SCA,PCH_PRE,EA20,2016-01,3.8
M,PRD,MIG_CAG,SCA,PCH_PRE,EA20,2016-02,-3.7
M,PRD,MIG_CAG,SCA,PCH_PRE,EA20,2016-03,0.0
M,PRD,MIG_CAG,SCA,PCH_PRE,EA20,2016-04,2.2
M,PRD,MIG_CAG,SCA,PCH_PRE,EA20,2016-05,-2.4
M,PRD,MIG_CAG,SCA,PCH_PRE,EA20,2016-06,2.0
M,PRD,MIG_CAG,SCA,PCH_PRE,EA20,2016-07,-1.4
M,PRD,MIG_CAG,SCA,PCH_PRE,EA20,2016-08,1.0
M,PRD,MIG_CAG,SCA,PCH_PRE,EA20,2016-09,-0.1
M,PRD,MIG_CAG,SCA,PCH_PRE,EA20,2016-10,2.9
M,PRD,MIG_CAG,SCA,PCH_PRE,EA20,2016-11,-2.0
M,PRD,MIG_CAG,SCA,PCH_PRE,EA20,2016-12,-1.4
M,PRD,MIG_CAG,SCA,PCH_PRE,EA20,2017-01,0.9
M,PRD,MIG_CAG,SCA,PCH_PRE,EA20,2017-02,1.6
M,PRD,MIG_CAG,SCA,PCH_PRE,EA20,2017-03,-0.8
M,PRD,MIG_CAG,SCA,PCH_PRE,EA20,2017-04,1.2
M,PRD,MIG_CAG,SCA,PCH_PRE,EA20,2017-05,0.9
M,PRD,MIG_CAG,SCA,PCH_PRE,EA20,2017-06,-2.2
M,PRD,MIG_CAG,SCA,PCH_PRE,EA20,2017-07,3.0
M,PRD,MIG_CAG,SCA,PCH_PRE,EA20,2017-08,1.6
M,PRD,MIG_CAG,SCA,PCH_PRE,EA20,2017-09,-0.7
M,PRD,MIG_CAG,SCA,PCH_PRE,EA20,2017-10,0.4
M,PRD,MIG_CAG,SCA,PCH_PRE,EA20,2017-11,4.4
M,PRD,MIG_CAG,SCA,PCH_PRE,EA20,2017-12,-1.6
M,PRD,MIG_CAG,SCA,PCH_PRE,EA20,2018-01,-1.3
M,PRD,MIG_CAG,SCA,PCH_PRE,EA20,2018-02,-2.9
M,PRD,MIG_CAG,SCA,PCH_PRE,EA20,2018-03,0.5
M,PRD,MIG_CAG,SCA,PCH_PRE,EA20,2018-04,2.3
M,PRD,MIG_CAG,SCA,PCH_PRE,EA20,2018-05,0.7
M,PRD,MIG_CAG,SCA,PCH_PRE,EA20,2018-06,-0.9
M,PRD,MIG_CAG,SCA,PCH_PRE,EA20,2018-07,-1.4
M,PRD,MIG_CAG,SCA,PCH_PRE,EA20,2018-08,1.7
M,PRD,MIG_CAG,SCA,PCH_PRE,EA20,2018-09,-1.1
M,PRD,MIG_CAG,SCA,PCH_PRE,EA20,2018-10,1.5
M,PRD,MIG_CAG,SCA,PCH_PRE,EA20,2018-11,-2.5
M,PRD,MIG_CAG,SCA,PCH_PRE,EA20,2018-12,0.8
M,PRD,MIG_CAG,SCA,PCH_PRE,EA20,2019-01,0.2
M,PRD,MIG_CAG,SCA,PCH_PRE,EA20,2019-02,0.1
M,PRD,MIG_CAG,SCA,PCH_PRE,EA20,2019-03,0.9
M,PRD,MIG_CAG,SCA,PCH_PRE,EA20,2019-04,-0.8
M,PRD,MIG_CAG,SCA,PCH_PRE,EA20,2019-05,0.1
M,PRD,MIG_CAG,SCA,PCH_PRE,EA20,2019-06,-1.6
M,PRD,MIG_CAG,SCA,PCH_PRE,EA20,2019-07,1.2
M,PRD,MIG_CAG,SCA,PCH_PRE,EA20,2019-08,0.1
M,PRD,MIG_CAG,SCA,PCH_PRE,EA20,2019-09,0.9
M,PRD,MIG_CAG,SCA,PCH_PRE,EA20,2019-10,0.0
M,PRD,MIG_CAG,SCA,PCH_PRE,EA20,2019-11,-1.2
M,PRD,MIG_CAG,SCA,PCH_PRE,EA20,2019-12,-3.2
M,PRD,MIG_CAG,SCA,PCH_PRE,EA20,2020-01,3.1
M,PRD,MIG_CAG,SCA,PCH_PRE,EA20,2020-02,-1.6
M,PRD,MIG_CAG,SCA,PCH_PRE,EA20,2020-03,-17.6
M,PRD,MIG_CAG,SCA,PCH_PRE,EA20,2020-04,-27.0
M,PRD,MIG_CAG,SCA,PCH_PRE,EA20,2020-05,26.0
M,PRD,MIG_CAG,SCA,PCH_PRE,EA20,2020-06,14.9
M,PRD,MIG_CAG,SCA,PCH_PRE,EA20,2020-07,8.1
M,PRD,MIG_CAG,SCA,PCH_PRE,EA20,2020-08,-2.7
M,PRD,MIG_CAG,SCA,PCH_PRE,EA20,2020-09,0.9
M,PRD,MIG_CAG,SCA,PCH_PRE,EA20,2020-10,4.8
M,PRD,MIG_CAG,SCA,PCH_PRE,EA20,2020-11,6.2
M,PRD,MIG_CAG,SCA,PCH_PRE,EA20,2020-12,-2.4
M,PRD,MIG_CAG,SCA,PCH_PRE,EA20,2021-01,2.7
M,PRD,MIG_CAG,SCA,PCH_PRE,EA20,2021-02,-1.8
M,PRD,MIG_CAG,SCA,PCH_PRE,EA20,2021-03,-1.3
M,PRD,MIG_CAG,SCA,PCH_PRE,EA20,2021-04,2.2
M,PRD,MIG_CAG,SCA,PCH_PRE,EA20,2021-05,-3.0
M,PRD,MIG_CAG,SCA,PCH_PRE,EA20,2021-06,-5.5
M,PRD,MIG_CAG,SCA,PCH_PRE,EA20,2021-07,7.9
M,PRD,MIG_CAG,SCA,PCH_PRE,EA20,2021-08,-6.1
M,PRD,MIG_CAG,SCA,PCH_PRE,EA20,2021-09,0.2
M,PRD,MIG_CAG,SCA,PCH_PRE,EA20,2021-10,3.3
M,PRD,MIG_CAG,SCA,PCH_PRE,EA20,2021-11,0.6
M,PRD,MIG_CAG,SCA,PCH_PRE,EA20,2021-12,3.9
M,PRD,MIG_CAG,SCA,PCH_PRE,EA20,2022-01,-1.4
M,PRD,MIG_CAG,SCA,PCH_PRE,EA20,2022-02,-0.5
M,PRD,MIG_CAG,SCA,PCH_PRE,EA20,2022-03,-3.1
M,PRD,MIG_CAG,SCA,PCH_PRE,EA20,2022-04,0.2
M,PRD,MIG_CAG,SCA,PCH_PRE,EA20,2022-05,4.1
M,PRD,MIG_CAG,SCA,PCH_PRE,EA20,2022-06,2.0
M,PRD,MIG_CAG,SCA,PCH_PRE,EA20,2022-07,-3.1
M,PRD,MIG_CAG,SCA,PCH_PRE,EA20,2022-08,5.1
M,PRD,MIG_CAG,SCA,PCH_PRE,EA20,2022-09,1.5
M,PRD,MIG_CAG,SCA,PCH_PRE,EA20,2022-10,-0.4
M,PRD,MIG_CAG,SCA,PCH_PRE,EA20,2022-11,0.1
M,PRD,MIG_CAG,SCA,PCH_PRE,EA20,2022-12,-3.4
M,PRD,MIG_CAG,SCA,PCH_PRE,EA20,2023-01,6.0
M,PRD,MIG_CAG,SCA,PCH_PRE,EA20,2023-02,1.4
M,PRD,MIG_CAG,SCA,PCH_PRE,EA20,2023-03,-9.8
M,PRD,MIG_CAG,SCA,PCH_PRE,EA20,2023-04,7.5
M,PRD,MIG_CAG,SCA,PCH_PRE,EA20,2023-05,-0.5
M,PRD,MIG_CAG,SCA,PCH_PRE,EA20,2023-06,2.3
M,PRD,MIG_CAG,SCA,PCH_PRE,EA20,2023-07,-5.5
M,PRD,MIG_CAG,SCA,PCH_PRE,EA20,2023-08,-0.8
M,PRD,MIG_CAG,SCA,PCH_PRE,EA20,2023-09,1.6
M,PRD,MIG_CAG,SCA,PCH_PRE,EA20,2023-10,-1.2
M,PRD,MIG_CAG,SCA,PCH_PRE,EA20,2023-11,0.8
M,PRD,MIG_CAG,SCA,PCH_PRE,EA20,2023-12,2.8
M,PRD,MIG_CAG,SCA,PCH_PRE,EA20,2024-01,-4.9
M,PRD,MIG_CAG,SCA,PCH_PRE,EA20,2024-02,-0.1
M,PRD,MIG_CAG,SCA,PCH_PRE,EA20,2024-03,0.2
M,PRD,MIG_CAG,SCA,PCH_PRE,EA20,2024-04,0.0
M,PRD,MIG_CAG,SCA,PCH_PRE,EA20,2024-05,-3.2
M,PRD,MIG_CAG,SCA,PCH_PRE,EA20,2024-06,3.7
M,PRD,MIG_CAG,SCA,PCH_PRE,EA20,2024-07,-1.8
M,PRD,MIG_CAG,SCA,PCH_PRE,EA20,2024-08,1.1
M,PRD,MIG_CAG,SCA,PCH_PRE,EA20,2024-09,-1.7
M,PRD,MIG_CAG,SCA,PCH_PRE,EA20,2024-10,1.5
M,PRD,MIG_CAG,SCA,PCH_PRE,EA20,2024-11,-0.2
M,PRD,MIG_CAG,SCA,PCH_PRE,EA20,2024-12,-2.2
M,PRD,MIG_CAG,SCA,PCH_PRE,EA20,2025-01,2.1
M,PRD,MIG_CAG,SCA,PCH_PRE,EA20,2025-02,-0.4
M,PRD,MIG_CAG,SCA,PCH_PRE,EA20,2025-03,2.0
M,PRD,MIG_CAG,SCA,PCH_PRE,EA20,2025-04,-1.5
M,PRD,MIG_CAG,SCA,PCH_PRE,EA20,2025-05,1.1
M,PRD,MIG_CAG,SCA,PCH_PRE,EA20,2025-06,0.1
M,PRD,MIG_CAG,SCA,PCH_PRE,EA20,2025-07,-0.7
M,PRD,MIG_CAG,SCA,PCH_PRE,EA20,2025-08,0.0
M,PRD,MIG_CAG,SCA,PCH_PRE,EA20,2025-09,0.4
M,PRD,MIG_CAG,SCA,PCH_PRE,EA20,2025-10,-0.6
M,PRD,MIG_CAG,SCA,PCH_PRE,EA20,2025-11,2.9
M,PRD,MIG_CAG,SCA,PCH_PRE,EA20,2025-12,-0.4
M,PRD,MIG_CAG,SCA,PCH_PRE,EA20,2026-01,-2.2
M,PRD,MIG_CAG,SCA,PCH_PRE,EA20,2026-02,1.1
M,PRD,MIG_CAG,SCA,PCH_PRE,EA20,2026-03,1.4
M,PRD,MIG_CAG,SCA,PCH_PRE,EA20,2026-04,-0.3
M,PRD,MIG_CAG,SCA,PCH_PRE,EA20,2026-05,0.4
M,PRD,MIG_CAG,SCA,PCH_PRE,EA20,2026-06,-1.8
M,PRD,MIG_CAG,SCA,PCH_PRE,EA20,2026-07,0.6
