,ipc,dinero,produccion,tasa_corta,tasa_larga,acciones,tipo_cambio
1970-01,,318600000000.0,,,7.752553,,
1970-02,,320700000000.0,,,7.903703,,
1970-03,,322000000000.0,,,8.112339999999998,,
1970-04,,324400000000.0,,,8.072667,,
1970-05,,327200000000.0,,,8.243204999999998,,
1970-06,,331900000000.0,,,8.447445,,
1970-07,,336800000000.0,,,8.350388,,
1970-08,,338900000000.0,,,8.39389,,
1970-09,,341100000000.0,,,8.409962999999998,,
1970-10,,344100000000.0,,,8.426636999999998,,
1970-11,,347300000000.0,,,8.373195,,
1970-12,,346500000000.0,,,8.222965999999998,,
1971-01,,351900000000.0,,,7.905951,,
1971-02,,355500000000.0,,,7.830704,,
1971-03,,359800000000.0,,,7.845215999999998,,
1971-04,,365400000000.0,,,7.856378999999999,,
1971-05,,370500000000.0,,,7.89686,,
1971-06,,373700000000.0,,,8.039046,,
1971-07,,378400000000.0,,,8.069148,,
1971-08,,381600000000.0,,,8.016785,,
1971-09,,386400000000.0,,,7.995011,,
1971-10,,390400000000.0,,,7.902784999999999,,
1971-11,,394100000000.0,,,7.845936,,
1971-12,,398200000000.0,,,7.789369,,
1972-01,,403000000000.0,,,7.678324,,
1972-02,,407700000000.0,,,7.557992999999998,,
1972-03,,412400000000.0,,,7.526637,,
1972-04,,416600000000.0,,,7.582169,,
1972-05,,421000000000.0,,,7.50905,,
1972-06,,431800000000.0,,,7.557907,,
1972-07,,437200000000.0,,,7.582334999999999,,
1972-08,,442700000000.0,,,7.577326,,
1972-09,,448500000000.0,,,7.588698,,
1972-10,,452600000000.0,,,7.696853,,
1972-11,,458400000000.0,,,7.810791,,
1972-12,,462000000000.0,,,7.936406,,
1973-01,,465300000000.0,,,8.004867,,
1973-02,,470300000000.0,,,7.935751,,
1973-03,,477500000000.0,,,7.986922,,
1973-04,,482100000000.0,,,8.06778,,
1973-05,,489100000000.0,,,8.360784,,
1973-06,,494100000000.0,,,8.486979,,
1973-07,,497500000000.0,,,8.539714,,
1973-08,,503400000000.0,,,8.591274,,
1973-09,,507700000000.0,,,8.67481,,
1973-10,,513600000000.0,,,8.612548,,
1973-11,,518600000000.0,,,8.681376,,
1973-12,,524400000000.0,,,8.853853,,
1974-01,,530600000000.0,,,9.028589,,
1974-02,,536500000000.0,,,9.398973,,
1974-03,,540800000000.0,,,9.593311000000002,,
1974-04,,547500000000.0,,,9.711231,,
1974-05,,552100000000.0,,,10.00017,,
1974-06,,556200000000.0,,,10.48198,,
1974-07,,562100000000.0,,,10.62748,,
1974-08,,566100000000.0,,,10.72116,,
1974-09,,570600000000.0,,,10.74501,,
1974-10,,575800000000.0,,,10.71857,,
1974-11,,582800000000.0,,,10.49011,,
1974-12,,589100000000.0,,,10.55281,,
1975-01,,595900000000.0,,,10.08654,,
1975-02,,601800000000.0,,,9.880766,,
1975-03,,605700000000.0,,,9.72824,,
1975-04,,609900000000.0,,,9.734974,,
1975-05,,615600000000.0,,,9.518357,,
1975-06,,623500000000.0,,,9.441504,,
1975-07,,632800000000.0,,,9.335235,,
1975-08,,640200000000.0,,,9.432022000000002,,
1975-09,,648900000000.0,,,9.557984,,
1975-10,,658000000000.0,,,9.38034,,
1975-11,,664000000000.0,,,9.240782,,
1975-12,,674400000000.0,,,9.241016,,
1976-01,,681800000000.0,,,9.362705,,
1976-02,,688900000000.0,,,9.386747,,
1976-03,,697800000000.0,,,9.542863,,
1976-04,,706700000000.0,,,9.841007,,
1976-05,,712800000000.0,,,10.08663,,
1976-06,,724000000000.0,,,10.38447,,
1976-07,,730100000000.0,,,10.16386,,
1976-08,,738500000000.0,,,10.41784,,
1976-09,,746200000000.0,,,10.39514,,
1976-10,,754300000000.0,,,10.54226,,
1976-11,,761100000000.0,,,10.377,,
1976-12,,765900000000.0,,,10.38712,,
1977-01,,774200000000.0,,,10.32347,,
1977-02,,782000000000.0,,,10.34273,,
1977-03,,791300000000.0,,,10.26659,,
1977-04,,799700000000.0,,,10.27807,,
1977-05,,808700000000.0,,,10.16762,,
1977-06,,815100000000.0,,,10.22348,,
1977-07,,827200000000.0,,,10.15033,,
1977-08,,835100000000.0,,,10.08498,,
1977-09,,844100000000.0,,,10.01941,,
1977-10,,850000000000.0,,,10.03544,,
1977-11,,857800000000.0,,,9.969873,,
1977-12,,868800000000.0,,,9.937547,,
1978-01,,878500000000.0,,,9.757384,,
1978-02,,886700000000.0,,,9.745911,,
1978-03,,896300000000.0,,,9.647067,,
1978-04,,904900000000.0,,,9.518571,,
1978-05,,915000000000.0,,,9.63628,,
1978-06,,926900000000.0,,,9.571094,,
1978-07,,937100000000.0,,,9.57506,,
1978-08,,949800000000.0,,,9.525956,,
1978-09,,961400000000.0,,,9.628968,,
1978-10,,972700000000.0,,,9.805702,,
1978-11,,984200000000.0,,,9.849514,,
1978-12,,988900000000.0,,,9.658335,,
1979-01,,998500000000.0,,,9.62363,,0.736214385624408
1979-02,,1007800000000.0,,,9.741858,,0.739809129245259
1979-03,,1018100000000.0,,,9.8235,,0.739644970415611
1979-04,,1026600000000.0,,,9.927376,,0.747943156320616
1979-05,,1037800000000.0,,,10.20096,,0.756258035242354
1979-06,,1047800000000.0,,,10.39924,,0.74749588877603
1979-07,,1055300000000.0,,,10.52924,,0.720824623367662
1979-08,,1065800000000.0,,,10.59905,,0.723013520349923
1979-09,,1072200000000.0,,,10.67042,,0.715307582260721
1979-10,,1082300000000.0,,,10.84679,,0.718390804593582
1979-11,,1094000000000.0,,,11.13737,,0.714540907467381
1979-12,,1100500000000.0,,,11.42005,,0.69993700566738
1980-01,,1107099885750.65,,,11.50233,,0.692712662788836
1980-02,,1107383570794.07,,,12.08525,,0.69910514541516
1980-03,,1119525717175.15,,,12.68496,,0.736485491237545
1980-04,,1121676771886.67,,,12.57242,,0.742500742500852
1980-05,,1127562847681.0,,,12.26384,,0.713165026389106
1980-06,,1142411639210.77,,,12.10574,,0.702740688688209
1980-07,,1148138673962.92,,,12.12374,,0.694299798651628
1980-08,,1147864667842.17,,,12.16397,,0.706913615154917
1980-09,,1155083730706.13,,,12.45372,,0.706913615154917
1980-10,,1159637408457.13,,,12.76213,,0.721969532885851
1980-11,,1186619918159.8298,,,12.90683,,0.748895379312671
1980-12,,1230450569466.7,,,12.84098,,0.769704433501829
1981-01,,1219922177477.53,,,12.93123,,0.774653342625243
1981-02,,1226929066156.79,,,13.44935,,0.828706389329454
1981-03,,1235036775073.52,,,13.70546,,0.829668962083815
1981-04,,1242419937250.68,,,13.93224,,0.848248367123233
1981-05,,1258406837940.3,,,14.7366,,0.901875901874519
1981-06,,1268356086773.6,,,14.89767,,0.938262338153436
1981-07,,1269428957243.42,,,15.0344,,0.966463709284653
1981-08,,1268614438252.19,,,15.20414,,0.994530084535654
1981-09,,1282691703408.65,,,15.43534,,0.945984296655297
1981-10,,1286504850314.25,,,15.20365,,0.921064750855294
1981-11,,1304605367400.9,,,15.19854,,0.910498042430845
1981-12,,1356895404198.77,,,14.90963,,0.918611060074909
1982-01,,1355427724744.27,,,14.84676,,0.937207122779
1982-02,,1360751572153.3,,,14.89629,,0.968429207820009
1982-03,,1366807545421.41,,,14.61023,,0.984930562395675
1982-04,,1371844020751.47,,,14.47084,,1.04898772684101
1982-05,,1384282626091.38,,,14.43455,,0.968335431396554
1982-06,,1404812271727.95,,,14.64248,,1.01667344449379
1982-07,,1411299168302.91,,,14.58915,,1.04362346066046
1982-08,,1415707798524.4,,,14.22989,,1.0488777008577
1982-09,,1428063367479.37,,,13.98509,,1.0623605651781
1982-10,,1436242579805.99,,,13.81237,,1.07296137338562
1982-11,,1450664935763.9702,,,13.81408,,1.0924186148186
1982-12,,1511642701987.3198,,,13.40261,,1.04766893661872
1983-01,,1505476337793.16,,,13.11282,,1.04260000000068
1983-02,,1507165103815.76,,,13.04968,,1.05950000000303
1983-03,,1504016424440.91,,,12.82723,,1.06510000000708
1983-04,,1513357938685.37,,,12.78834,,1.07940000000235
1983-05,,1524103885739.33,,,12.93503,,1.08879999999772
1983-06,,1538655770847.97,,,13.09088,,1.12059999999474
1983-07,,1552103954079.8398,,,13.04498,,1.13790000000154
1983-08,,1547854534355.39,,,13.14601,,1.17329999999492
1983-09,,1553087732560.88,,,13.20074,,1.17399999999907
1983-10,,1567503249014.32,,,13.11731,,1.15529999999853
1983-11,,1584090208534.43,,,13.17624,,1.18559999999707
1983-12,,1647620885185.6,,,12.9664,,1.21649999999499
1984-01,,1633989041364.23,,,12.79031,,1.24319999999716
1984-02,,1630341301442.22,,,12.57776,,1.2045999999973
1984-03,,1630393489257.34,,,12.45496,,1.16289999999572
1984-04,,1643651349274.77,,,12.46373,,1.18289999999979
1984-05,,1653435776740.84,,,12.59207,,1.22729999999865
1984-06,,1667878497413.3,,,12.46192,,1.22590000000491
1984-07,,1680204982231.89,,,12.32811,,1.27300000000105
1984-08,,1676481698321.11,,,12.20775,,1.28879999999481
1984-09,,1703223508651.39,,,12.09158,,1.34750000000349
1984-10,,1702021521288.12,,,11.6297,,1.37309999999707
1984-11,,1713265116422.49,,,11.42026,,1.33990000000631
1984-12,,1788788909249.26,,,11.20494,,1.38940000000002
1985-01,,1775444818107.02,,,10.85502,,1.42449999999371
1985-02,,1781458806010.43,,,10.96171,,1.48089999999502
1985-03,,1789682909051.4,,,11.02553,,1.48399999999674
1985-04,,1795250898315.29,,,10.85834,,1.38219999999274
1985-05,,1793439054589.73,,,10.8509,,1.38850000000093
1985-06,,1817710518476.6897,,,10.82305,,1.36449999999604
1985-07,,1821938682642.64,,,10.79132,,1.29589999999735
1985-08,,1813648296036.2295,,,10.67796,,1.25320000000647
1985-09,,1830822783633.98,,,10.53759,,1.27529999999388
1985-10,,1832385664257.86,,,10.40023,,1.19509999999718
1985-11,,1844715745348.1,,,10.26614,,1.17299999999523
1985-12,,1927934547506.37,,,10.20474,,1.14569999999367
1986-01,,1903913666260.08,,,9.961056,,1.12159999999858
1986-02,,1899677663978.31,,,9.942846,,1.07880000000296
1986-03,,1917335222332.6697,,,9.395134,,1.04850000000442
1986-04,,1913747037613.7295,,,8.766322,,1.05259999999544
1986-05,,1919653534912.3,,,8.478386999999998,,1.03720000000612
1986-06,,1941360203000.62,,,8.54983,,1.0399999999936
1986-07,,1948061434614.4,,,8.531181,,1.01029999999446
1986-08,,1949333272932.42,,,8.352067,,0.979300000000876
1986-09,,1964933155217.87,,,8.327866,,0.973200000000361
1986-10,,1973445022983.59,,,8.416492,,0.961600000000544
1986-11,,1999949198893.46,,,8.535029,,0.967399999999543
1986-12,,2058939300368.68,,,8.467434,27.67261,0.957399999999325
1987-01,,2042740885323.9695,,,8.452923999999998,27.31546,0.900400000000445
1987-02,,2040476380911.3,,,8.502905,26.35677,0.882600000000821
1987-03,,2049116708749.1897,,,8.457948,26.79182,0.883599999999206
1987-04,,2063878245246.33,,,8.488893,27.69366,0.872100000000501
1987-05,,2081894932776.28,,,8.677882,27.00625,0.861100000000079
1987-06,,2099059555265.9705,,,8.900209,27.01218,0.876500000000306
1987-07,,2102927195558.8896,,,9.178526,28.26918,0.888600000000224
1987-08,,2109087159194.9895,,,9.507368,28.87512,0.89600000000064
1987-09,,2125064667783.7693,,,9.730625000000002,28.59705,0.873499999999694
1987-10,,2136404998788.44,,,9.994997,26.26739,0.868599999999788
1987-11,,2162753936236.9,,,9.494731,20.78901,0.814700000000812
1987-12,,2221564366526.3604,,,9.350561,20.17588,0.791400000000067
1988-01,,2209189739080.56,,,9.204124,19.89113,0.800100000000384
1988-02,,2204634096370.86,,,8.918649,20.59291,0.822000000000116
1988-03,,2203441256544.8,,,8.835713,21.90215,0.810900000000402
1988-04,,2228918150712.58,,,8.822996,21.89527,0.805700000000798
1988-05,,2246777299939.29,,,8.967404999999998,21.55704,0.813099999999395
1988-06,,2264735962731.04,,,8.858418,23.02056,0.842500000000655
1988-07,,2285437024841.5,,,8.971496,23.65242,0.886300000000119
1988-08,,2282196603939.82,,,9.087037,23.63305,0.905899999999747
1988-09,,2294246610225.89,,,9.043827,23.89703,0.900299999999334
1988-10,,2319680749097.91,,,8.926249999999998,25.17668,0.87960000000021
1988-11,,2341909442346.66,,,8.929999,25.27608,0.844499999999243
1988-12,,2410010389816.5,,,9.085835,25.45804,0.843999999999141
1989-01,,2393130028595.3496,,,9.162319,26.74536,0.880499999999302
1989-02,,2397746664748.25,,,9.405645,26.65039,0.888899999999921
1989-03,,2410377328810.1104,,,9.644775,26.68242,0.896699999999328
1989-04,,2433580171936.6,,,9.595987,27.77731,0.899199999999837
1989-05,,2446497298433.1094,,,9.681744,27.95941,0.9375
1989-06,,2477738680669.95,,,9.603747,29.11165,0.955400000000736
1989-07,,2504354440610.9897,,,9.585411,29.85776,0.914000000000669
1989-08,,2497200521825.56,,,9.537504,31.27951,0.927799999999479
1989-09,,2515810537938.83,,,9.691426000000002,32.36612,0.941100000000006
1989-10,,2529928464148.809,,,9.868504,31.40288,0.907199999999648
1989-11,,2557686120347.9897,,,10.15425,30.52158,0.893899999999121
1989-12,,2659927427874.86,,,10.23731,32.45847,0.856499999999869
1990-01,,2637961196951.7,,,10.45023,33.13381,0.831899999999223
1990-02,,2640018217345.6294,,,10.92049,32.4544,0.820799999999508
1990-03,,2637361415940.28,,,11.05491,32.9361,0.835100000000239
1990-04,,2657070456327.83,,,10.87428,33.76982,0.82510000000002
1990-05,,2663707541767.58,,,10.79594,33.80263,0.811400000000504
1990-06,,2788776005233.88,,,10.70634,33.67598,0.817699999999604
1990-07,,2802055158612.94,,,10.56729,33.89218,0.792699999999968
1990-08,,2792895489179.27,,,10.95686,29.84507,0.759899999999106
1990-09,,2833827220762.91,,,11.13562,27.23372,0.761699999999109
1990-10,,2841865706689.96,,,11.07904,26.4969,0.739799999999377
1990-11,,2865228145723.0,,,10.98924,26.06031,0.72400000000016
1990-12,,2979948686660.7095,,,10.86486,26.37653,0.731999999999971
1991-01,,2937732655297.5103,78.8,,10.84488,25.12582,0.736699999999473
1991-02,,2948421445233.9204,77.9,,10.44127,27.38951,0.722599999999147
1991-03,,2958242499944.03,77.2,,10.37246,29.12496,0.781800000000658
1991-04,,2969616897222.28,76.7,,10.11736,29.78191,0.826699999999619
1991-05,,2975117426523.27,76.6,,9.985477,29.99045,0.83389999999963
1991-06,,3015353588929.34,78.1,,10.05273,30.30723,0.868700000000899
1991-07,,3021277493599.68,76.6,,10.22461,29.15673,0.870699999999488
1991-08,,3022624324843.36,76.6,,10.20169,29.09877,0.850300000000061
1991-09,,3046743155004.6294,76.7,,10.00208,29.43079,0.828100000000632
1991-10,,3056240053087.72,77.1,,9.871881,28.757,0.82550000000083
1991-11,,3093703362109.42,77.9,,9.91832,28.52463,0.795000000000073
1991-12,,3204632896559.83,77.4,,9.892325,27.47917,0.768099999999322
1992-01,,3150258891884.0103,78.3,,9.61139,29.13133,0.770599999999831
1992-02,,3157064327708.43,78.6,,9.546991,30.11396,0.791999999999462
1992-03,,3175419807764.27,77.8,,9.581193,30.36871,0.812700000000404
1992-04,,3207099009691.6094,77.6,,9.623109,30.36144,0.804899999999179
1992-05,,3234778119110.28,77.1,,9.579656000000002,30.81619,0.78859999999986
1992-06,,3254262918178.5903,76.5,,9.825446,30.14849,0.767900000000736
1992-07,,3262036081049.68,75.4,,10.03309,28.28577,0.729799999999159
1992-08,,3261386498286.28,75.4,,10.10136,26.64186,0.71349999999984
1992-09,,3305735938815.35,74.7,,10.02186,26.93509,0.721999999999753
1992-10,,3309879695655.31,74.9,,10.22449,26.38885,0.755199999999604
1992-11,,3348623662156.32,74.2,,9.8813,27.40433,0.807199999999284
1992-12,,3433177697001.89,72.9,,9.932801,27.49099,0.807199999999284
1993-01,,3397737507353.0,73.3,,9.702705000000002,28.30943,0.825000000000728
1993-02,,3404686425277.3896,72.6,,9.403037,29.99915,0.845300000000861
1993-03,,3444200490509.6494,72.4,,9.145782,31.13988,0.848400000000766
1993-04,,3450203955620.64,72.1,,9.155884,31.1218,0.820100000000821
1993-05,,3472702617811.09,72.0,,9.042294,30.74761,0.821200000000317
1993-06,,3484324675703.0703,71.5,,8.779623,31.35058,0.844300000000658
1993-07,,3480083438026.1094,71.1,,8.401828,32.69098,0.878399999999601
1993-08,,3476439366899.56,72.2,,7.919743,35.19073,0.882400000000416
1993-09,,3488618188003.44,72.4,,7.612,35.1194,0.848200000000361
1993-10,,3514086354430.02,72.5,,7.361458,36.2457,0.859300000000076
1993-11,,3546317524489.27,72.4,,7.380636,36.08109,0.885800000000018
1993-12,,3651774368671.2,72.6,,7.185278,37.67854,0.885800000000018
1994-01,,3616733752047.6704,72.7,6.91,6.69,38.94068,0.897499999999127
1994-02,,3612780478996.52,73.7,6.86,6.88,39.33017,0.894800000000032
1994-03,,3629400100514.1,73.9,6.75,7.349999999999999,38.3731,0.876000000000204
1994-04,,3637714710452.62,75.0,6.57,7.46,38.96793,0.877300000000105
1994-05,,3634783216493.26,75.0,6.24,7.75,39.08842,0.858599999999569
1994-06,,3651631970053.04,75.4,6.3,8.37,36.54196,0.845699999999852
1994-07,,3651125728722.91,75.6,6.34,8.39,36.657,0.818499999999404
1994-08,,3627118486956.56,75.9,6.43,8.679999999999998,37.71161,0.817999999999302
1994-09,,3624823963507.47,76.4,6.38,9.12,36.72633,0.809999999999491
1994-10,,3639443895713.26,77.2,6.43,9.16,35.47495,0.79320000000007
1994-11,,3659473147216.3896,77.6,6.4,9.12,35.99727,0.804400000000896
1994-12,,3735798786442.24,78.4,6.69,9.14,35.72459,0.822799999999916
1995-01,,3695975672599.6895,78.0,6.66,9.340000000000002,35.27135,0.803400000000693
1995-02,,3706629506092.53,78.0,6.59,9.19,35.58813,0.794560000000274
1995-03,,3702886051503.831,78.0,7.58,9.43,34.30278,0.759586960000888
1995-04,,3719385037097.7695,78.3,7.29,9.26,35.03134,0.745621050000409
1995-05,,3734600327228.9,78.6,7.04,8.779999999999998,36.72398,0.756042860000889
1995-06,,3759170302535.96,78.3,7.08,8.75,36.74714,0.752215000000433
1995-07,,3751150440006.4497,78.2,6.92,8.71,37.60968,0.743437999999514
1995-08,,3754950771549.1694,78.2,6.66,8.47,38.20956,0.770268189999115
1995-09,,3776711268064.2305,78.6,6.5,8.359999999999998,37.93853,0.776014279999799
1995-10,,3785240516950.1904,77.6,6.75,8.48,36.66842,0.756377269999575
1995-11,,3823432647468.6494,77.9,6.45,8.16,37.31125,0.755342860000383
1995-12,,3937403217744.57,78.7,6.32,7.82,38.2846,0.766588889999184
1996-01,,3906893418665.1,78.1,5.81,7.44,39.99442,0.774245450000308
1996-02,,3916561311209.54,78.0,5.58,7.66,40.90257,0.776066669999636
1996-03,,3931432860927.1694,77.8,5.5,7.83,41.01781,0.780428570000368
1996-04,,3940690029279.5,77.2,5.27,7.62,42.24284,0.790733330000876
1996-05,,3946535641113.2305,78.0,5.06,7.48,42.8684,0.802268420000473
1996-06,,3966021318977.26,78.1,5.08,7.51,42.9084,0.797715009999592
1996-07,,3953451361310.3,77.4,5.06,7.389999999999999,41.71321,0.78739565000069
1996-08,,3956603979411.12,78.4,5.08,7.309999999999999,41.77584,0.779268180000145
1996-09,,3973985200954.34,78.3,4.86,7.13,42.33421,0.788695240000379
1996-10,,3970778097720.6895,78.0,4.69,6.68,43.86398,0.794326089999231
1996-11,,3998359011835.4897,78.6,4.57,6.43,44.91196,0.78265237999949
1996-12,55.74,4090345466362.58,78.6,4.5,6.31,46.26123,0.799684999999954
1997-01,55.91,4052403031217.43,78.7,4.39,6.23,49.03579,0.822170909999841
1997-02,56.03,4059918446816.4297,79.1,4.43,6.06,52.37163,0.85743999999977
1997-03,56.1,4070898954391.6304,80.1,4.5,6.32,53.57165,0.869771429999673
1997-04,56.09,4076852359108.9,80.9,4.39,6.39,53.10168,0.87358094999945
1997-05,56.25,4112046167299.18,80.1,4.3,6.18,56.33307,0.870735000000423
1997-06,56.27,4139716822778.129,81.6,4.29,6.09,58.49399,0.879661900000428
1997-07,56.3,4137801835725.1,82.3,4.3,5.83,63.58083,0.905356519999259
1997-08,56.4,4122478418978.001,82.1,4.36,5.94,63.55029,0.932474999999613
1997-09,56.45,4137256467824.5,82.0,4.31,5.66,62.82212,0.909499999999753
1997-10,56.48,4147938804665.26,83.3,4.44,5.75,63.17122,0.890365220000604
1997-11,56.56,4186232769967.3696,83.1,4.49,5.59,59.74622,0.877757890000794
1997-12,56.63,4267311335692.8496,83.9,4.37,5.46,62.96557,0.899750000000495
1998-01,56.58,4257986561627.2095,84.0,4.26,5.22,65.78465,0.919166670000777
1998-02,56.73,4265866328313.56,84.5,4.24,5.12,70.73218,0.918750000000728
1998-03,56.8,4275570895726.24,84.4,4.11,5.01,77.63531,0.922254549999707
1998-04,56.94,4311418870282.82,84.7,4.09,5.0,83.2655,0.916540000000168
1998-05,57.06,4339307871248.1,85.1,4.06,5.06,85.02907,0.90181499999926
1998-06,57.09,4359627585343.0,84.6,4.02,4.91,86.58478,0.911799999999857
1998-07,57.09,4352855343135.14,85.6,3.95,4.82,90.98455,0.91480435000085
1998-08,57.11,4341650938887.92,84.4,3.93,4.59,83.54809,0.90782380952381
1998-09,57.09,4336677806294.24,84.6,3.93,4.27,73.86164,0.8668
1998-10,57.08,4368587626991.82,84.8,3.81,4.25,69.13035,0.838318181818182
1998-11,57.08,4398809155532.76,84.4,3.69,4.24,77.46974,0.858409523809524
1998-12,57.11,4471961165777.77,83.8,3.37,3.95,79.80207,0.852990909090909
1999-01,57.07,4463576722000.0,85.1,3.1321,3.82199861904762,86.23372,0.86152598295
1999-02,57.2,4447593856000.0,84.0,3.0934,3.9742402,84.96793,0.8923797552
1999-03,57.38,4459586289000.0,84.4,3.0466957,4.1809844347826095,85.76428,0.918689368086957
1999-04,57.59,4496031336000.0,84.7,2.6964545,4.04069322727273,88.81543,0.93434114647619
1999-05,57.63,4529332699000.0,85.1,2.5789524,4.20485314285714,89.01465,0.94091239447619
1999-06,57.62,4555933927000.0,85.5,2.6266818,4.5266515,90.29439,0.963638731772727
1999-07,57.71,4563119222000.0,86.3,2.6764545,4.85616086363636,92.09339,0.966225199954545
1999-08,57.78,4540770515902.1,86.3,2.6950455,5.06057286363636,88.92311,0.9435675375
1999-09,57.83,4561346794788.0,86.9,2.7266818,5.23533545454546,91.47824,0.950979647636364
1999-10,57.86,4578652952004.0,87.9,3.3756667,5.47163580952381,90.51405,0.933960847809524
1999-11,57.94,4625174571349.0,88.0,3.4676818,5.18420681818182,98.57719,0.96829107195
1999-12,58.15,4708946509000.0,88.0,3.4460455,5.3043565217391295,109.2269,0.98824309352381
2000-01,58.17,4723290905000.0,87.7,3.3431429,5.69853923809524,112.9507,0.98659965515
2000-02,58.36,4738473351000.0,88.9,3.5367619,5.66359938095238,121.7777,1.01583126038095
2000-03,58.57,4768884128000.0,89.1,3.7470435,5.4906287826087,126.9063,1.03626881430435
2000-04,58.62,4826278610000.0,90.1,3.9252778,5.4137985,120.32,1.057506551
2000-05,58.7,4820007821000.0,91.3,4.3620455,5.515497478260871,120.5504,1.10190830559091
2000-06,58.9,4805383415000.0,90.1,4.5017273,5.34537513636364,122.0374,1.05298371918182
2000-07,58.95,4802373793000.0,91.2,4.5829048,5.45373552380952,121.7755,1.06541093333333
2000-08,59.0,4798356807000.0,91.2,4.777087,5.3981782173913,120.6888,1.10593816330435
2000-09,59.26,4794882452000.0,91.4,4.8528095,5.467184666666671,120.1704,1.14839744757143
2000-10,59.29,4804690442000.0,91.5,5.0412727,5.416259,114.0913,1.171642344
2000-11,59.41,4832421346000.0,92.4,5.0919545,5.335701409090912,115.3219,1.16781840709524
2000-12,59.64,4910328493000.0,92.9,4.9391579,5.06802647619048,110.7292,1.11084724065
2001-01,59.39,5026836852000.0,92.2,4.7707273,5.0082062173913,109.5392,1.06510992013636
2001-02,59.57,5047544010000.0,92.5,4.7558,5.0210686,105.8439,1.0853814393
2001-03,59.89,5090545517000.0,92.1,4.7086364,4.93812240909091,98.22485,1.10101394831818
2001-04,60.25,5135592657000.0,91.2,4.682,5.10137785714286,100.0717,1.118874966
2001-05,60.53,5174256368000.0,91.6,4.6366818,5.2625182173913,104.1002,1.143491682
2001-06,60.63,5216143078000.0,91.5,4.4535714,5.20828771428571,99.69437,1.1708814672381
2001-07,60.49,5209922309000.0,89.8,4.4671364,5.25002486363636,94.38218,1.16093285659091
2001-08,60.44,5211887315000.0,91.9,4.3535217,5.05821360869565,91.45575,1.10859362878261
2001-09,60.6,5263160664000.0,90.8,3.98285,5.0374285,76.99963,1.09583135555
2001-10,60.66,5289729618000.0,89.4,3.5998696,4.8168694347826095,79.84045,1.10384873391304
2001-11,60.62,5343831589000.0,88.9,3.3856818,4.6666605,85.41006,1.12572307731818
2001-12,60.89,5446736517000.0,89.7,3.3448889,4.958767428571432,86.52701,1.11988998488889
2002-01,60.96,5430255394000.0,89.7,3.3387727,5.02288778260869,86.60898,1.13291086557143
2002-02,61.06,5431228462000.0,89.8,3.3571,5.066115,83.61209,1.1485257019
2002-03,61.4,5468342049000.0,90.6,3.3908,5.3164610476190495,88.63123,1.14076238890476
2002-04,61.68,5506615882000.0,90.4,3.4069048,5.29724245454545,87.10359,1.12768557281818
2002-05,61.79,5549586553000.0,90.8,3.4671364,5.30314330434783,83.7081,1.08912031656522
2002-06,61.77,5569629055000.0,91.2,3.464,5.16486755,75.7339,1.04543044505
2002-07,61.7,5562730774000.0,90.5,3.41,5.02740760869565,67.71396,1.00834930243478
2002-08,61.75,5576687000000.0,90.8,3.3519091,4.73105454545455,64.9175,1.02246676136364
2002-09,61.9,5622654786000.0,91.3,3.3101429,4.52329023809524,59.44277,1.018930549
2002-10,62.05,5643921671000.0,90.7,3.2612609,4.62346526086957,57.26023,1.01855763682609
2002-11,62.0,5714500683000.0,91.1,3.1241429,4.592367809523809,61.61801,0.998391457047619
2002-12,62.3,5807824784000.0,89.9,2.94105,4.40649604545455,60.00841,0.981650596368421
2003-01,62.27,5805922643000.0,91.2,2.8318182,4.2703242173913,57.91373,0.940409409954545
2003-02,62.52,5845442426000.0,91.4,2.68745,4.06079105,53.27525,0.92759539015
2003-03,62.88,5889675810000.0,90.8,2.5299524,4.12716414285714,51.36921,0.926530916619048
2003-04,62.98,5977503947000.0,91.1,2.53335,4.22886363636364,55.54733,0.919937204636364
2003-05,62.94,6021151347000.0,89.6,2.4005238,3.9187085,56.70021,0.864283957363636
2003-06,63.02,6020728127000.0,89.6,2.1518571,3.72330985714286,59.92504,0.856876061523809
2003-07,62.92,6028346917000.0,91.1,2.1300435,4.0626237826087,60.66696,0.879662635565217
2003-08,63.02,6027513001000.0,90.0,2.1404286,4.204696047619049,62.41243,0.896928097333333
2003-09,63.24,6017975971000.0,89.7,2.1473182,4.23185136363637,63.66973,0.888519456863636
2003-10,63.34,6069017551000.0,92.2,2.1435652,4.30806830434783,63.30818,0.854685546434783
2003-11,63.36,6119711076000.0,92.0,2.15905,4.4378369,65.66476,0.85341789995
2003-12,63.56,6180921537000.0,92.1,2.1463333,4.3560047826087,67.2491,0.813112024333333
2004-01,63.42,6172393543000.0,91.9,2.0894762,4.256703318181821,70.34704,0.792752347666667
2004-02,63.57,6197447709000.0,92.6,2.07055,4.18328015,71.26749,0.79142678405
2004-03,63.97,6225883741000.0,92.1,2.0288261,4.019410565217391,70.3229,0.815533224695652
2004-04,64.3,6279743667000.0,93.0,2.04875,4.24242631818182,71.57403,0.833518721
2004-05,64.5,6303752872000.0,93.2,2.0858571,4.3862070952381,68.60185,0.832421512904762
2004-06,64.54,6334158159000.0,93.0,2.1126818,4.44260136363636,70.11012,0.823177725863636
2004-07,64.4,6362248792000.0,93.9,2.1160455,4.3395705,68.82024,0.815449970954545
2004-08,64.53,6345512193000.0,92.1,2.1142727,4.16788581818182,67.06214,0.820285111409091
2004-09,64.6,6376641113000.0,93.3,2.1185909,4.11397131818182,69.61803,0.817896862136364
2004-10,64.85,6436041942000.0,93.7,2.1473333,3.9794187142857114,70.75603,0.801076714761905
2004-11,64.81,6469649823000.0,92.6,2.1703182,3.86868736363636,72.98433,0.769368548636364
2004-12,65.05,6568176119000.0,92.8,2.1731739,3.68934673913044,74.34522,0.74543760673913
2005-01,64.65,6581634794000.0,93.7,2.1454286,3.63360014285714,75.63088,0.762809682619048
2005-02,64.89,6599810111000.0,93.3,2.13835,3.6152795,78.31533,0.76765133505
2005-03,65.37,6627775880000.0,93.4,2.1371905,3.76245713043478,78.55506,0.758813429434783
2005-04,65.64,6713297066000.0,94.8,2.1372381,3.57094195238095,77.45888,0.772679617285714
2005-05,65.78,6765829877000.0,93.4,2.1256364,3.40743118181818,77.51306,0.7885121195
2005-06,65.86,6837022792000.0,94.3,2.1110455,3.25411418181818,80.88806,0.822577741272727
2005-07,65.78,6889245936000.0,94.9,2.1194286,3.3159929523809506,83.76424,0.829936078714286
2005-08,65.94,6869182587000.0,93.6,2.1324783,3.31554360869565,85.07124,0.813393210130435
2005-09,66.28,6925241091000.0,95.1,2.1391364,3.15553768181818,86.5708,0.8166935065
2005-10,66.45,6968588397000.0,95.3,2.196619,3.32335995238095,86.11436,0.831279693190476
2005-11,66.31,7001166221000.0,96.7,2.3608636,3.52725454545455,87.77225,0.847904099363636
2005-12,66.53,7130669733000.0,95.8,2.4728571,3.40898186363636,91.44087,0.843182467863636
2006-01,66.24,7120286707000.0,96.5,2.5116818,3.39270140909091,94.18736,0.825230608636364
2006-02,66.42,7152523035000.0,96.5,2.60035,3.55100435,97.96069,0.83755990065
2006-03,66.81,7212527014000.0,97.1,2.7226087,3.7311823478260897,100.4835,0.831187266217391
2006-04,67.25,7340883473000.0,97.4,2.7937778,4.0116374,101.6919,0.8141953955
2006-05,67.44,7371811183000.0,98.8,2.889,4.06029543478261,98.74023,0.782905714217391
2006-06,67.49,7407430784000.0,98.8,2.9856818,4.07508859090909,93.1375,0.789752016636364
2006-07,67.41,7417856760000.0,98.7,3.1021905,4.09628790476191,95.31667,0.787832115666667
2006-08,67.47,7440734516000.0,98.9,3.2264783,3.9681833043478303,98.54514,0.780600743304348
2006-09,67.47,7545250402000.0,99.0,3.335381,3.8398482857142895,101.0379,0.785348418952381
2006-10,67.53,7568434690000.0,98.8,3.502,3.8812864090909103,105.4807,0.792279805363636
2006-11,67.55,7629035806000.0,99.7,3.5971818,3.804062909090911,108.0245,0.775805355454545
2006-12,67.81,7801674617000.0,101.1,3.6842105,3.9026030952381,109.3492,0.75766930852381
2007-01,67.47,7824797206000.0,100.6,3.7518636,4.1028094782608715,112.4059,0.769205027173913
2007-02,67.67,7856263996000.0,101.2,3.8182,4.1175186,115.1754,0.7641653326
2007-03,68.12,8014408679000.0,101.9,3.8909091,4.02271686363636,111.5946,0.7547579095
2007-04,68.55,8076316670000.0,100.5,3.9752632,4.24588171428571,118.3783,0.740196535095238
2007-05,68.71,8166525705000.0,102.2,4.0713636,4.37309595652174,121.1871,0.740158730043478
2007-06,68.78,8242225324999.998,102.4,4.1477619,4.66075533333333,121.6621,0.745034100238095
2007-07,68.62,8298008840000.0,102.6,4.2161818,4.62842486363636,121.0841,0.728967981954545
2007-08,68.67,8303860718000.0,103.3,4.5436087,4.4263127826087,114.0772,0.734198174043478
2007-09,68.93,8395223002000.003,102.9,4.7417,4.3694047,115.4682,0.71884956405
2007-10,69.27,8500092339000.003,103.6,4.6873913,4.40021491304348,119.884,0.70277864073913
2007-11,69.65,8593524157000.0,103.1,4.6385455,4.25154036363636,115.4766,0.680739904772727
2007-12,69.92,8691439214000.0,103.4,4.8483684,4.38176185714286,116.3499,0.68677322555
2008-01,69.68,8785715509000.0,104.5,4.4815455,4.2317453043478315,106.7133,0.67966619573913
2008-02,69.92,8805947582000.0,104.5,4.3620952,4.139370952380951,101.2172,0.678629145190476
2008-03,70.61,8877089004000.0,103.8,4.5963684,4.07051223809524,96.25256,0.644097590571429
2008-04,70.84,8972244527000.0,105.2,4.7835,4.2827465,100.9419,0.635092953636364
2008-05,71.28,9060572002000.0,102.0,4.857381,4.42327081818182,103.0565,0.642545454545455
2008-06,71.56,9076946303000.0,102.2,4.9405238,4.80925171428571,95.49464,0.642904761904762
2008-07,71.45,9108827400000.0,101.3,4.961,4.8145092173913,87.54796,0.634608695652174
2008-08,71.35,9133021580000.0,100.9,4.9651905,4.496043047619049,88.7233,0.669
2008-09,71.49,9198869420000.0,100.1,5.0191818,4.504298409090911,84.58195,0.697045454545455
2008-10,71.51,9326351030000.0,97.8,5.113087,4.41582552173913,67.80434,0.753347826086956
2008-11,71.17,9367448353000.0,94.3,4.2383,4.19642625,63.16923,0.7861
2008-12,71.08,9423780086000.0,90.4,3.292619,3.888141304347831,61.4785,0.74475
2009-01,70.5,9400007134980.57,86.6,2.4565238,4.099894953421591,60.49207,0.7583
2009-02,70.79,9414394920900.688,84.6,1.94305,4.19648825579123,56.24406,0.78065
2009-03,71.05,9406751060249.668,83.6,1.6354545,4.14197136591993,51.82874,0.766863636363636
2009-04,71.3,9490158991527.7,82.5,1.4223,4.08934316712587,58.75082,0.757409090909091
2009-05,71.34,9462892580607.73,84.4,1.2817,4.13313585146522,63.36657,0.731952380952381
2009-06,71.48,9457502814027.4,85.0,1.2279091,4.32495409356537,63.63773,0.713568181818182
2009-07,71.01,9420891186708.738,85.2,0.9749565,4.08867726431956,64.00575,0.709826086956522
2009-08,71.25,9379996670922.48,85.3,0.8604762,3.89149233614812,70.37932,0.701
2009-09,71.26,9378228281239.969,87.4,0.7720909,3.86698059992542,74.09707,0.686454545454545
2009-10,71.42,9362115540188.56,87.0,0.7375,3.8038635928819104,75.43439,0.675
2009-11,71.51,9341007991888.941,87.4,0.7161905,3.8349723018409696,74.51028,0.670233333333333
2009-12,71.73,9382248944952.66,87.3,0.7120455,3.87162289880302,75.85517,0.686347826086957
2010-01,71.15,9326163985282.527,88.8,0.67975,4.10167002022155,76.79612,0.700142857142857
2010-02,71.37,9303401143429.32,88.3,0.6617,4.10599440438843,72.15005,0.73085
2010-03,72.16,9313183123851.188,90.1,0.6449565,3.98666537388462,76.53534,0.737
2010-04,72.45,9399886177512.0,90.3,0.6447,4.16705922161741,78.28024,0.746545454545455
2010-05,72.54,9427101080496.738,92.3,0.6865238,3.68417374441406,70.93457,0.795428571428571
2010-06,72.54,9256526269585.82,92.3,0.7275909,3.68982904070938,71.07352,0.818954545454545
2010-07,72.23,9242775555190.398,91.8,0.8488182,3.61038510192208,71.61446,0.782045454545455
2010-08,72.37,9251623357447.7,92.8,0.8955,3.43788182751189,72.66797,0.775409090909091
2010-09,72.6,9248048233003.633,92.8,0.8805,3.49211667165418,74.28543,0.763909090909091
2010-10,72.81,9257330844659.08,93.6,0.9976667,3.32932440414292,76.16564,0.72
2010-11,72.88,9270086634214.24,94.4,1.0420455,3.7182547054332,76.41828,0.733454545454545
2010-12,73.32,9320772348477.81,95.2,1.0216957,4.053499315071711,77.61973,0.756782608695652
2011-01,72.8,9309189004747.39,94.7,1.0172381,3.9326299436839114,79.38821,0.748409523809524
2011-02,73.11,9298648273980.621,95.6,1.08675,4.474787617347671,82.046,0.73225
2011-03,74.09,9328842005879.049,95.6,1.1755217,4.487934587834,79.14007,0.713565217391304
2011-04,74.51,9391506784815.24,95.4,1.3212105,4.66041137228633,80.68848,0.691714285714286
2011-05,74.52,9391993627770.38,96.0,1.4250909,4.36747925922629,79.72647,0.698454545454545
2011-06,74.51,9404390886674.287,94.4,1.4885909,4.374383777534431,76.60327,0.694181818181818
2011-07,74.09,9405853095530.33,95.6,1.597619,4.596683374523328,75.91946,0.700047619047619
2011-08,74.22,9446140194129.688,95.5,1.552087,4.20449278450583,63.68574,0.697652173913043
2011-09,74.77,9465968735013.049,94.7,1.5364545,4.03449708299734,59.6679,0.727
2011-10,75.03,9436921150446.16,94.5,1.5758571,4.07775911407011,63.46397,0.728857142857143
2011-11,75.09,9448343294030.23,94.6,1.4846818,4.3917472691869515,61.52987,0.737136363636364
2011-12,75.34,9535046828092.111,94.1,1.4260952,4.09262291417417,62.38239,0.760636363636364
2012-01,74.74,9495264631049.793,93.4,1.2222273,3.90433805608164,65.52468,0.775
2012-02,75.11,9505535434178.34,94.2,1.0482857,3.74408726271292,69.40412,0.755476190476191
2012-03,76.08,9605842976376.14,94.0,0.8584545,3.2827648089977695,70.38325,0.757136363636364
2012-04,76.43,9608369558217.72,93.3,0.7443158,3.38187729759281,66.0906,0.759952380952381
2012-05,76.33,9646447879938.621,94.0,0.6849091,3.52554472292503,62.28695,0.781782608695652
2012-06,76.27,9683131752806.049,93.3,0.6588571,3.40599415231851,60.68549,0.797714285714286
2012-07,75.87,9712259452921.111,93.5,0.4970455,3.24899459783906,63.56952,0.814090909090909
2012-08,76.16,9687649388269.969,94.1,0.3323913,3.00803600641141,67.52279,0.806173913043478
2012-09,76.72,9700182284950.287,92.4,0.2463,2.41867343345105,70.21201,0.77715
2012-10,76.9,9754761431716.73,91.6,0.207913,2.3057818010952,69.80975,0.770608695652174
2012-11,76.74,9759439116939.459,91.0,0.192,2.24665118025691,69.82182,0.779227272727273
2012-12,77.02,9807967674629.99,91.5,0.1854737,2.09906736204692,72.95261,0.761761904761905
2013-01,76.22,9747376286749.367,91.1,0.2049091,2.3942180579713694,75.44898,0.752
2013-02,76.5,9754427901499.8,91.3,0.22335,2.8579232751292,74.30003,0.74955
2013-03,77.4,9803283093584.818,92.4,0.20605,3.0268070553043094,75.94781,0.772047619047619
2013-04,77.33,9852611395125.398,92.5,0.2089048,2.85573496129224,74.65344,0.767772727272727
2013-05,77.41,9854519191316.75,92.5,0.2012273,2.68456147468706,78.6491,0.770714285714286
2013-06,77.5,9846648645039.65,92.7,0.21025,3.06963806120241,75.30694,0.758586
2013-07,77.08,9838325008178.969,91.7,0.2214348,3.10141380534218,76.45506,0.764642173913043
2013-08,77.18,9882186638354.49,92.2,0.2258636,3.09683898872373,79.78374,0.751065454545455
2013-09,77.55,9843987214400.922,92.6,0.2232381,3.4070926109098094,81.58591,0.74911619047619
2013-10,77.46,9857474170880.371,92.0,0.2258261,3.1629836999224,84.61816,0.733005652173913
2013-11,77.39,9885411688920.49,93.2,0.223381,3.17118187200529,86.66119,0.741359523809524
2013-12,77.67,9849472945849.44,93.1,0.2735,3.31291665153656,85.69329,0.729712272727273
2014-01,76.8,9852348836664.463,92.7,0.2920455,3.21173436338516,88.34238,0.73408347826087
2014-02,77.04,9864752775173.348,93.4,0.2881,3.08875773068556,88.68092,0.731746
2014-03,77.76,9878637875640.158,92.8,0.3053333,2.88610575008792,88.97874,0.723164761904762
2014-04,77.88,9900283572461.021,94.3,0.32975,2.61002012827356,90.68548,0.724089090909091
2014-05,77.79,9970853161627.94,93.6,0.3245714,2.55487751147178,91.14529,0.728108181818182
2014-06,77.88,9986859838962.5,93.0,0.2414286,2.2750932766175,93.04795,0.735575238095238
2014-07,77.37,10017900066173.3,93.9,0.2050435,2.1569547255719894,90.47438,0.738856956521739
2014-08,77.46,10068184224111.5,92.1,0.1915714,1.99076393707155,87.39693,0.75092
2014-09,77.8,10077045337769.6,93.2,0.0970909,1.84926476787436,90.96001,0.775189545454545
2014-10,77.75,10103037057301.1,93.0,0.0826087,1.6893827901523,85.39798,0.789044347826087
2014-11,77.61,10196211324550.5,92.8,0.0809,1.61676565245274,88.62,0.801368
2014-12,77.54,10328136336826.2,94.0,0.0809048,1.44647590501225,89.9124,0.812196086956522
2015-01,76.34,10395762152358.2,93.4,0.0626667,1.26571503227611,91.80496,0.859902727272727
2015-02,76.81,10417313903434.4,95.7,0.0482,1.20888002432769,99.14811,0.880563
2015-03,77.71,10460794739634.9,95.9,0.0271818,0.9505888314020852,104.9504,0.924472727272727
2015-04,78.04,10561863816436.5,95.2,0.0047,0.849814081632761,107.5063,0.924685454545455
2015-05,78.26,10598222647099.6,95.9,-0.0103684,1.33011274292874,104.8303,0.896117142857143
2015-06,78.27,10598577520634.1,96.1,-0.0139091,1.65945473225937,102.177,0.891557727272727
2015-07,77.79,10673490166304.5,96.7,-0.0187391,1.52966056724605,102.8282,0.908782608695652
2015-08,77.79,10671134935386.9,95.4,-0.0276667,1.38766695750168,100.1312,0.898364761904762
2015-09,77.96,10666494044239.2,95.8,-0.0370455,1.47989808053635,92.8857,0.891428636363636
2015-10,78.05,10773953227600.3,96.1,-0.0535909,1.20240141361243,96.0555,0.890323636363636
2015-11,77.72,10838724140487.3,95.6,-0.087619,1.1537191796848,100.5562,0.93277
2015-12,77.73,10837680042533.7,95.6,-0.1263182,1.19178912943303,97.12614,0.918451304347826
2016-01,76.58,10904555298515.8,98.1,-0.14615,1.11450059178444,90.36546,0.921767142857143
2016-02,76.71,10939096984627.1,96.6,-0.1835714,1.04183095663421,85.4269,0.901702380952381
2016-03,77.67,10965213618790.5,96.0,-0.2285238,0.930695301153468,90.35648,0.898522608695652
2016-04,77.84,11066330142240.3,97.5,-0.2491905,0.960151858445288,90.7885,0.881817619047619
2016-05,78.16,11105871037376.5,96.0,-0.2571818,0.972331397375095,89.69597,0.884608181818182
2016-06,78.3,11128073569048.7,96.9,-0.2679091,0.882978166585566,87.63414,0.890281363636364
2016-07,77.92,11220929109354.6,96.7,-0.2945238,0.621088196069088,87.82053,0.904311428571429
2016-08,77.97,11210074199263.0,96.7,-0.2982174,0.611150867374379,90.72702,0.89225
2016-09,78.27,11213392924593.0,97.0,-0.3016364,0.732542524614651,91.37519,0.891918636363636
2016-10,78.45,11244902152718.7,97.7,-0.309,0.766417752375933,92.03178,0.907677142857143
2016-11,78.17,11340472662840.6,98.0,-0.3126818,1.22588777156883,91.10402,0.927670454545454
2016-12,78.58,11392602784359.3,97.6,-0.3157619,1.28320932640245,96.24695,0.948851363636364
2017-01,77.91,11417625043537.7,97.3,-0.3255455,1.30738702746158,98.9314,0.940747272727273
2017-02,78.21,11452748226186.2,98.0,-0.3286,1.43714133420551,99.15401,0.939364
2017-03,78.87,11556325581463.9,97.8,-0.3293478,1.45313673040938,102.6455,0.935317391304348
2017-04,79.31,11604768342429.2,98.7,-0.3303889,1.26257504822609,104.8432,0.9333455
2017-05,79.25,11621792162471.9,99.1,-0.3294545,1.17237157183444,108.6536,0.904472173913043
2017-06,79.32,11660113876394.2,98.8,-0.33,1.07211029535976,107.6759,0.890008181818182
2017-07,78.96,11696755842105.0,100.0,-0.3304286,1.20647009752845,106.0637,0.868165714285714
2017-08,79.17,11752142234169.0,100.8,-0.329087,1.04453174515063,105.2842,0.846646956521739
2017-09,79.49,11766083114808.2,100.4,-0.329381,1.11592108421413,106.8775,0.83948619047619
2017-10,79.53,11788559148738.2,100.4,-0.3295455,1.14940415647413,109.9482,0.850687272727273
2017-11,79.36,11857378097307.0,103.0,-0.329,0.948731630672955,109.9527,0.851745909090909
2017-12,79.64,11877247769567.3,103.0,-0.3278947,0.87902629874751,109.3862,0.845299523809524
2018-01,78.92,11872112099801.398,100.9,-0.3284545,1.03092972825132,111.6844,0.819926956521739
2018-02,79.09,11869182714602.3,100.1,-0.3285,1.26966337620687,106.8396,0.810291
2018-03,79.97,11934990235227.4,100.5,-0.3279048,1.168397749229,105.4975,0.811034090909091
2018-04,80.29,11994585261620.0,100.4,-0.32845,1.12553181283971,107.4639,0.814952857142857
2018-05,80.79,12078228488877.5,101.5,-0.3252273,1.23621542510378,110.1094,0.847136956521739
2018-06,80.88,12176780060728.0,101.4,-0.3220476,1.28733057157399,107.6366,0.856363333333333
2018-07,80.7,12168427691578.6,100.1,-0.3207273,1.19588314685909,107.7382,0.855792727272727
2018-08,80.82,12176185383710.8,101.4,-0.319,1.36578839763528,107.3609,0.865863043478261
2018-09,81.14,12196129504533.7,100.6,-0.31885,1.31916154308239,105.6573,0.857064
2018-10,81.34,12235319222202.1,100.8,-0.3176957,1.55399426482612,100.7757,0.870770869565217
2018-11,80.89,12321385872178.1,99.4,-0.3163636,1.40517946789719,98.61532,0.879952272727273
2018-12,80.85,12373338743689.8,99.7,-0.3118947,1.21055886842946,93.84237,0.878745714285714
2019-01,80.01,12363551794833.7,100.6,-0.308,1.20242066426418,95.42643,0.87572652173913
2019-02,80.27,12403044666954.3,100.3,-0.30845,1.11999908018448,99.66153,0.881373
2019-03,81.09,12533081126732.7,100.4,-0.3091905,0.991972744387536,102.6629,0.885216666666667
2019-04,81.67,12605604946998.5,100.2,-0.31045,0.952038365123788,106.4943,0.889998181818182
2019-05,81.78,12685735063182.6,100.6,-0.3118636,0.871484192056088,103.6909,0.89389652173913
2019-06,81.91,12754322923295.8,99.3,-0.3289,0.573975698638794,103.7838,0.8853465
2019-07,81.52,12810658841655.0,99.1,-0.3648696,0.357586837911898,106.6692,0.891700434782609
2019-08,81.64,12924230661112.9,99.4,-0.4076818,0.0995032681576103,102.0647,0.898880909090909
2019-09,81.82,12894267253392.8,99.4,-0.4175714,0.04752293261004,106.5836,0.908415714285714
2019-10,81.93,12947687664502.4,99.9,-0.4128696,0.131567819751726,107.4636,0.904646956521739
2019-11,81.67,13048718025241.0,98.7,-0.4012857,0.301267643553345,111.8338,0.905019047619048
2019-12,81.93,13002318679609.9,96.5,-0.3947,0.366036461077784,112.7054,0.89996
2020-01,81.1,13016465964601.1,99.2,-0.3911364,0.315867468685361,114.1988,0.900732608695652
2020-02,81.25,13108025457055.898,99.1,-0.40885,0.132262730992167,114.2796,0.916945
2020-03,81.69,13457108260833.3,88.1,-0.4166364,0.372634326290483,86.59691,0.905850454545455
2020-04,81.93,13631384504206.4,71.7,-0.25405,0.553776148698786,87.25377,0.91977
2020-05,81.85,13841790291633.7,81.4,-0.27195,0.479135742756966,90.40842,0.916918571428571
2020-06,82.13,13924721947417.0,88.7,-0.376,0.351459291517374,99.34293,0.888126363636364
2020-07,81.84,14024414572672.3,93.2,-0.4441304,0.220885310186352,101.615,0.871609130434783
2020-08,81.5,14040950368126.1,93.7,-0.4797143,0.160071953925014,101.5684,0.845354761904762
2020-09,81.56,14126058599642.4,93.8,-0.4913636,0.123463670294754,100.8304,0.848579545454545
2020-10,81.71,14247562986397.5,96.7,-0.5091364,0.0003605895975517,99.67136,0.849596363636364
2020-11,81.43,14370474196005.2,99.6,-0.5208571,-0.0550423146444472,106.0354,0.845119523809524
2020-12,81.7,14503850822295.4,98.5,-0.5380909,-0.0918818166552814,110.6379,0.82189652173913
2021-01,81.84,14574683116144.8,100.4,-0.54715,-0.0637567597967504,113.0933,0.82172380952381
2021-02,82.01,14634655142564.8,99.0,-0.5411,0.0632093685662669,115.0985,0.826744
2021-03,82.78,14716194691329.1,100.0,-0.539087,0.147856238199887,118.5624,0.840463913043478
2021-04,83.25,14799075815323.9,101.2,-0.53815,0.204919188611819,123.4095,0.836031818181818
2021-05,83.47,14908356778405.398,99.5,-0.5400952,0.377151027497333,124.5916,0.822941428571429
2021-06,83.69,14997804841973.0,98.3,-0.5429091,0.303973297148943,127.813,0.830012272727273
2021-07,83.61,15168027723300.5,101.2,-0.5448182,0.163364532874183,127.3939,0.845684545454545
2021-08,83.9,15208831197576.8,98.6,-0.5475909,0.0594693793304723,131.5263,0.849813636363636
2021-09,84.3,15233873632215.4,99.1,-0.5450455,0.19708119822436,130.6774,0.849625909090909
2021-10,85.02,15366674123104.9,99.6,-0.5498095,0.352497867398119,129.5189,0.862008095238095
2021-11,85.4,15451854167961.8,100.5,-0.5673636,0.31220618663745,134.3893,0.876749545454545
2021-12,85.76,15543289254163.3,102.4,-0.5819565,0.278432004803968,131.6776,0.884841739130435
2022-01,86.02,15545254399332.4,101.7,-0.5601429,0.534543052161387,132.227,0.883386666666667
2022-02,86.83,15584630589101.7,102.2,-0.5315,0.944137981439139,127.0804,0.881508
2022-03,88.94,15683589023091.2,100.3,-0.4954348,1.05348656280789,118.4808,0.907314782608696
2022-04,89.45,15810457862955.2,100.4,-0.4478947,1.56787670049276,120.439,0.925866666666667
2022-05,90.19,15855668671416.1,102.5,-0.3857273,1.87413073196545,116.0843,0.945338636363636
2022-06,90.92,15942298255732.7,102.3,-0.2392273,2.4387440003435095,112.172,0.946507727272727
2022-07,91.02,16065719455634.7,100.9,0.036619,2.09295536201857,109.5836,0.98224380952381
2022-08,91.58,16136984668438.9,104.2,0.3947391,2.05655468594624,114.6805,0.987073043478261
2022-09,92.67,16179932773888.6,105.0,1.0108636,2.81380130289941,107.339,1.01043
2022-10,94.05,16099979588364.0,103.4,1.4276667,3.18415701723283,106.251,1.01627095238095
2022-11,93.98,16151390622694.0,103.5,1.8252273,2.93745167542338,116.276,0.980092727272727
2022-12,93.65,16132083505673.2,99.5,2.0634762,2.9995603766952894,117.3453,0.944557272727273
2023-01,93.45,16043216542810.2,102.5,2.3448636,3.04407454825526,123.4687,0.928523181818182
2023-02,94.21,16008829360927.0,104.9,2.64035,3.22104313833771,127.9489,0.934222
2023-03,95.06,16012949000203.8,98.9,2.9105652,3.23313142561768,125.9053,0.933656086956522
2023-04,95.66,16006551829803.9,100.7,3.1794444,3.1931480944096906,129.2405,0.9120525
2023-05,95.69,15989828801737.0,100.2,3.3717273,3.20531259225322,128.126,0.921129565217391
2023-06,95.93,15989459483149.7,101.4,3.5358636,3.16421521524494,127.8523,0.922431818181818
2023-07,95.83,15984418333573.1,98.6,3.6718095,3.26889752032579,129.1551,0.904549047619048
2023-08,96.35,15946698016774.9,98.5,3.7803043,3.34243979581141,127.4257,0.916694347826087
2023-09,96.67,16000632522201.9,98.3,3.8800476,3.50431109850626,125.5614,0.936765238095238
2023-10,96.75,15956018602915.3,97.8,3.9676364,3.72206836479434,120.9331,0.947035
2023-11,96.21,16025573773633.3,98.2,3.9716364,3.41868826496933,125.7574,0.924648181818182
2023-12,96.37,,99.7,3.9348947,2.8642750008362095,132.556,0.916317142857143
2024-01,96.03,,96.5,3.9252727,2.9044164805744894,132.4796,0.917020434782609
2024-02,96.63,,97.4,3.9231905,3.02538498713333,137.3935,0.927043333333333
2024-03,97.35,,98.1,3.9231,2.95329790278577,143.2536,0.919880952380952
2024-04,97.91,,97.6,3.8853333,3.0735609682517895,143.6205,0.932766818181818
2024-05,98.13,,96.8,3.8126818,3.12149195085422,145.8435,0.924853913043478
2024-06,98.33,,97.1,3.7245,3.1650202317552294,143.1714,0.9293125
2024-07,98.3,,96.6,3.6848261,3.11299627992368,142.119,0.92207652173913
2024-08,98.43,,98.3,3.5475909,2.90591245915688,138.6906,0.907303181818182
2024-09,98.34,,,3.4337143,2.83416486770752,141.7535,0.900525238095238
2024-10,98.68,,,3.1666087,2.86593395053269,143.4883,0.917738695652174
2024-11,98.36,,,3.0067619,2.9291315226785,139.665,0.94116
2024-12,98.71,,,2.8246,2.81234302970702,142.2882,0.955722727272727
2025-01,98.43,,,2.7042727,3.0879565217,146.6177,0.965467826086956
2025-02,98.85,,,2.52495,2.988655,155.4396,0.959775
2025-03,99.46,,,2.4424286,3.313772381,156.9372,0.924950952380952
2025-04,100.02,,,2.2494,3.0972209091,146.075,0.890489090909091
2025-05,99.96,,,2.0872381,3.0709945455,157.9189,0.886088181818182
2025-06,100.26,,,1.983619,3.0847609524,157.7038,0.867498571428571
2025-07,100.28,,,1.9863478,3.1735630435,159.072,0.856764347826087
2025-08,100.42,,,2.0210952,3.2050457143,160.5488,0.858611904761905
2025-09,100.52,,,2.0272727,3.2330461969,160.7973,0.851994545454545
2025-10,100.73,,,2.0344348,3.1239221739,166.8486,0.859318695652174
2025-11,100.44,,,2.04165,3.1361575,166.6128,0.86494
2025-12,100.62,,,2.0484286,3.2447326087,169.7321,0.853524782608696
2026-01,100.04,,,2.0277273,3.2209840909,176.1132,0.851919545454545
2026-02,100.7,,,2.0113,,,
2026-03,101.98,,,2.1094091,,,
2026-04,103.02,,,2.1753,,,
2026-05,103.1,,,2.2261,,,
2026-06,103.0,,,2.339,,,
2026-07,103.22,,,2.4253913,,,
2026-08,103.66,,,2.5131429,,,
