fecha,ipc,dinero,produccion,tasa_corta,tasa_larga,acciones,tipo_cambio
1992-01,0.01043353,,,,,,
1992-02,0.01439827,,,,,,
1992-03,0.01870336,,,,,,
1992-04,0.02276199,,,,,,
1992-05,0.02547066,,,,,,
1992-06,0.03033556,,,,,,0.138
1992-07,0.03355113,,,,,,0.168
1992-08,0.03643652,,,,,,0.217
1992-09,0.04062672,,,,,,0.344
1992-10,0.04993024,,,,,,0.424
1992-11,0.06296204,,,,,,0.415
1992-12,0.07882847,,,,,,0.462
1993-01,0.09916621,,77.43344,,,,0.568
1993-02,0.1236603,,82.29163,,,,0.659
1993-03,0.148516,,83.58012,,,,0.756
1993-04,0.1762884999999999,,82.17934,,,,0.893
1993-05,0.2081967,,82.1729,,,,1.08
1993-06,0.2496277999999999,,80.7244,,,,1.03
1993-07,0.3055445,,77.78948,,,,1.012562491
1993-08,0.3849859999999999,,75.16035,,,,0.985590921045455
1993-09,0.4735327999999999,,73.91707,,,,1.07272728204545
1993-10,0.5658716999999999,,73.4847,,,,1.18769999145
1993-11,0.6586747,,71.09534,,,,1.19445452909091
1993-12,0.741009,,66.72572,,,,1.23947057294118
1994-01,0.8736495999999999,,60.63821,,,,1.438277781
1994-02,0.9681785,,63.10467,,,,1.58499999172222
1994-03,1.039921,,61.57766,,,,1.720999986
1994-04,1.12821,,60.67764,,,,1.79474999305
1994-05,1.206169,,59.54931,,,,1.88023529341176
1994-06,1.278539,,59.10572,,,,1.96149999561111
1994-07,1.346685,,58.47025,,,,2.0272499979
1994-08,1.408902,,59.24375,,,,2.12173913878261
1994-09,1.521051,,58.44954,,,,2.34581816195455
1994-10,1.749208,,59.47009,,,,3.03300003435294
1994-11,2.004768,,60.37217,,,,3.1539000034
1994-12,2.334352,,60.72083,,,,3.38640002005
1995-01,2.749166,,60.18222,,,,3.84511763911765
1995-02,3.052124,,60.42654,,,,4.2604999781
1995-03,3.324984,,58.06783,,,,4.74868184868182
1995-04,3.60661,,56.97062,,,,5.02278945310526
1995-05,3.892614,,59.55938,,,,5.06115790410526
1995-06,4.151862,210028668200.0,59.74187,,,,4.71474997995
1995-07,4.375233000000001,207763306800.0,59.9679,,,,4.51973689231579
1995-08,4.574743,220241078300.0,59.46846,,,,4.41630440165217
1995-09,4.778777,234086899400.0,58.99982,,,,4.47478951915789
1995-10,5.004335,240128083100.0,58.35144,,,,4.50165004745
1995-11,5.232533,248145974500.0,56.76535,,,,4.54388231382353
1995-12,5.399973999999999,256094110100.00003,56.37647,,,,4.61664288378571
1996-01,5.621912,267676935400.0,56.46845,,,,4.68999998184211
1996-02,5.778764,278786686700.0,55.5899,,,,4.76538097290476
1996-03,5.940569,287061301400.0,56.28589,,,,4.83559999475
1996-04,6.068886,295062445900.0,56.61551,,,,4.90585719961905
1996-05,6.165988,300440241000.0,56.68024,,,,4.991000043
1996-06,6.23813,308706096100.0,56.53387,,,,5.05958826388235
1996-07,6.283044,320192982300.0,56.2952,,,,5.15188890038889
1996-08,6.26985,329768606200.0,56.22086,,,,5.2949000121
1996-09,6.290541,336419365300.0,56.50652,,,,5.3698999883
1996-10,6.366027,341016247700.0,56.27552,,,,5.431347847
1996-11,6.485708,347309283000.0,55.80418,,,,5.48166669738889
1996-12,6.577806,352601744100.0,54.9058,,,,5.52853852023077
1997-01,6.731725999999999,346621768400.0,55.92465,34.9,,,5.59927776133333
1997-02,6.835394,361694534600.0,58.44716,33.1,,,5.65214283107143
1997-03,6.933141,369260053700.0,56.35838,30.6,,,5.7034666698
1997-04,6.999699000000001,378170188100.0,56.22702,28.9,,,5.74733333593333
1997-05,7.065496,389875471800.0,57.31446,30.4,,,5.769666592
1997-06,7.143217,397777208200.0,57.76627,22.8,,,5.77631583968421
1997-07,7.2096490000000015,411482112000.0,58.15435,30.5,,,5.78670588664706
1997-08,7.199555,425523530200.0,58.65317,22.4,,,5.80906670886667
1997-09,7.177956,436667407800.0,58.02135,15.8,,5.922304,5.84657144557143
1997-10,7.190159,442726824100.0,57.54748,19.7,,6.207066,5.87399999308333
1997-11,7.234019,457594693100.0,58.16994,19.7,,4.490672,5.900272716
1997-12,7.303464999999998,446281694600.0,56.01672,15.7,,4.591205,5.93763637554545
1998-01,7.413748,446447831600.0,53.75848,25.4,,4.193962,5.99788093571429
1998-02,7.47973,434389633900.0,56.25964,28.6,,4.189904,6.04907503125
1998-03,7.527599999999999,437744347900.0,55.4715,25.8,,4.659879,6.08811365481818
1998-04,7.556205,441084835500.0,54.76664,26.1,,4.47168,6.11966666728571
1998-05,7.593986,447052027300.0,52.3716,45.3,,3.579128,6.1473250388
1998-06,7.600061,453188618800.0,51.21107,31.5,,2.555384,6.17731813940909
1998-07,7.612980999999999,441963478300.0,49.79147,39.4,,2.308344,6.21671734691304
1998-08,7.892378,440372889400.0,49.29619,35.5,,1.511139,6.89317896484211
1998-09,10.92542,445216149600.0,46.87193,12.1,,1.635383,14.2757273150455
1998-10,11.42143,537416627400.00006,49.63369,33.0,,1.539875,15.9090409704545
1998-11,12.06903,541246148900.0,50.42285,35.8,,2.448514,16.3847618095238
1998-12,13.47024,574923491800.0,51.80466,20.0,,2.755064,20.042681954090895
1999-01,14.59905,614297153000.0,52.55219,43.9,96.34,2.690259,22.477499771
1999-02,15.20199,647317564800.0,50.99362,23.3,99.47,3.263726,22.901750279
1999-03,15.626120000000002,661780233600.0,52.22016,21.6,98.67,4.714918,23.470174043478295
1999-04,16.0996,685042278600.0,51.60596,20.6,110.55,5.166309,24.7413001065
1999-05,16.45701,724743924400.0,51.77595,21.0,96.75,6.337929,24.4150477819048
1999-06,16.77134,763615977400.0,51.41739,20.4,64.73,7.269377,24.304545315
1999-07,17.24429,779736139000.0,52.82815,16.9,68.36,8.072206,24.2949542118182
1999-08,17.44432,795654216700.0,52.93597,19.5,75.88,6.456523,24.687272765454505
1999-09,17.7025,832778607900.0,53.56286,17.7,83.74,5.833924,25.423190434761896
1999-10,17.94502,846901923300.0,51.90866,19.9,86.87,5.851764,25.655047552857095
1999-11,18.16574,898247585700.0,53.39955,22.2,89.06,7.150208,26.2919998171429
1999-12,18.39463,940720297600.0,62.04022,28.6,78.09,7.908958,26.7653334480952
2000-01,18.82323,961952390300.0,58.04696,27.4,58.57,11.68269,28.1667497625
2000-02,19.01899,1017257089000.0,56.0839,17.8,51.06,11.94334,28.699857167619
2000-03,19.14071,1069891936000.0,56.0937,14.7,40.95,14.14783,28.4626085865217
2000-04,19.31106,1104098527000.0,61.56514,13.5,41.12,14.2731,28.620249939
2000-05,19.64901,1133394956000.0,56.75257,10.9,41.05,13.75716,28.3119784656522
2000-06,20.15006,1179188731000.0,57.44533,12.2,37.82,12.79236,28.2261364681818
2000-07,20.51074,1231398859000.0,57.46338,9.1,29.44,11.5782,27.8521427885714
2000-08,20.71175,1301833564000.0,57.5775,9.6,25.68,13.59982,27.7501738156522
2000-09,20.98514,1349321454000.0,57.41529,11.4,23.59,12.81848,27.734749889
2000-10,21.42793,1413025387000.0,57.66615,9.3,23.8,11.85131,27.833227245454495
2000-11,21.75364,1453271296000.0,57.66647,8.9,24.18,10.51959,27.816363767727296
2000-12,22.1104,1493836475000.0,58.72964,9.1,24.7,8.677857,27.9305998785
2001-01,22.72064,1523375456000.0,57.78614,8.1,23.29,9.589816,28.3472727863636
2001-02,23.23867,1560957844000.0,58.49183,12.1,21.97,9.903896,28.572400092
2001-03,23.67091,1623189130000.0,58.14213,8.5,22.36,9.90924,28.6790910218182
2001-04,24.09462,1655388954000.0,58.15113,10.3,20.96,10.01611,28.859200096
2001-05,24.5235,1706308026000.0,60.54699,10.6,19.34,11.52417,29.0193912656522
2001-06,24.92079,1744387500000.0,59.952,9.0,18.81,13.03875,29.118190402857095
2001-07,25.03293,1783851053000.0,59.85903,10.4,18.96,12.31619,29.208454564545505
2001-08,25.03543,1844061450000.0,59.53603,10.1,18.58,11.37989,29.3465220404348
2001-09,25.18565,1902074309000.0,60.22146,7.5,17.48,10.91798,29.4368501665
2001-10,25.46017,1958795390000.0,60.79882,9.9,17.34,10.25776,29.5288042821739
2001-11,25.80643,2028220293000.0,61.38087,13.2,16.84,12.23723,29.8080905568182
2001-12,26.21933,2041219178000.0,59.57952,10.1,16.67,13.30237,30.1789998994444
2002-01,27.02951,2067192602000.0,60.37153,14.7,15.7,15.41483,30.5722274781818
2002-02,27.34305,2093741254000.0,60.37983,13.7,15.1,15.54486,30.8539003375
2002-03,27.63836,2117023317000.0,60.34794,14.2,16.09,16.96564,31.0954761519048
2002-04,27.95896,2166910373000.0,60.41398,13.5,17.05,19.07573,31.184909125
2002-05,28.43147,2237820328000.0,59.87977,12.8,16.85,20.22459,31.2572611934783
2002-06,28.58215,2306424489000.0,61.1887,12.3,16.56,18.98311,31.418625261
2002-07,28.78794,2338097998000.0,62.19642,13.1,16.24,18.10262,31.5336739095652
2002-08,28.81385,2403703289000.0,62.90079,11.8,16.28,17.3385,31.560000074545496
2002-09,28.92911,2475811793000.0,62.47779,9.6,16.23,17.22272,31.628452394285695
2002-10,29.23865,2527404914000.0,62.82445,10.5,15.39,18.048,31.7189130343478
2002-11,29.70939,2602643840000.0,62.09162,10.6,14.62,18.47429,31.8326238890476
2002-12,30.16692,2672687739000.0,62.06841,11.9,13.78,18.53307,31.850447302105305
2003-01,30.89092,2760792121000.0,63.85649,10.4,13.14,18.66428,31.8443410181818
2003-02,31.39445,2810044363000.0,65.46119,8.8,10.89,19.43375,31.6790299415
2003-03,31.724090000000004,2921549853000.0,66.64499,7.2,9.43,20.29821,31.458890643333305
2003-04,32.047670000000004,3010481433000.0,66.92675,6.7,8.93,20.80169,31.2019091527273
2003-05,32.30405,3080306765000.0,66.80256,5.6,8.05,23.51916,30.9475908277273
2003-06,32.56248,3175403577000.0,66.75634,7.3,7.74,26.00567,30.4811810995238
2003-07,32.79368,3293839813000.0,67.41072,7.0,8.42,25.73493,30.359204416087
2003-08,32.65923,3386959141000.0,67.27098,7.4,8.43,27.06368,30.3388189590476
2003-09,32.770270000000004,3474499913000.0,68.54924,11.3,8.81,29.72238,30.5869954713636
2003-10,33.097970000000004,3606307709000.0,68.34943,8.8,8.59,31.99396,30.1459651621739
2003-11,33.41571,3621708688000.0,68.3653,9.2,8.6,28.26478,29.801885319
2003-12,33.78328,3707350111000.0,70.012,7.8,8.35,29.76987,29.4523049304762
2004-01,34.37449,3809047544000.0,70.12704,5.1,7.76,32.24867,28.8585665557143
2004-02,34.7148,3959786483000.0,70.5332,6.3,8.16,33.46164,28.503464985
2004-03,34.975159999999995,4081463585000.0,71.04878,5.4,7.97,36.14468,28.5288870443478
2004-04,35.32141,4186083335000.001,71.76853,6.7,8.35,37.77861,28.6905683168182
2004-05,35.58279,4340669843000.0,72.20583,9.4,8.41,33.18675,28.9063807890476
2004-06,35.86034,4358229844000.001,72.79745,10.4,8.48,31.75885,29.022272805454495
2004-07,36.19025,4453257178000.0,72.62488,8.7,8.49,30.90745,29.0714544790909
2004-08,36.34225,4523157435000.0,74.15111,7.0,8.52,30.47403,29.2110453504545
2004-09,36.49852,4579268963000.0,72.39735,7.8,8.37,34.30651,29.2165453622727
2004-10,36.91461,4652364344000.0,72.759,5.8,8.28,38.28446,29.0720569961905
2004-11,37.32436,4816713125000.0,74.06465,7.8,8.22,36.587,28.5986365418182
2004-12,37.74986,4960690599000.0,74.54607,4.86,8.46,31.53798,27.9100823604348
2005-01,38.7389,5082487375000.0,73.57556,5.62,8.41,32.59481,27.856071107619
2005-02,39.21539,5198039849000.0,77.6827,5.98,8.38,35.4708,27.965150069
2005-03,39.74088,5339850864000.0,74.93361,4.56,8.49,35.68989,27.6381741386957
2005-04,40.18597,5491081748000.0,75.89139,5.61,8.53,36.06749,27.7257239028571
2005-05,40.50746,5614747312000.0,74.19072,5.8,8.51,35.09913,27.9262272218182
2005-06,40.76671,5732622382000.0,76.74978,6.39,8.5,36.71584,28.5531361327273
2005-07,40.954240000000006,5896179474000.0,76.54714,4.97,8.47,40.45273,28.635061627619
2005-08,40.8969,6060361144000.0,76.56031,5.4,8.21,43.73662,28.4368215643478
2005-09,40.99915,6300651128000.0,77.27854,5.66,7.73,48.80286,28.177654612727295
2005-10,41.22464,6472735107000.0,77.13113,5.56,7.58,49.95884,28.564114342857096
2005-11,41.5297,6614910747000.0,78.28329,7.4,7.38,53.75926,28.6497805336364
2005-12,41.87024,6736269045000.0,78.79278,7.1,7.1,59.33551,28.8074770854545
2006-01,42.88769,6919293634000.0,78.4,6.3,6.96,65.89555,28.3418012959091
2006-02,43.59963,7035783381000.0,79.2,5.52,7.01,75.10064,28.1930423735
2006-03,43.95715,7141811371000.0,80.1,5.8,7.01,76.10938,27.849007733478295
2006-04,44.111,7370563763000.0,80.5,6.51,7.04,84.04923,27.5300583835
2006-05,44.32273,7550055972000.0,81.6,5.19,7.05,83.30827,27.0431389186957
2006-06,44.44683,7859104807000.0,80.6,5.48,7.06,73.25713,26.9744544454545
2006-07,44.74463,8131669559000.0,81.3,5.57,7.07,79.87417,26.9128662309524
2006-08,44.82964,8378245896000.0,82.4,5.34,7.02,85.8595,26.7504849617391
2006-09,44.86999,8584781505000.003,82.6,6.2,6.93,81.72184,26.755108695714295
2006-10,44.99562,8925374959000.0,83.2,6.56,6.91,84.01005,26.865569982272696
2006-11,45.27909,9181064165000.0,83.7,6.9,6.89,88.94863,26.586906259090895
2006-12,45.6368,9406035591000.0,84.3,7.05,6.77,95.93676,26.299517315238095
2007-01,46.4035,9701489320000.0,85.9,5.71,6.77,97.82895,26.4888778373913
2007-02,46.91858,9879946413000.0,85.3,6.51,6.77,100.8368,26.3026321415
2007-03,47.1954,10145158320000.0,86.4,5.7,6.77,96.67475,26.1038190668182
2007-04,47.46441,10857275390000.0,85.9,6.17,6.73,102.6999,25.8338783809524
2007-05,47.76344,11219488040000.0,86.8,6.0,6.68,96.77569,25.8312717926087
2007-06,48.21719,11880132700000.0,87.2,5.67,6.68,97.49825,25.916580745714295
2007-07,48.63668,11827152500000.0,88.1,6.26,6.65,103.9265,25.5313725036364
2007-08,48.68045,12069466730000.0,87.6,6.45,6.71,98.52955,25.6302507652174
2007-09,49.06503,12405491680000.0,87.2,7.7,6.82,100.1872,25.293472098
2007-10,49.869690000000006,12763739730000.0,87.2,8.04,6.7,107.7821,24.8868647043478
2007-11,50.48309,13014957850000.0,89.0,8.27,6.67,109.685,24.450450115909096
2007-12,51.05355,13385383890000.0,89.0,7.45,6.66,113.2462,24.582663918
2008-01,52.23289,13678925470000.0,91.9,6.04,6.63,106.128,24.4769087243478
2008-02,52.85968,13971025200000.0,89.9,8.08,6.83,99.1488,24.5151258195238
2008-03,53.494,14258612930000.0,89.9,6.94,6.96,96.41233,23.716161817619
2008-04,54.25361,14540111140000.0,90.2,7.99,6.96,98.88638,23.5278675781818
2008-05,54.98603000000001,14575948760000.0,91.3,8.0,6.99,109.4445,23.718318245
2008-06,55.5194,15062091570000.0,89.6,8.02,6.98,108.2719,23.6476667490476
2008-07,55.80255,15404792300000.0,89.0,7.73,7.13,95.74736,23.356913027826096
2008-08,56.00344,15483535670000.0,89.5,8.31,7.56,82.93838,24.2272858404762
2008-09,56.45146999999999,16016717530000.0,88.1,9.68,8.25,66.3729,25.3342728181818
2008-10,56.96516999999999,15943179770000.0,85.5,17.17,8.73,41.11473,26.482825983913
2008-11,57.43798,15611627490000.0,79.4,18.2,8.46,37.78454,27.3238499645
2008-12,57.8343,15390911320000.0,76.3,23.1,8.8,36.43739,28.0756000515
2009-01,59.204980000000006,15607696450000.0,76.1,27.83,9.98,36.2177,32.0470004085
2009-02,60.18186,15794996200000.0,76.9,20.8,10.09,39.30151,35.779100038
2009-03,60.97025,15816914690000.0,76.7,14.8,10.58,44.73466,34.6000910668182
2009-04,61.39094,15797461370000.0,76.9,12.83,10.12,52.8758,33.4977273077273
2009-05,61.74087,15957104700000.0,77.1,11.2,10.13,60.92371,31.925713857142895
2009-06,62.11131,16129217020000.0,77.6,12.2,9.7,63.15374,31.081222620909095
2009-07,62.50261,16454838810000.0,78.6,10.4,10.04,57.46053,31.5109564743478
2009-08,62.50261,16822623870000.0,78.2,9.29,10.11,64.50743,31.6637143638095
2009-09,62.48386,17071352029999.998,78.9,10.91,10.23,69.28215,30.7390908322727
2009-10,62.48386,17218974119999.998,79.5,9.54,9.59,77.1757,29.437863350454496
2009-11,62.66506999999999,17612318950000.0,81.0,8.14,9.07,77.38647,28.9464759833333
2009-12,62.92199,18004126610000.0,81.2,8.66,8.85,79.73583,30.056000087826096
2010-01,63.95391,18304698910000.0,82.6,7.17,8.46,84.03973,29.8943810238095
2010-02,64.50391,18701499300000.0,82.6,7.31,8.25,80.32362,30.138800145
2010-03,64.91029,18989057860000.0,83.5,6.3,7.89,83.74999,29.5626087191304
2010-04,65.09853000000001,19269777270000.0,82.6,5.3,7.55,87.79622,29.1996818022727
2010-05,65.42403,19794371740000.0,82.8,4.7,7.71,78.755,30.5237619314286
2010-06,65.67918,20166748730000.0,82.8,4.6,7.63,80.00479,31.264363895909096
2010-07,65.91563000000001,20466430150000.0,83.0,4.2,7.62,80.05823,30.603000034545495
2010-08,66.27816,20912776550000.0,83.3,4.2,7.65,82.08163,30.3800910613636
2010-09,66.83489,21200590560000.0,84.0,4.3,7.71,84.50699,30.781272975
2010-10,67.16906999999999,21619744190000.0,85.7,4.49,7.67,88.6589,30.312095187619
2010-11,67.71314,22090170950000.0,86.1,4.64,7.83,92.20818,31.0173182063636
2010-12,68.44444,22508503380000.0,86.1,4.69,8.01,98.83591,30.7969564343478
2011-01,70.06657,22783558490000.0,87.3,4.633,8.0,102.5502,30.1320478357143
2011-02,70.61309,22954272510000.0,87.0,4.599,8.0,102.4125,29.2393501295
2011-03,71.0509,23346648820000.0,86.7,4.54,8.05,104.7209,28.4070868282609
2011-04,71.35641,23548968530000.0,87.7,4.78,7.95,106.6487,28.0406666714286
2011-05,71.69892,23789709980000.0,87.7,4.374,8.02,97.50419,27.9319089540909
2011-06,71.86383000000001,24066737370000.0,88.2,4.857,8.14,98.20538,27.963681827727296
2011-07,71.85664,24384254710000.0,88.5,5.84,8.04,101.6798,27.917904627142896
2011-08,71.68419,24742925480000.0,88.0,5.056,8.19,89.90156,28.830347807391295
2011-09,71.65552,25190028590000.0,88.1,5.813,8.0,87.25237,30.7484090981818
2011-10,71.99947,26050400930000.0,88.8,6.932,7.97,83.60809,31.2273332514286
2011-11,72.30185999999999,26927735350000.0,89.1,7.05,8.14,87.06594,30.8282272163636
2011-12,72.61999,26669298250000.0,89.7,7.42,8.23,83.8058,31.5644091686364
2012-01,72.98309,27238591340000.0,90.1,7.569,8.35,87.56882,31.316318165909095
2012-02,73.25313,27422789070000.0,90.8,7.25,8.06,92.717,29.7532858166667
2012-03,73.67799000000002,27607241990000.0,90.1,6.932,8.09,93.43718,29.3462728154545
2012-04,73.90639,28034556290000.0,90.2,7.3,8.18,88.54193,29.47152383
2012-05,74.29071,28360118020000.0,90.8,7.166,8.13,79.85398,30.943695648695705
2012-06,74.95189999999998,28834650860000.0,90.9,7.4,8.26,79.8718,32.8032375504762
2012-07,75.8738,29180704740000.0,91.3,6.895,8.09,83.79156,32.4677726577273
2012-08,75.94968,29303160100000.0,92.1,7.16,8.17,85.58341,31.9387824852174
2012-09,76.3674,29532170150000.0,91.5,7.166,8.25,87.6941,31.3649000175
2012-10,76.71869000000001,29863462150000.0,90.7,7.509,8.21,86.60402,31.1268696986957
2012-11,76.97954,30341501700000.0,91.2,7.631,7.96,83.40385,31.3540455218182
2012-12,77.39522999999998,30275233840000.0,91.6,7.507,8.1,86.76433,30.6924284066667
2013-01,78.14596,30805686620000.0,89.6,7.3,6.94,90.15923,30.2021303604348
2013-02,78.58357999999998,31078058900000.0,90.2,7.546,6.99,89.91521,30.214199924
2013-03,78.85075999999998,31743918110000.0,93.4,7.8,7.13,87.10037,30.8307142714286
2013-04,79.25289999999998,32540643110000.0,92.4,7.3,7.05,82.16416,31.335909235909096
2013-05,79.77597,33077308720000.0,94.2,7.328,6.99,83.12362,31.3422379257143
2013-06,80.11103,33299699510000.0,92.7,7.7,7.35,78.12743,32.346949958
2013-07,80.76793999999998,34188002970000.0,91.8,7.7,7.51,82.04839,32.771904156087
2013-08,80.88101,34622091930000.004,91.3,7.7,7.56,82.15051,33.0227272718182
2013-09,81.05087,34954159340000.0,92.7,7.7,7.5,85.99724,32.5677145095238
2013-10,81.51286,35023643990000.0,92.3,7.186,7.53,89.37434,32.0668699843478
2013-11,81.96931999999998,35211865310000.0,95.4,7.2,7.65,88.83167,32.7487142652381
2013-12,82.38736999999999,35515370700000.0,96.0,7.413,7.77,87.67451,32.8576803661905
2014-01,82.87345,35790976210000.0,90.3,7.235,7.91,87.92625,33.8287861563636
2014-02,83.45357,36517018240000.0,92.9,7.386,7.8,87.61098,35.329945374
2014-03,84.30478999999998,37253809900000.0,92.2,8.9,8.17,78.22362,36.117709567619
2014-04,85.06354,37002745360000.0,94.5,8.46,8.18,79.46094,35.6696236019048
2014-05,85.82911,37439562380000.0,94.0,9.24,8.14,82.52455,34.8429090322727
2014-06,86.36125,37410668380000.0,95.1,8.68,8.12,88.26229,34.3710516061905
2014-07,86.78441999999998,37269155920000.0,94.5,8.73,8.22,86.02455,34.7404247786957
2014-08,86.99271,37631536170000.0,94.7,8.73,8.57,83.37001,36.1753803428571
2014-09,87.55816,38042991690000.0,96.0,9.0,8.73,85.60004,38.038296092727286
2014-10,88.27613000000001,38668131600000.0,97.1,9.23,8.88,82.83507,40.9704183495652
2014-11,89.40607,39632967510000.0,97.7,10.77,8.63,89.90215,46.2536914825
2014-12,91.7485,40453730540000.0,100.1,16.87,10.22,87.08731,56.7915692526087
2015-01,95.28082,41212153830000.0,101.2,21.91,10.37,92.73896,64.2132769490909
2015-02,97.39606,44457675790000.0,100.1,17.48,10.51,104.2222,64.3804540635
2015-03,98.57455,43397666030000.0,99.6,15.81,10.7,98.55032,60.206349285454486
2015-04,99.02799,43216216730000.0,99.5,15.25,10.0,99.59587,52.9500846863636
2015-05,99.37459,42902867990000.0,100.1,13.48,9.61,99.54006,50.61920057
2015-06,99.5634,42961912290000.0,99.8,13.46,9.13,97.98748,54.666296525
2015-07,100.3599,43835667890000.0,100.1,13.35,9.19,96.65457,57.503116441304314
2015-08,100.7112,44680657920000.0,100.9,13.89,12.16,100.2098,65.6723358504762
2015-09,101.2852,46886674760000.0,99.8,12.52,12.64,100.2466,66.70846419
2015-10,102.0347,47498041050000.0,100.4,13.84,12.27,101.0256,63.1213420518182
2015-11,102.8,47632780720000.0,100.0,13.29,12.24,105.6625,65.0424047195238
2015-12,103.5916,47887048120000.0,99.2,12.8,11.82,103.5661,70.0666616678261
2016-01,104.586,49490360580000.0,100.5,12.68,11.56,101.3913,76.99238186857137
2016-02,105.2449,50090060390000.0,99.8,12.75,11.25,105.3111,77.2205033080952
2016-03,105.729,50560258080000.0,100.7,12.34,10.65,111.3314,70.0811767595652
2016-04,106.1943,50126834340000.0,100.3,12.15,10.61,113.6541,66.55068461238089
2016-05,106.6297,49866859710000.0,100.4,12.67,10.49,113.3388,65.9204576672727
2016-06,107.0135,50457616010000.0,100.7,11.72,10.3,112.6429,65.04349309772729
2016-07,107.5914,50063412770000.0,102.0,10.79,10.13,114.0976,64.411788032381
2016-08,107.6022,50429521780000.0,101.7,11.46,10.12,116.6049,64.9065999565217
2016-09,107.7851,50208570070000.0,102.2,10.7,10.01,119.0676,64.4137524695455
2016-10,108.2486,50150044340000.0,104.1,11.09,10.08,117.4004,62.6149074004762
2016-11,108.7248,50170503050000.0,104.7,10.43,10.11,120.7591,64.5281841968182
2016-12,109.1597,50248523990000.0,103.9,10.45,9.95,130.3513,61.9129784318182
2017-01,109.8365,49220660410000.0,105.6,10.32,9.62,131.144,59.854942667727286
2017-02,110.0782,50559504970000.0,104.4,10.82,9.77,127.6279,58.423310662
2017-03,110.2213,50544555090000.0,104.2,10.58,9.56,120.2592,57.8890767295652
2017-04,110.585,50762987720000.0,105.6,10.51,9.33,117.5964,56.5181287755
2017-05,110.9942,50961828360000.0,106.6,8.17,9.09,117.4729,57.0548880204348
2017-06,111.6712,51483940840000.0,106.8,8.75,8.99,110.7205,58.0276706
2017-07,111.7494,52217916310000.0,106.7,8.72,8.84,114.8308,59.7433961904762
2017-08,111.146,52227050030000.0,106.8,8.79,8.74,116.6434,59.4389439130435
2017-09,110.9792,52154519450000.0,107.0,8.67,8.65,121.5339,57.6502076190476
2017-10,111.2012,52393396640000.0,105.7,8.28,8.59,123.4618,57.72794772727271
2017-11,111.4458,52826141950000.0,105.5,8.32,8.48,126.8311,58.9890036363636
2017-12,111.9139,53036083220000.0,104.7,7.52,8.25,125.7618,58.5879123809524
2018-01,112.2608,53063463700000.0,108.2,7.2,7.98,133.5022,56.684023913043504
2018-02,112.4966,53583649100000.0,107.3,7.07,7.85,135.1872,56.8402515
2018-03,112.8228,53449858810000.0,107.9,7.07,7.79,135.8148,57.2082672727273
2018-04,113.2516,54756149090000.0,108.5,7.22,7.81,132.592,60.9767014285714
2018-05,113.6819,56183058220000.0,110.6,6.99,7.67,137.2925,62.4116582608696
2018-06,114.239,56685868620000.0,110.2,7.18,7.62,134.5923,62.818160952380886
2018-07,114.5474,57323432630000.0,109.9,7.1,,137.2106,62.7771645454545
2018-08,114.5589,57231023210000.0,109.6,7.6,,136.3123,66.4235965217391
2018-09,114.7422,58288796570000.0,110.1,8.2,,141.4112,67.6493115
2018-10,115.1438,58116222930000.0,110.3,8.1,,141.7277,65.8451313043478
2018-11,115.7195,58572855310000.0,110.2,8.26,,141.2028,66.5086636363636
2018-12,116.6915,58966641510000.0,111.2,8.72,,140.8371,67.5214895238095
2019-01,117.8701,59830209110000.0,111.2,8.73,,145.1813,66.8087282608696
2019-02,118.3887,59199426490000.0,110.9,8.49,,148.334,65.850691
2019-03,118.7676,59751426490000.0,111.2,8.39,,147.5081,65.20910904761911
2019-04,119.112,60021504850000.0,113.3,8.38,,151.8875,64.5948281818182
2019-05,119.517,60249692560000.0,112.9,8.32,,153.6502,64.9253595652174
2019-06,119.5648,61003355550000.0,114.7,7.99,,163.1949,64.0907845
2019-07,119.8039,61162206860000.0,114.1,7.68,,163.8278,63.2376060869565
2019-08,119.5164,61491257800000.0,114.7,7.34,,158.7295,65.849635
2019-09,119.3252,62205357210000.0,114.6,6.96,,165.5959,64.90348
2019-10,119.4803,62437932630000.0,114.9,6.89,,164.6691,64.3235595652174
2019-11,119.8148,63001412130000.0,112.9,6.74,,174.8586,63.8714261904762
2019-12,120.2462,63357524140000.0,112.3,6.35,,177.2572,62.8659190909091
2020-01,120.7271,63029784940000.0,112.8,,,185.472,61.9953569565217
2020-02,121.1255,63312637450000.0,113.9,6.07,,182.0147,64.1705975
2020-03,121.7917,64598141370000.0,113.0,6.72,,146.899,74.6088436363636
2020-04,122.8026,67910940550000.0,108.4,,,153.7048,74.992
2020-05,123.1342,67757596730000.01,105.5,,,159.1226,72.7969085714286
2020-06,123.4051,67944957070000.01,106.4,4.46,,164.2808,69.35782272727272
2020-07,123.837,69170312590000.0,108.2,5.07,,167.424,71.5315565217391
2020-08,123.7875,70589561140000.0,111.0,4.27,,178.6958,73.83893809523809
2020-09,123.7008,71241796000000.0,110.0,4.23,,173.5696,76.11185454545449
2020-10,124.2327,73006085190000.0,109.9,4.64,,166.873,77.61401409090912
2020-11,125.1148,73542332290000.0,111.7,4.79,,178.3895,76.85813809523809
2020-12,126.1532,73283087740000.0,115.3,4.63,,192.07,74.0155539130435
2021-01,126.9984,73613949260000.0,111.5,4.66,,202.1491,74.3496519047619
2021-02,127.989,74179191330000.0,112.6,4.67,,202.326,74.3715715
2021-03,128.8338,74195458160000.0,113.9,4.84,,206.6602,74.5401956521739
2021-04,129.581,74656186400000.0,115.9,5.59,,210.9932,76.073105
2021-05,130.5399,75734706200000.0,116.8,5.59,,217.3929,73.9221476190476
2021-06,131.4406,76519239750000.0,116.4,5.99,,226.8492,72.5533672727273
2021-07,131.8481,76813214800000.0,116.5,6.85,,225.9087,73.9884681818182
2021-08,132.0722,77052501780000.0,115.8,6.95,,229.5637,73.6332454545455
2021-09,132.8647,77860098020000.0,117.9,7.64,,239.1843,72.90077045454551
2021-10,134.3395,78886744720000.0,119.2,7.55,,250.6575,71.3286671428571
2021-11,135.6291,79413086690000.0,119.9,7.91,,242.0491,72.9168763636364
2021-12,136.7413,81208370220000.0,121.7,8.68,,223.3777,73.8896504347826
2022-01,138.095,81902270370000.0,,8.96,,212.8919,76.6311776190476
2022-02,139.7107,83039235680000.0,,9.7,,195.1443,78.98291
2022-03,150.347,84055494440000.0,,,,147.4411,110.172826521739
2022-04,,84411685520000.0,,,,146.3326,79.81047523809518
2022-05,,83099454100000.0,,,,141.4041,64.8661368181818
2022-06,,83195455220000.0,,,,138.8635,57.757955
2022-07,,81802982300000.0,,,,127.6944,59.9388695238095
2022-08,,84988310070000.0,,,,130.2979,60.848965217391296
2022-09,,86341086260000.0,,,,135.1504,60.1009086363636
2022-10,,86832192290000.0,,,,120.7657,62.0916057142857
2022-11,,88364448850000.0,,,,130.3549,61.090907272727286
2022-12,,88797858530000.0,,,,128.0222,66.7099440909091
2023-01,,92576625820000.0,,,,129.4453,70.0384681818182
2023-02,,93333714220000.0,,,,132.2429,73.58674949999998
2023-03,,95080303310000.0,,,,139.1123,76.37586956521741
2023-04,,,,,,152.705,81.3110005
2023-05,,,,,,155.2028,79.3226082608696
2023-06,,,,,,163.8616,83.9455136363636
2023-07,,,,,,172.6642,90.6845823809524
2023-08,,,,,,186.0556,95.8024482608696
2023-09,,,,,,186.0687,96.6695242857143
2023-10,,,,,,190.3286,97.1077277272727
2023-11,,,,,,190.8398,90.38517181818179
2023-12,,,,,,182.8192,91.1979157142857
2024-01,,,,,,187.8208,89.45320608695651
2024-02,,,,,,191.4437,91.8064271428571
2024-03,,,,,,195.8776,91.8845247619048
2024-04,,,,,,204.0264,93.07619409090908
2024-05,,,,,,202.6733,90.92065391304352
2024-06,,,,,,190.0983,88.1094355
2024-07,,,,,,190.936,87.4836982608696
2024-08,,,,,,190.936,89.3753972727273
2024-09,,,,,,190.936,91.3675619047619
2024-10,,,,,,190.936,96.50326043478259
2024-11,,,,,,190.936,101.095238571429
2024-12,,,,,,190.936,103.529545454545
2025-01,,,,,,190.936,102.697826086957
2025-02,,,,,,190.936,92.315
2025-03,,,,,,190.936,85.87267952380952
2025-04,,,,,,190.936,83.42391818181822
2025-05,,,,,,190.936,80.6374995454545
2025-06,,,,,,190.936,78.8535719047619
2025-07,,,,,,190.936,78.9260891304348
2025-08,,,,,,190.936,80.1273804761905
2025-09,,,,,,190.936,82.93409136363638
2025-10,,,,,,190.936,80.8271752173913
2025-11,,,,,,190.936,80.20749999999998
2025-12,,,,,,190.936,78.5695656521739
2026-01,,,,,,190.936,77.9977290909091
2026-02,,,,,,190.936,76.870001
2026-03,,,,,,190.936,80.60795454545449
2026-04,,,,,,190.936,76.6818186363636
2026-05,,,,,,190.936,72.8702395238095
2026-06,,,,,,190.936,73.8715922727273
2026-07,,,,,,190.936,77.9293460869565
2026-08,,,,,,190.936,83.476189047619
