fecha,ipc,dinero,produccion,tasa_corta,acciones,tipo_cambio,expectativa_encuesta,dinero_m2,tasa_interbancaria
1955-01,1.82661999999e-05,,,,,,,,
1955-02,1.82661999999e-05,,,,,,,,
1955-03,1.810456e-05,,,,,,,,
1955-04,1.810456e-05,,,,,,,,
1955-05,1.82661999999e-05,,,,,,,,
1955-06,1.89128e-05,,,,,,,,
1955-07,1.93977399999e-05,,,,,,,,
1955-08,1.97210399999e-05,,,,,,,,
1955-09,1.97210399999e-05,,,,,,,,
1955-10,2.00443299999e-05,,,,,,,,
1955-11,2.069092e-05,,,,,,,,
1955-12,2.101422e-05,,,,,,,,
1956-01,2.149916e-05,,,,,,,,
1956-02,2.23073999999e-05,,,,,,,,
1956-03,2.21457499999e-05,,,,,,,,
1956-04,2.23073999999e-05,,,,,,,,
1956-05,2.23073999999e-05,,,,,,,,
1956-06,2.23073999999e-05,,,,,,,,
1956-07,2.23073999999e-05,,,,,,,,
1956-08,2.133751e-05,,,,,,,,
1956-09,2.133751e-05,,,,,,,,
1956-10,2.149916e-05,,,,,,,,
1956-11,2.21457499999e-05,,,,,,,,
1956-12,2.246905e-05,,,,,,,,
1957-01,2.26307e-05,,,,,3.38e-06,,,
1957-02,2.31156399999e-05,,,,,3.38e-06,,,
1957-03,2.32772899999e-05,,,,,3.38e-06,,,
1957-04,2.376223e-05,,,,,3.38e-06,,,
1957-05,2.408553e-05,,,,,3.38e-06,,,
1957-06,2.45704699999e-05,,,,,3.38e-06,,,
1957-07,2.505541e-05,,,,,3.38e-06,,,
1957-08,2.53787099999e-05,,,,,3.38e-06,,,
1957-09,2.570201e-05,,,,,3.38e-06,,,
1957-10,2.58636499999e-05,,,,,3.38e-06,,,
1957-11,2.570201e-05,,,,,3.38e-06,,,
1957-12,2.554036e-05,,,,,3.38e-06,,,
1958-01,2.53787099999e-05,,,,,3.38e-06,,,
1958-02,2.58636499999e-05,,,,,3.38e-06,,,
1958-03,2.58636499999e-05,,,,,3.38e-06,,,
1958-04,2.58636499999e-05,,,,,3.38e-06,,,
1958-05,2.60253e-05,,,,,3.38e-06,,,
1958-06,2.667189e-05,,,,,3.38e-06,,,
1958-07,2.715684e-05,,,,,3.38e-06,,,
1958-08,2.796508e-05,,,,,9.015e-06,,,
1958-09,2.89349599999e-05,,,,,9.015e-06,,,
1958-10,2.90966099998e-05,,,,,9.015e-06,,,
1958-11,3.038979e-05,,,,,9.015e-06,,,
1958-12,3.20062699999e-05,,,,,9.015e-06,,,
1959-01,3.216792e-05,,,,,9.015e-06,,,
1959-02,3.313781e-05,,,,,9.015e-06,,,
1959-03,3.34610999999e-05,,,,,9.015e-06,,,
1959-04,3.34610999999e-05,,,,,9.015e-06,,,
1959-05,3.34610999999e-05,,,,,9.015e-06,,,
1959-06,3.47542799999e-05,,,,,9.015e-06,,,
1959-07,3.588582e-05,,,,,9.015e-06,,,
1959-08,3.588582e-05,,,,,9.015e-06,,,
1959-09,3.57241699999e-05,,,,,9.015e-06,,,
1959-10,3.669406e-05,,,,,9.015e-06,,,
1959-11,3.734065e-05,,,,,9.015e-06,,,
1959-12,3.75023e-05,,,,,9.015e-06,,,
1960-01,3.75023e-05,,,,,9.015e-06,,,
1960-02,3.766394e-05,,,,,9.015e-06,,,
1960-03,3.75023e-05,,,,,9.015e-06,,,
1960-04,3.75023e-05,,,,,9.015e-06,,,
1960-05,3.734065e-05,,,,,9.015e-06,,,
1960-06,3.70173499999e-05,,,,,9.015e-06,,,
1960-07,3.669406e-05,,,,,9.015e-06,,,
1960-08,3.65324099999e-05,,,,,9.02e-06,,,
1960-09,3.63707599999e-05,,,,,9.02e-06,,,
1960-10,3.63707599999e-05,,,,,9.02e-06,,,
1960-11,3.620912e-05,,,,,9.02e-06,,,
1960-12,3.65324099999e-05,,,,,9.02e-06,,,
1961-01,3.68557e-05,,,,,9.02e-06,,,
1961-02,3.734065e-05,,,,,9.02e-06,,,
1961-03,3.831054e-05,,,,,9.02e-06,,,
1961-04,3.766394e-05,,,,,9.02e-06,,,
1961-05,3.831054e-05,,,,,9.02e-06,,,
1961-06,3.814889e-05,,,,,9.02e-06,,,
1961-07,3.84721799999e-05,,,,,9.02e-06,,,
1961-08,3.79872399999e-05,,,,,9.02e-06,,,
1961-09,3.79872399999e-05,,,,,9.02e-06,,,
1961-10,3.89571299998e-05,,,,,9.02e-06,,,
1961-11,3.84721799999e-05,,,,,9.02e-06,,,
1961-12,3.87954799999e-05,,,,,9.02e-06,,,
1962-01,3.87954799999e-05,,,,,9.02e-06,,,
1962-02,3.976537e-05,,,,,9.02e-06,,,
1962-03,3.99270099999e-05,,,,,9.02e-06,,,
1962-04,3.92804199999e-05,,,,,9.02e-06,,,
1962-05,3.92804199999e-05,,,,,9.02e-06,,,
1962-06,3.94420699999e-05,,,,,9.02e-06,,,
1962-07,3.92804199999e-05,,,,,9.02e-06,,,
1962-08,3.92804199999e-05,,,,,9.02e-06,,,
1962-09,3.92804199999e-05,,,,,9.02e-06,,,
1962-10,3.976537e-05,,,,,9.02e-06,,,
1962-11,4.02503099999e-05,,,,,9.02e-06,,,
1962-12,4.07352499999e-05,,,,,9.02e-06,,,
1963-01,4.12202e-05,,,,,9.02e-06,,,
1963-02,4.202844e-05,,,,,9.02e-06,,,
1963-03,4.23517299999e-05,,,,,9.02e-06,,,
1963-04,4.202844e-05,,,,,9.02e-06,,,
1963-05,4.219008e-05,,,,,9.02e-06,,,
1963-06,4.23517299999e-05,,,,,9.02e-06,,,
1963-07,4.202844e-05,,,,,9.02e-06,,,
1963-08,4.17051399999e-05,,,,,9.02e-06,,,
1963-09,4.186679e-05,,,,,9.02e-06,,,
1963-10,4.25133799999e-05,,,,,9.02e-06,,,
1963-11,4.25133799999e-05,,,,,9.02e-06,,,
1963-12,4.25133799999e-05,,,,,9.02e-06,,,
1964-01,4.29983199999e-05,,,,,9.04e-06,,,
1964-02,4.28366799998e-05,,,,,9.04e-06,,,
1964-03,4.23517299999e-05,,,,,9.04e-06,,,
1964-04,4.202844e-05,,,,,9.04e-06,,,
1964-05,4.26750299998e-05,,,,,9.04e-06,,,
1964-06,4.26750299998e-05,,,,,9.04e-06,,,
1964-07,4.202844e-05,,,,,9.04e-06,,,
1964-08,4.219008e-05,,,,,9.04e-06,,,
1964-09,4.23517299999e-05,,,,,9.04e-06,,,
1964-10,4.26750299998e-05,,,,,9.04e-06,,,
1964-11,4.29983199999e-05,,,,,9.04e-06,,,
1964-12,4.31599699999e-05,,,,,9.04e-06,,,
1965-01,4.348327e-05,,,,,9.04e-06,,,
1965-02,4.41298599998e-05,,,,,9.04e-06,,,
1965-03,4.364492e-05,,,,,9.04e-06,,,
1965-04,4.38065599999e-05,,,,,9.04e-06,,,
1965-05,4.41298599998e-05,,,,,9.04e-06,,,
1965-06,4.44531499999e-05,,,,,9.04e-06,,,
1965-07,4.44531499999e-05,,,,,9.04e-06,,,
1965-08,4.52613899999e-05,,,,,9.04e-06,,,
1965-09,4.509975e-05,,,,,9.04e-06,,,
1965-10,4.509975e-05,,,,,9.04e-06,,,
1965-11,4.509975e-05,,,,,9.04e-06,,,
1965-12,4.55846899999e-05,,,,,9.04e-06,,,
1966-01,4.70395199999e-05,,,,,9.04e-06,,,
1966-02,4.78477599999e-05,,,,,9.04e-06,,,
1966-03,4.91409399999e-05,,,,,9.04e-06,,,
1966-04,4.946424e-05,,,,,9.04e-06,,,
1966-05,4.881764e-05,,,,,9.04e-06,,,
1966-06,4.70395199999e-05,,,,,9.04e-06,,,
1966-07,4.720117e-05,,,,,9.04e-06,,,
1966-08,4.75244599999e-05,,,,,9.04e-06,,,
1966-09,4.78477599999e-05,,,,,9.04e-06,,,
1966-10,4.80094099998e-05,,,,,9.04e-06,,,
1966-11,4.897929e-05,,,,,9.04e-06,,,
1966-12,5.05957699999e-05,,,,,9.04e-06,,,
1967-01,5.269719e-05,,,,,9.04e-06,,,
1967-02,5.36670799999e-05,,,,,9.04e-06,,,
1967-03,5.41520199999e-05,,,,,9.04e-06,,,
1967-04,5.43136699999e-05,,,,,9.04e-06,,,
1967-05,5.52835599999e-05,,,,,9.04e-06,,,
1967-06,5.54452099998e-05,,,,,9.04e-06,,,
1967-07,5.54452099998e-05,,,,,9.04e-06,,,
1967-08,5.496026e-05,,,,,9.04e-06,,,
1967-09,5.51219099999e-05,,,,,9.04e-06,,,
1967-10,5.57685e-05,,,,,9.04e-06,,,
1967-11,5.67383899999e-05,,,,,9.04e-06,,,
1967-12,5.69000399999e-05,,,,,9.04e-06,,,
1968-01,5.73849799999e-05,,,,,9.04e-06,,,
1968-02,5.751241e-05,,,,,9.04e-06,,,
1968-03,5.71726e-05,,,,,9.04e-06,,,
1968-04,5.73849799999e-05,,,,,9.04e-06,,,
1968-05,5.75548799999e-05,,,,,9.04e-06,,,
1968-06,5.79796399999e-05,,,,,9.04e-06,,,
1968-07,5.844688e-05,,,,,9.04e-06,,,
1968-08,5.87866899999e-05,,,,,9.04e-06,,,
1968-09,5.87866899999e-05,,,,,9.04e-06,,,
1968-10,5.959373e-05,,,,,9.04e-06,,,
1968-11,5.976363e-05,,,,,9.04e-06,,,
1968-12,6.00609599999e-05,,,,,9.04e-06,,,
1969-01,6.02308699999e-05,,,,,9.04e-06,,,
1969-02,6.04007699999e-05,,,,,9.04e-06,,,
1969-03,6.04007699999e-05,,,,,9.04e-06,,,
1969-04,6.05706699999e-05,,,,,9.04e-06,,,
1969-05,6.103791e-05,,,,,9.04e-06,,,
1969-06,6.103791e-05,,,,,9.04e-06,,,
1969-07,6.08680099998e-05,,,,,9.04e-06,,,
1969-08,6.120781e-05,,,,,9.04e-06,,,
1969-09,6.103791e-05,,,,,9.04e-06,,,
1969-10,6.20148599999e-05,,,,,9.04e-06,,,
1969-11,6.24820899999e-05,,,,,9.04e-06,,,
1969-12,6.362894e-05,,,,,9.04e-06,,,
1970-01,6.41386499999e-05,,,,,9.04e-06,,,
1970-02,6.44784599999e-05,,,,,9.04e-06,,,
1970-03,6.456341e-05,,,,,9.04e-06,,,
1970-04,6.46908399999e-05,,,,,9.04e-06,,,
1970-05,6.507312e-05,,,,,9.04e-06,,,
1970-06,6.575274e-05,,,,,9.04e-06,,,
1970-07,6.54978899999e-05,,,,,9.04e-06,,,
1970-08,6.60075999999e-05,,,,,1.49e-05,,,
1970-09,6.664473e-05,,,,,1.49e-05,,,
1970-10,6.79190099999e-05,,,,,1.49e-05,,,
1970-11,6.885348e-05,,,,,1.49e-05,,,
1970-12,6.95330999999e-05,,,,,1.49e-05,,,
1971-01,7.029766e-05,,,,,1.49e-05,,,
1971-02,7.19967e-05,,,,,1.49e-05,,,
1971-03,7.267632e-05,,,,,1.49e-05,,,
1971-04,7.42903999999e-05,,,,,1.49e-05,,,
1971-05,7.49700099999e-05,,,,,1.49e-05,,,
1971-06,7.62867699999e-05,,,,,1.49e-05,,,
1971-07,8.04918899999e-05,,,,,1.49e-05,,,
1971-08,8.25732099999e-05,,,,,1.49e-05,,,
1971-09,8.35501599999e-05,,,,,1.49e-05,,,
1971-10,8.50792899999e-05,,,,,1.49e-05,,,
1971-11,8.59287999999e-05,,,,,1.49e-05,,,
1971-12,8.580138e-05,,,,,1.42e-05,,,
1972-01,8.57164299999e-05,,,,,1.42e-05,,,
1972-02,8.686328e-05,,,,,1.42e-05,,,
1972-03,8.69482199999e-05,,,,,1.42e-05,,,
1972-04,8.720308e-05,,,,,1.42e-05,,,
1972-05,8.834993e-05,,,,,1.42e-05,,,
1972-06,9.12383e-05,,,,,1.42e-05,,,
1972-07,9.238515e-05,,,,,1.42e-05,,,
1972-08,9.259753e-05,,,,,1.42e-05,,,
1972-09,9.357448e-05,,,,,1.42e-05,,,
1972-10,9.44239899998e-05,,,,,1.42e-05,,,
1972-11,9.49337e-05,,,,,1.42e-05,,,
1972-12,9.523104e-05,,,,,1.42e-05,,,
1973-01,9.62079799999e-05,,,,,1.4e-05,,,
1973-02,9.667521e-05,,,,,1.4e-05,,,
1973-03,9.68451199999e-05,,,,,1.4e-05,,,
1973-04,9.782206e-05,,,,,1.4e-05,,,
1973-05,9.94786199998e-05,,,,,1.4e-05,,,
1973-06,0.0001022395999999,,,,,1.4e-05,,,
1973-07,0.0001025369,,,,,1.4e-05,,,
1973-08,0.0001036836999999,,,,,1.4e-05,,,
1973-09,0.0001083986,,,,,1.4e-05,,,
1973-10,0.0001110745999998,,,,,1.4e-05,,,
1973-11,0.0001123063999999,,,,,1.4e-05,,,
1973-12,0.0001140478999999,,,,,1.4e-05,,,
1974-01,0.0001151521999999,,,,,1.4e-05,,,
1974-02,0.0001150672999999,,,,,1.4e-05,,,
1974-03,0.0001214811999999,,,,,1.4e-05,,,
1974-04,0.0001233500999999,,,,,1.4e-05,,,
1974-05,0.0001254313999998,,,,,1.4e-05,,,
1974-06,0.0001275127,,,,,1.4e-05,,,
1974-07,0.0001290843999999,,,,,1.4e-05,,,
1974-08,0.0001301461999999,,,,,1.4e-05,,,
1974-09,0.0001334169,,,,,1.4e-05,,,
1974-10,0.0001361353,,,,,1.4e-05,,,
1974-11,0.0001390661999999,,,,,1.4e-05,,,
1974-12,0.0001421244999999,,,,,1.4e-05,,,
1975-01,0.0001433987,,,,,1.4e-05,,,
1975-02,0.0001498125999999,,,,,1.4e-05,,,
1975-03,0.0001529133,,,,,1.4e-05,,,
1975-04,0.0001535079999998,,,,,1.4e-05,,,
1975-05,0.0001546549,,,,,1.4e-05,,,
1975-06,0.0001544,,,,,1.40119047619e-05,,,
1975-07,0.0001545698999999,,,,,1.425e-05,,,
1975-08,0.0001550795999998,,,,,1.4369047619e-05,,,
1975-09,0.0001570759999999,,,,,1.475e-05,,,
1975-10,0.0001608139,,,,,1.475e-05,,,
1975-11,0.0001629800999999,,,,,1.475e-05,,,
1975-12,0.0001652314,,,,,1.475e-05,,,
1976-01,0.0001711355,,,,,1.475e-05,,,
1976-02,0.0001749158999999,,,,,1.475e-05,,,
1976-03,0.0001767848,,,,,1.48478260869e-05,,,
1976-04,0.0001770821999999,,,,,1.59545454545e-05,,,
1976-05,0.0001778466999999,,,,,1.6e-05,,,
1976-06,0.0001801829,,,,,1.6e-05,,,
1976-07,0.0001815846,,,,,1.6e-05,,,
1976-08,0.0001841331999999,,,,,1.6e-05,,,
1976-09,0.0001874462999999,,,,,1.6e-05,,,
1976-10,0.0001902921999999,,,,,1.60714285714e-05,,,
1976-11,0.0001913115999998,,,,,1.65e-05,,,
1976-12,0.0001971732999999,,,,,1.65e-05,,,
1977-01,0.00019849,,,,,1.65e-05,,,
1977-02,0.0002015908,,,,,1.655e-05,,,
1977-03,0.0002066454,,,,,1.75e-05,,,
1977-04,0.0002091515,,,,,1.75e-05,,,
1977-05,0.0002125070999999,,,,,1.75e-05,,,
1977-06,0.0002139087999999,,,,,1.75e-05,,,
1977-07,0.0002216393999998,,,,,1.75e-05,,,
1977-08,0.0002259294999999,,,,,1.75e-05,,,
1977-09,0.0002424525999999,,,,,1.81363636363e-05,,,
1977-10,0.0002599527,,,,,1.925e-05,,,
1977-11,0.0002772828999999,,,,,1.925e-05,,,
1977-12,0.0002893884999999,,,,,1.925e-05,,,
1978-01,0.000300942,,,,,1.925e-05,,,
1978-02,0.0003169553999999,,,,,1.925e-05,,,
1978-03,0.0003228595,,,,,2.5e-05,,,
1978-04,0.0003325016,,,,,2.5e-05,,,
1978-05,0.0003497042999999,,,,,2.5e-05,,,
1978-06,0.0003640612,,,,,2.5e-05,,,
1978-07,0.0003778658999998,,,,,2.5e-05,,,
1978-08,0.0003878476999998,,,,,2.5e-05,,,
1978-09,0.0004052627999999,,,,,2.5e-05,,,
1978-10,0.0004248441999999,,,,,2.5e-05,,,
1978-11,0.0004382241999999,,,,,2.5e-05,,,
1978-12,0.0004455724999999,,,,,2.5e-05,,,
1979-01,0.0004559791,,,,,2.5e-05,,,
1979-02,0.0004661733,,,,,2.5e-05,,,
1979-03,0.0004778116999999,,,,,2.5e-05,,,
1979-04,0.0005021503999999,,,,,2.60714285714e-05,,,
1979-05,0.0005242804,,,,,2.65e-05,,,
1979-06,0.0005810281999999,,,,,4.02333333333e-05,,,
1979-07,0.0006313621999999,,,,,4.71e-05,,,
1979-08,0.0006577397999999,,,,,4.71e-05,,,
1979-09,0.0006882799999999,,,,,4.71e-05,,,
1979-10,0.0007358529999999,,,,,4.71e-05,,,
1979-11,0.0007739964,,,,,4.71e-05,,,
1979-12,0.0008102282999999,682713.0137160991,,,,4.71e-05,,,
1980-01,0.0008945856,737480.546626851,,,,5.23045454545e-05,,,
1980-02,0.0010134759999999,742336.69835668,,,,7e-05,,,
1980-03,0.0010517039999998,757016.14039577,,,,7e-05,,,
1980-04,0.001091886,787597.092796618,,,,7.37e-05,,,
1980-05,0.0011248049999999,807081.151512757,,,,7.37e-05,,,
1980-06,0.0011699139999999,832596.061335486,,,,7.69761904761e-05,,,
1980-07,0.0011948049999999,980550.656249562,,,,7.8e-05,,,
1980-08,0.001237706,1011515.37868184,,,,7.99047619047e-05,,,
1980-09,0.0012849389999999,1079872.6710152898,,,,8e-05,,,
1980-10,0.0013442359999999,1140283.92907598,,,,8.21956521739e-05,,,
1980-11,0.001363987,1170795.60684159,,,,8.7175e-05,,,
1980-12,0.001418484,1200145.97313165,,,,8.85434782608e-05,,,
1981-01,0.00146903,1237851.32587985,,,,8.97318181818e-05,,,
1981-02,0.001490056,1293736.391209,,,,9.5385e-05,,,
1981-03,0.001500122,1328209.72350361,,,,9.6e-05,,,
1981-04,0.0015085329999999,1494535.60901924,,,,9.72e-05,,,
1981-05,0.0015501169999999,1572398.67438675,,,,0.000101919047619,,,
1981-06,0.0016111969999999,1631128.64844885,,,,0.000106884090909,,,
1981-07,0.001633284,1834326.89814378,,,,0.0001129565217391,,,
1981-08,0.001646834,1841958.84127819,,,,0.000120235,,,
1981-09,0.0017253719999999,1890998.6499958497,,,,0.0001203547619047,,,
1981-10,0.0017660639999999,2124574.9040771304,,,,0.0001244868421052,,,
1981-11,0.0018035279999999,2198473.8966455,,,,0.0001272095238095,,,
1981-12,0.0018241289999999,2396425.9374813703,,,,0.000129694047619,,,
1982-01,0.0019120539999999,2437344.16949129,,,,0.0001356275,,,
1982-02,0.001955591,2516430.18809024,,,,0.00014251,,,
1982-03,0.0020001529999998,2537343.90419468,,,,0.0001443673913043,,,
1982-04,0.0020191039999999,2726413.6279077,,,,0.0001472727272727,,,
1982-05,0.002025251,2735923.42246286,,,,0.000148755,,,
1982-06,0.0020595679999999,2825573.60099493,,,,0.000158475,,,
1982-07,0.0020805689999999,2949689.9252358098,,,,0.0001652975,,,
1982-08,0.00210874,3080001.36720532,,,,0.0001705285714285,,,
1982-09,0.0021743019999999,3189134.24332216,,,,0.0001737416666666,,,
1982-10,0.0022332049999999,3276739.19927502,,,,0.00017608,,,
1982-11,0.0022849379999999,3358360.5524671203,,,,0.000181384090909,,,
1982-12,0.0023648419999999,3557519.6130236494,,,,0.000184954347826,,,
1983-01,0.0024642089999999,3503671.00724142,,,,0.0001868428571428,,,
1983-02,0.0025261849999999,3550745.96467931,,,,0.0001917225,,,
1983-03,0.0025774059999999,3668254.0582372304,,,,0.0001977304347826,,,
1983-04,0.002615309,3737864.92113848,,,,0.0002054547619047,,,
1983-05,0.0026327239999999,3835402.3296892,,,,0.0002100386363636,,,
1983-06,0.002667553,3928553.7677696096,,,,0.0002169681818181,,,
1983-07,0.002695212,3989870.0810399,,,,0.0002230647058823,,,
1983-08,0.0027582129999999,3995300.68694582,,,,0.0002339869565217,,,
1983-09,0.002847337,4042737.4834695305,,,,0.000241875,,,
1983-10,0.002998437,4231800.93006916,,,,0.0002458666666666,,,
1983-11,0.0031106089999999,4328886.11283102,,,,0.0002565954545454,,,
1983-12,0.0032412209999999,4466893.51062564,,,,0.000273884090909,,,
1984-01,0.0033528809999999,4506437.21584475,,,,0.0003000031818181,,,
1984-02,0.0034041009999998,4692037.555088432,,,,0.0003097709523809,,,
1984-03,0.0035096149999999,4901691.2392168315,,,,0.0003124522727272,,,
1984-04,0.0037283259999998,5033627.72769008,,,,0.00032763,,,
1984-05,0.0039091339999999,5211398.17402068,,,,0.0003466795652173,,,
1984-06,0.0041626739999999,5525264.583866672,,,,0.0003491342857142,,,
1984-07,0.0042010889999999,5542079.430101112,,,,0.0003739523809523,,,
1984-08,0.004305579,5809924.862909299,,,,0.0003841913636363,,,
1984-09,0.004394702,5974644.9004544495,,,,0.0003994138888888,,,
1984-10,0.0045862659999998,6103534.587739101,,,,0.0004117318181818,,,
1984-11,0.0047629759999998,6481241.89324822,,,,0.000414575,,,
1984-12,0.004851587,6671286.3160001915,,,,0.0004320025,,,
1985-01,0.0051220309999999,6824650.36348374,23.38437,,,0.0004493954545454,,,
1985-02,0.0052910569999999,7243555.1595322015,21.81092,,,0.0004659225,,,
1985-03,0.005544086,7500510.405427039,22.44214,,,0.0004906,,,
1985-04,0.0055901839999999,7854898.564799659,22.64653,,,0.0004982142857142,,,
1985-05,0.0057243809999999,8106818.970209231,24.75777,,,0.0005207934782608,,,
1985-06,0.0056808439999999,8519125.985111741,19.72152,,,0.0005301625,,,
1985-07,0.0057617719999999,8782625.48957107,22.62584,,,0.0005300108695652,,,
1985-08,0.0059108229999999,9334029.15171082,22.82037,,,0.0005322477272727,,,
1985-09,0.0061915099999999,9568497.761592288,23.01468,,,0.0005479452380952,,,
1985-10,0.006579248,9747234.73132047,23.64757,,,0.0005464852173913,,,
1985-11,0.0068845209999998,9945895.193959411,25.24181,,,0.0005549785714285,,,
1985-12,0.006995669,10333185.2757039,24.41293,,,0.00056805,,,
1986-01,0.0072195019999999,10759171.7484247,23.33109,,,0.0005822613636363,,,
1986-02,0.0073449909999998,11215408.8784859,22.25219,,,0.0005861975,,,
1986-03,0.0074407739999999,12083784.8505213,23.33109,,,0.0006271,,,
1986-04,0.007468945,12419633.9698353,23.06136,,,0.000660838095238,,,
1986-05,0.0076108249999999,13082659.431782,22.9265,,,0.000663709090909,,,
1986-06,0.0077926569999999,13594318.5306079,24.54484,,,0.0006758333333333,,,
1986-07,0.0079386349999999,14026716.7213144,24.27512,,,0.0006719630434782,,,
1986-08,0.0080077829999999,14279354.8142299,25.89346,,,0.0006731478947368,,,
1986-09,0.0081921749999999,14627377.9861745,24.14026,,,0.0006855045454545,,,
1986-10,0.0087935019999999,15098549.7207107,25.21915,,,0.000701804347826,,,
1986-11,0.008993773,15604247.3931464,25.35401,,,0.0007454415,,,
1986-12,0.0091412879999999,16080628.9690376,25.21915,,,0.0007545978260869,,,
1987-01,0.009410194,16747027.4338742,25.35401,,,0.000750235,,,
1987-02,0.0096642469999999,17038281.0455066,25.89346,,,0.0007573575,,,
1987-03,0.01002535,17332018.6598832,24.94943,,,0.0007733654545454,,,
1987-04,0.01023535,18069266.332134,25.89346,,,0.0007878261904761,,,
1987-05,0.01074039,18598237.5271434,26.56777,,,0.0008035973684209,,,
1987-06,0.0107291199999999,19292592.3183716,27.24208,,,0.0008329859090909,,,
1987-07,0.0109345099999999,20310411.009191,25.08429,,,0.0008650065217391,,,
1987-08,0.01112198,21092063.6313657,27.78152,,,0.0008849261904761,,,
1987-09,0.0114472299999999,21930919.7933058,26.83749,,,0.0009101386363636,,,
1987-10,0.01199682,22706199.2998708,27.78152,,,0.0009443857142857,,,
1987-11,0.0127461699999999,23402999.0744952,28.86042,,,0.0009543357142857,,,
1987-12,0.0141736799999999,25212541.573902495,28.72556,,,0.000991204347826,,,
1988-01,0.0150218899999999,25830896.3608984,29.265,,0.009916044,0.0010719925,,,
1988-02,0.0155830499999999,26169703.9329121,29.13014,,0.008676538,0.0011501095238095,,,
1988-03,0.01644638,26763393.0941848,27.78152,,0.008676538,0.0011992608695652,,,
1988-04,0.01747158,27397382.4295424,28.32097,,0.006197528,0.0012459875,,,
1988-05,0.01807591,29172303.6431462,27.91639,,0.007437033,0.0012883460526315,,,
1988-06,0.0182377799999999,29548640.6274986,26.70263,,0.006197528,0.0013476113636363,,,
1988-07,0.0185291599999999,31140985.6622978,28.45583,,0.006197528,0.0014083416666666,,,
1988-08,0.0189716099999999,32789923.307593804,27.24208,,0.004958022,0.0014929036363635,,,
1988-09,0.02009394,34690656.479650296,26.29804,,0.006197528,0.0015875840909089,,,
1988-10,0.02121626,36268964.3818976,27.64666,,0.004958022,0.0017488676190475,,,
1988-11,0.0223493799999999,38998405.961608,26.29804,,0.004958022,0.0017214445454545,,,
1988-12,0.0228997499999999,40347400.91566911,27.78152,,0.004958022,0.0017945586363636,,,
1989-01,0.0244105699999999,41496129.63200341,26.70263,,0.004958022,0.0018480795454545,,,
1989-02,0.02557606,44600494.284032,28.32097,,0.004958022,0.00190869,,,
1989-03,0.02635306,46369056.604656495,28.05125,,0.006197528,0.0019778339130434,,,
1989-04,0.02799338,48328091.445715114,26.56777,,0.006197528,0.0020545885,,,
1989-05,0.02884592,49759343.5301305,27.78152,,0.007437033,0.0020689285714284,,,
1989-06,0.02945025,51714138.3812498,28.72556,,0.008676538,0.0021169004545454,,,
1989-07,0.03034595,53752879.954910494,29.39986,,0.009916044,0.0021404678947367,,,
1989-08,0.03141432,55612886.4307636,28.86042,,0.009916044,0.0021828954545453,,,
1989-09,0.0331841299999999,58363674.2855736,29.265,,0.01363456,0.0022398938095238,,,
1989-10,0.03523454,62319749.632741496,28.18611,,0.02107159,0.0022794872727271,,,
1989-11,0.0367669399999999,65398791.21753681,28.86042,,0.01859258,0.0023117304545454,,,
1989-12,0.0376194799999999,66103316.09484352,29.265,,0.0223111,0.0023100385714284,,,
1990-01,0.0390655499999999,72491373.658634,29.66959,,0.03842467,0.0023304227272726,,,
1990-02,0.0407921999999998,72535881.37796478,30.74848,,0.04710121,0.002376285,,,
1990-03,0.0429073499999999,75537632.7111644,31.69251,,0.04338269,0.0024528590909089,,,
1990-04,0.0457563299999999,79637449.7972088,31.96224,,0.04090368,0.0024996619047619,,,
1990-05,0.0471592399999999,81913058.19399859,30.07417,,0.04834072,0.0025471913043477,,,
1990-06,0.04787149,85768296.85878551,31.01821,,0.04710121,0.0026263571428571,,,
1990-07,0.0474290299999999,88956423.86400309,30.3439,,0.05453824,0.0026596045454545,,,
1990-08,0.0486376899999999,91055001.286992,30.07417,,0.06073577,0.0026771217391303,,,
1990-09,0.0528679899999999,92800249.738512,32.77141,,0.06073577,0.0027161099999999,,,
1990-10,0.0564831699999999,95398961.6987382,32.50169,,0.06321478,0.002738709090909,,,
1990-11,0.0593105699999999,99095486.1638896,32.90627,,0.0458617,0.0027812909090908,,,
1990-12,0.06034656,101720699.493817,31.55765,,0.04338269,0.002871635,,,
1991-01,0.06328187,103891507.361686,27.37694,,0.0446222,0.002990009090909,,,
1991-02,0.0667135999999999,108775818.342879,31.82738,,0.06197527,0.003154975,,,
1991-03,0.06962733,112400261.082805,33.31086,,0.05825676,0.0035369476190476,,,
1991-04,0.07419217,119232922.030223,31.96224,,0.05329874,0.0037847318181818,,,
1991-05,0.0766634399999999,124645528.868851,33.44572,,0.0458617,0.0039777652173912,,,
1991-06,0.07892968,131294551.711555,31.15307,,0.0446222,0.0042230949999999,,,
1991-07,0.07996567,136027213.080098,32.0971,67.6,0.04214319,0.0043733304347825,,,
1991-08,0.0831491899999999,144555680.777472,32.36683,66.84,0.04214319,0.0045082909090908,,,
1991-09,0.08821044,154774200.1141,33.17599,66.84,0.03594566,0.0046428428571427,,,
1991-10,0.0940271099999999,164718372.86856,33.17599,72.36,0.03346665,0.0048433434782607,,,
1991-11,0.0989588599999999,172646238.48872098,33.17599,75.04,0.04090368,0.0049422428571427,,,
1991-12,0.1032755,181816369.157577,32.90627,68.44,0.05205923,0.0050488909090909,,,
1992-01,0.1129556,191632523.294334,33.04113,67.72,0.05825676,0.005296368181818,,,
1992-02,0.1186426999999999,201931323.545818,32.63655,67.64,0.05205923,0.00566306,,,
1992-03,0.1244162,215060508.416646,32.90627,67.64,0.04710121,0.0060884772727272,,,
1992-04,0.129089,225273851.33773896,32.77141,68.44,0.04834072,0.0064168090909089,,,
1992-05,0.1302221,239099178.08781296,33.71544,70.12,0.04338269,0.0067058571428571,,,
1992-06,0.1308587999999999,252032710.23428297,32.90627,74.32,0.0446222,0.0068757699999999,,,
1992-07,0.1325854999999999,264128231.37931705,33.44572,76.4,0.05329874,0.0069384130434782,,,
1992-08,0.1376467,278807014.89746803,32.36683,75.4,0.05081972,0.0070884714285714,,,
1992-09,0.1478986999999999,291215863.192853,34.25489,74.4,0.05205923,0.0072630318181817,,,
1992-10,0.1590787999999999,300051331.150967,34.25489,74.4,0.04710121,0.0075362449999999,,,
1992-11,0.1668379999999999,310214570.24380493,34.12003,74.6,0.0446222,0.0081093523809522,,,
1992-12,0.1714027999999999,321482614.957034,33.31086,74.76,0.04834072,0.0083446391304347,,,
1993-01,0.1804677,337639338.246974,34.79433,74.76,0.05081972,0.0086995749999999,,,
1993-02,0.1876441,351241613.5850969,34.9292,69.64,0.0656938,0.0090388099999999,,,
1993-03,0.1965903999999999,367456282.54824704,33.71544,65.32,0.07189132,0.0093669095238095,,,
1993-04,0.2052127999999998,378267652.293366,35.33378,65.92,0.08552588,0.0095288952380952,,,
1993-05,0.2149037,401167764.72809,35.06406,67.12,0.09916044,0.0099542999999999,,,
1993-06,0.2188425999999999,399461910.421888,35.73837,66.84,0.1214715,0.0104743181818181,,,
1993-07,0.2295262999999999,417620112.30811,36.27782,66.84,0.1289086,0.0111717363636364,,,
1993-08,0.2356558999999998,434804404.883636,33.98516,65.76,0.1313876,0.0116293272727272,,,
1993-09,0.2488324,453044695.8773031,36.27782,64.76,0.1710518,0.0118513181818182,,,
1993-10,0.2659803,473551668.57815903,36.54754,63.04,0.1859258,0.0125001619047619,,,
1993-11,0.2829877999999999,500310634.465574,35.19892,,0.1958419,0.013348209090909,,,
1993-12,0.293229,515155907.7465741,38.03102,,0.233027,0.0140097863636364,,,
1994-01,0.3061574,568621457.849552,37.89616,,0.2999603,0.0151638714285713,,,
1994-02,0.3260932,607160516.416363,33.71544,,0.2119554,0.0177044899999999,,,
1994-03,0.3450796999999999,637802891.055805,33.71544,99.0,0.1797283,0.0205872669047619,,,
1994-04,0.4257722999999999,779687409.191131,31.82738,,0.233027,0.0333029844210526,,,
1994-05,0.4608974,841579974.155534,31.55765,160.0,0.1958419,0.0337741363636364,,,
1994-06,0.469916,940523551.445712,29.93931,114.52,0.22559,0.0317266363636364,,,
1994-07,0.4846305,1027479207.81214,31.01821,98.76,0.2640147,0.0310105714285714,,,
1994-08,0.4983956999999999,1067447247.22179,33.04113,88.96,0.3049183,0.0317726086956522,,,
1994-09,0.5292488,1137518697.1807,33.71544,87.37,0.3098764,0.0339710454545454,,,
1994-10,0.5676965,1197579386.35897,34.52461,82.28,0.3210319,0.0348597,,,
1994-11,0.6037708,1250481405.2028,34.38975,94.08,0.3297085,0.0362801499999999,,,
1994-12,0.6460158,1285159125.39837,33.71544,105.92,0.3495406,0.0371843157894736,,,
1995-01,0.6915833999999998,1379592368.0156395,34.25489,108.07,0.3197924,0.0398477619047618,,624872.0,
1995-02,0.7252844,1488246064.58026,33.31086,,0.343343,0.04102515,,716798.0,
1995-03,0.7580360999999999,1590052045.38818,33.17599,,0.4226714,0.0417228260869565,,759544.0,
1995-04,0.8021798000000001,1684319861.43617,36.00809,77.37,0.5887651,0.0422752105263157,,850549.0,
1995-05,0.8287609,1776388995.56785,35.73837,80.94,0.5999207,0.0430505454545455,,893612.0,
1995-06,0.8501207,1862786196.3486104,36.95213,71.93,0.6383454,0.0432074545454545,,972397.0,
1995-07,0.8762271,1973874720.6586497,36.95213,66.98,0.5999207,0.04445865,,1047600.0,
1995-08,0.9142001,2059087389.1327405,37.49157,69.99,0.5800886,0.0466487272727273,,1097032.0,
1995-09,0.9844502,2141897500.1547296,35.73837,,0.5429034,0.047787857142857,,1113786.0,
1995-10,1.046631,2211154495.88076,34.79433,92.24,0.573891,0.049982659090909,,1112633.0,
1995-11,1.095996,2414928165.56363,38.30074,97.99,0.5255504,0.0523441428571429,,1180854.0,
1995-12,1.137292,2596614896.4465895,39.91908,128.99,0.5019997,0.0565102894736842,,1256632.0,
1996-01,1.231749,2808688850.8752894,38.57047,111.99,0.554059,0.0605832045454545,,1284034.0,
1996-02,1.287285,2952185766.3166304,35.87323,,0.669333,0.0640920238095237,,1407026.0,
1996-03,1.359434,3117969543.38412,36.00809,103.62,0.8131156,0.0682763809523808,,1425968.0,
1996-04,1.450569,3372334872.02231,37.62643,,0.8379057,0.0728675952380952,,1634452.0,
1996-05,1.516072,3613417095.20805,37.22185,85.68,0.7982416,0.0766736315789473,,1678741.0,
1996-06,1.55452,3801407929.57028,38.30074,,0.8292292,0.079620725,,1814553.0,
1996-07,1.587746,3994547610.5772095,37.89616,95.58,0.8453428,0.0827098478260869,,1902164.0,
1996-08,1.669863,4367403864.644528,37.7613,,0.7982416,0.0849462681818182,,2093265.0,
1996-09,1.76527,4692152520.61486,37.35671,,0.8279897,0.0888222380952381,,2263220.0,
1996-10,1.879664,5022592788.06057,40.32367,,0.9841674,0.0938100434782608,,2409232.0,
1996-11,1.97697,5400252796.03363,40.59339,,1.049861,0.0984406666666667,,2508533.0,
1996-12,2.044372,5868578221.670859,39.91908,,1.158938,0.1045294249999999,,2924893.0,
1997-01,2.164461,6197826709.048969,38.57047,,1.566735,0.1121268181818179,,2896504.0,
1997-02,2.286924,6549797295.58808,39.37963,,1.958419,0.1189672499999999,,3040907.0,
1997-03,2.410336,6925160589.118409,40.99798,,1.90388,0.124886476190476,,3238717.0,
1997-04,2.569823,7249186937.370479,41.40256,,1.881569,0.131148571428571,,3438592.0,
1997-05,2.690387,7569962913.119632,41.2677,,1.82951,0.13714375,,3549976.0,
1997-06,2.767757,8033879298.028803,41.80715,,2.061298,0.1440792857142859,,3817520.0,
1997-07,2.941009,8622068927.205969,41.67229,,2.408359,0.153179173913043,,4049250.0,
1997-08,3.12328,9273317999.41384,43.0209,,2.464137,0.1632734999999999,,4168155.0,
1997-09,3.351593,9915821746.89637,42.88604,,2.884329,0.1701280952380949,,4566558.0,
1997-10,3.630694,10638738559.0493,42.48146,98.69,3.799084,0.178061391304348,,4874230.0,
1997-11,3.871348,11233043437.7507,41.94201,,3.614398,0.1871181578947369,,4871767.0,
1997-12,4.070231,11701580568.0994,42.61632,102.83,3.789168,0.1990264999999999,,5658800.0,
1998-01,4.364048,12414565267.3561,43.0209,,4.327114,0.211940952380952,,5731198.0,
1998-02,4.556761,12942494260.0978,43.15577,99.33,3.833791,0.22313025,,5658182.0,
1998-03,4.752796,13908953968.493,43.83007,89.14,4.16226,0.2354302272727269,,6108386.0,
1998-04,4.974464,14990374149.2086,43.0209,,4.722516,0.2456880499999999,,6632751.0,
1998-05,5.148665,16006861212.5101,43.96494,,5.068338,0.252153,,7048883.0,
1998-06,5.273976,17119133588.3507,41.94201,,4.930753,0.260668181818182,,7973087.0,
1998-07,5.451025,18186622573.0098,42.3466,,5.417879,0.2682623913043479,,8592014.0,
1998-08,5.6665220000000005,18477289838.51889,42.61632,81.0,4.230433,0.273320476190476,,8603802.0,
1998-09,6.047201,21395043282.458706,43.15577,,2.973574,0.275260454545455,,9157554.0,
1998-10,6.413166,20027889323.7626,41.67229,,2.58189,0.2789184090909089,,9630454.0,
1998-11,6.68847,21019875995.754303,40.99798,,2.9587,0.2942919999999999,,10141629.0,
1998-12,6.908239,21950635085.4004,38.70533,,3.065297,0.306606818181818,,11423198.0,
1999-01,7.240027999999999,22944319779.233906,40.45853,,3.202882,0.3218575499999999,,11719569.0,
1999-02,7.469764999999998,24346073221.809,40.72825,,3.980052,0.3417503499999999,,12174365.0,
1999-03,7.772599999999999,26185619647.1622,41.67229,,5.129074,0.361457956521739,,13102594.0,
1999-04,8.150905999999999,27577531164.6832,40.99798,,5.995488,0.38037175,,13221197.0,
1999-05,8.390611,29839617366.2857,42.48146,,6.772658,0.3951297142857139,,14027803.0,
1999-06,8.663541,30858754273.6249,42.48146,,6.405765,0.412403772727273,,15282614.0,
1999-07,8.994381,32259035270.588497,41.67229,75.06,6.823478,0.4263494999999999,,16438519.0,
1999-08,9.372687,34221061450.333496,39.24477,75.56,6.995769,0.4367408636363639,,17539547.0,
1999-09,9.933739,36045755926.6708,40.45853,,7.417201,0.4549656818181819,,18550082.0,
1999-10,10.56219,38271168026.224304,40.05394,73.08,7.465542,0.469435238095238,,19007244.0,
1999-11,11.005999999999998,41095381179.228485,40.59339,71.66,9.809446,0.4989071428571429,,19632736.0,
1999-12,11.66056,43797158211.128494,40.86311,,15.50002,0.52843880952381,,22401831.0,
2000-01,12.22683,46359484013.22269,41.13284,34.07,21.70126,0.5448024999999999,,22870329.0,
2000-02,12.67966,48166003226.80631,42.61632,36.36,19.23093,0.563039523809524,,22159198.0,
2000-03,13.0499,49563034081.3851,41.80715,,21.43725,0.580068695652174,,22440989.0,
2000-04,13.35321,51178347799.583885,42.88604,33.3,21.31949,0.59540625,,23188237.0,
2000-05,13.6494,53324559692.276886,43.56035,35.02,21.25008,0.617365217391304,,23096794.0,
2000-06,13.74196,54700547815.36871,44.0998,,19.08219,0.615869772727273,,24508902.0,
2000-07,14.05049,57372624614.760605,44.36952,28.72,17.10022,0.6272771428571429,,26642948.0,
2000-08,14.35569,57126169739.1086,45.44841,28.24,16.447,0.6450876086956518,,26014559.0,
2000-09,14.79713,58607213538.944496,43.56035,,14.5518,0.66452025,,26490251.0,
2000-10,15.25566,59397878521.479515,44.23466,35.77,16.05408,0.6767611363636359,,27287078.0,
2000-11,15.821929999999998,61112716839.5399,44.77411,35.2,15.46531,0.684057272727273,,28503813.0,
2000-12,16.2121,61981961800.663,43.0209,,11.47782,0.67764825,,31912095.0,
2001-01,16.61841,63943217005.2768,41.40256,47.99,13.1462,0.670961272727273,,32202029.0,
2001-02,16.91745,72929697851.91,41.80715,57.03,11.51625,0.75282375,,35311355.0,
2001-03,17.94462,82241177384.63281,39.37963,124.99,10.75767,0.9590272727272728,,38487237.0,
2001-04,19.79913,86279210879.4496,39.24477,82.0,11.56335,1.214425,,38941957.0,
2001-05,20.79971,90257688919.924,39.10991,69.48,14.88522,1.1392152173913,,39096847.0,
2001-06,21.45143,94676025473.752,39.37963,63.34,14.0783,1.21883333333333,,40377691.0,
2001-07,21.96501,96763843069.1498,39.91908,70.78,12.21037,1.32375,,38282033.0,
2001-08,22.61055,105359667411.607,40.99798,74.49,12.07278,1.39980434782609,43.5,40805064.0,
2001-09,23.94198,111919760670.278,40.86311,,10.46143,1.473325,46.95,42112694.0,
2001-10,25.39587,114921270850.971,38.57047,62.43,10.78866,1.6065,49.95,42857471.0,
2001-11,26.46908,114281055982.499,39.24477,59.61,13.62341,1.52536363636364,52.25,43879923.0,
2001-12,27.32253,115618242697.713,39.10991,57.42,15.75412,1.45519444444444,49.05,47241075.0,
2002-01,28.77594,109748506004.336,40.45853,58.25,16.62921,1.37477272727273,45.5,45756181.0,62.9225
2002-02,29.28051,117902576683.526,42.88604,55.92,14.4514,1.360225,44.0,48485606.0,62.2
2002-03,29.62891,117308010036.312,43.29063,53.95,14.02872,1.3612380952381,40.0,49514926.0,58.68
2002-04,30.2379,120520222114.124,44.0998,44.49,14.73772,1.32420454545455,35.0,50777834.0,54.995
2002-05,30.41306,126256480394.927,42.75118,46.35,13.87007,1.39789130434783,33.0,51794752.0,50.226
2002-06,30.59058,132048611328.954,43.15577,56.5,11.89553,1.5293,31.5,53112804.0,50.4125
2002-07,31.031540000000003,139728875277.336,43.56035,51.89,11.9699,1.65790217391304,32.0,53982055.0,50.775
2002-08,31.70936,137813352182.36295,43.83007,48.99,12.35415,1.6435,31.5,53777195.0,50.23
2002-09,32.812,139515640571.116,44.90897,49.27,11.4332,1.65434128571429,30.0,56180930.0,50.06
2002-10,33.89043,141183968625.939,43.96494,46.68,11.89058,1.65605582608696,28.9,57924441.0,50.3
2002-11,34.87726,140494090650.705,43.0209,41.2,15.86071,1.60952257142857,26.15,58874391.0,48.192
2002-12,35.45065,145613329952.81403,45.58328,39.28,14.78978,1.57915294736842,25.0,61879759.0,46.8025
2003-01,36.36817,149060139816.895,46.9319,43.0,13.03836,1.66327431818182,24.0,61000599.0,47.488
2003-02,36.92845,151039870087.563,45.58328,40.6,13.91841,1.63141175,24.05,61670537.0,47.9525
2003-03,37.65374,151509829113.62,46.39245,48.7,12.51529,1.6631600952381,24.65,63775968.0,48.4425
2003-04,38.02598,149169163677.849,44.90897,39.96,13.55771,1.62936781818182,25.0,62804208.0,48.0475
2003-05,38.39054,148470101582.972,44.90897,36.62,13.44492,1.49221659090909,23.0,64664714.0,44.478
2003-06,38.42125,149203545207.468,46.79703,34.71,13.5416,1.42671042857143,22.0,67813827.0,41.055
2003-07,38.34833,151804575295.483,47.87593,32.0,13.13504,1.4035157826087,20.0,69912019.0,39.8625
2003-08,38.40973,151075163005.962,49.08968,30.6,14.39562,1.40480461904762,19.65,71376431.0,35.674
2003-09,38.9278,155149728251.752,49.08968,27.73,15.81361,1.37690036363636,17.75,74970925.0,32.5225
2003-10,39.28852,161868775759.55,48.55024,23.8,18.62853,1.43204926086957,16.0,77111813.0,29.132
2003-11,39.7874,166393374038.172,48.41537,23.75,19.11813,1.47251695,14.85,78796201.0,28.2675
2003-12,39.95625,167083481556.22,49.35941,23.5,21.47691,1.43457104761905,14.2,82712966.0,28.315
2004-01,40.22104,172582900879.924,50.03371,25.25,23.18743,1.34825223809524,12.95,90436316.0,26.772
2004-02,40.42827,175202558265.368,50.4383,23.3,22.61478,1.3298716,12.0,89510444.0,23.88
2004-03,40.81586,177626391574.82498,50.70802,22.06,24.46288,1.31987295652174,11.0,92551907.0,22.4
2004-04,41.01925,184054344854.43497,51.65206,21.57,23.87535,1.35984136363636,10.65,95203537.0,21.272
2004-05,41.19577,192425424246.177,53.13554,24.49,21.06911,1.51092338095238,10.8,95633521.0,21.5175
2004-06,41.14204,189444014769.707,52.59609,22.9,21.42981,1.4936255,10.5,97409577.0,21.5575
2004-07,41.33776,190742330685.32697,53.40526,23.04,23.15024,1.45633813636364,10.0,98373716.0,21.688
2004-08,41.652440000000006,195819483449.531,53.00068,22.55,24.00055,1.4798355,9.8,100808321.0,21.11
2004-09,42.0477,198567112313.192,51.92178,19.18,26.52294,1.49765909090909,9.5,102914186.0,20.5675
2004-10,42.99173,200336549529.27292,50.16858,19.59,27.70915,1.48278095238095,9.0,104511632.0,20.214
2004-11,43.55585,205570755668.89905,50.4383,19.58,28.33138,1.44351363636364,9.0,105450430.0,20.5175
2004-12,43.694,205165053862.266,51.38233,19.87,29.53494,1.38943043478261,8.65,108539246.0,20.1
2005-01,43.93576,205040880134.035,59.74376,17.25,32.59032,1.34841904761905,8.0,106096434.0,18.57
2005-02,43.94344,206179417447.76105,57.31625,16.31,34.24382,1.307605,7.8,108470081.0,18.015
2005-03,44.05856,213691625960.55905,56.50708,15.34,32.41679,1.3079,7.2,113719133.0,16.985
2005-04,44.37324,220015562329.992,57.18139,14.87,30.68644,1.35485714285714,7.15,117735754.0,16.146
2005-05,44.78001,224143226830.456,57.72084,,30.67528,1.36401818181818,7.0,120541574.0,16.105
2005-06,44.82607,228554623807.60092,57.58598,14.13,32.55066,1.35371363636364,7.0,126567918.0,15.84
2005-07,44.56895,233771933981.174,58.79973,14.37,35.21311,1.335425,6.9,130646026.0,15.854
2005-08,44.94886,240230955075.243,59.74376,,36.36089,1.3397347826087,6.5,134089319.0,15.7125
2005-09,45.40937,244548677943.224,60.41807,13.5,40.6062,1.33426818181818,6.5,138520405.0,15.92
2005-10,46.22292,246437130436.046,61.49697,13.78,40.25914,1.35117619047619,6.325,144406974.0,15.605
2005-11,46.87146,251822136572.29095,61.63183,,43.34055,1.35311818181818,6.115,146553461.0,15.385
2005-12,47.06718,257414809726.69305,61.09238,14.0,47.70857,1.34533636363636,5.95,238801377.5,15.188
2006-01,47.42023,256795547572.022,61.49697,,53.41277,1.32686363636364,5.45,234781577.5,14.54
2006-02,47.52384,264270503095.81305,62.03641,,56.23141,1.319445,5.435,239340348.1,14.3625
2006-03,47.65432,271948442197.39,63.51989,13.56,54.50354,1.33027826086957,5.465,247906895.6,14.298
2006-04,48.291340000000005,276516279882.58203,62.98045,,54.11805,1.32961,5.42,252556462.6,13.99
2006-05,49.197,302956323187.966,63.65475,,50.71561,1.42769130434783,5.625,274641762.3,13.84
2006-06,49.36201,303813198157.064,63.92448,15.76,43.09513,1.59737272727273,7.04,278518255.4,15.148
2006-07,49.7803,295437787429.5329,63.78962,20.86,43.7533,1.5465619047619,7.885,271258116.3,17.37
2006-08,49.56156,296061809343.289,63.65475,,45.78609,1.46011739130435,8.0,275056947.3,17.535
2006-09,50.19859,302222151708.61395,63.65475,,46.45295,1.47449047619048,7.625,281859755.1,17.512
2006-10,50.83562,303614209740.36005,64.05934,18.38,47.90069,1.46998181818182,7.45,283901921.6,17.6525
2006-11,51.49184,307686272043.54297,63.78962,,48.25271,1.45065,7.125,289899747.4,17.93
2006-12,51.6108,314827723007.914,66.08227,18.78,48.35435,1.42639047619048,7.055,297734742.6,18.014
2007-01,52.12886,320032668281.58704,68.7795,,49.15755,1.41868260869565,6.89,299256415.4,17.905
2007-02,52.35144,324379404689.95905,67.16116,,53.1376,1.39022,6.84,301320358.4,17.9325
2007-03,52.83113,326758911026.207,68.37492,,51.87331,1.40137272727273,6.84,305514500.6,17.808
2007-04,53.46816,332497243576.164,68.64464,17.86,57.11765,1.35342857142857,6.725,310154079.1,17.7675
2007-05,53.73679,339346143556.07404,69.8584,,56.49418,1.33083913043478,6.65,314302110.4,17.78
2007-06,53.60631,345065570338.198,68.37492,,56.6045,1.31460476190476,6.55,320006674.7,17.588
2007-07,53.21488000000001,350938977760.44403,67.97033,16.12,64.01302,1.27460909090909,6.5,324278665.2,17.52
2007-08,53.22639,354356977034.66693,69.04922,,60.31682,1.30600869565217,6.355,329380436.0,17.452
2007-09,53.77516,351181211036.828,69.58867,,63.64365,1.256975,6.35,327465954.2,17.335
2007-10,54.74989,353081029923.088,69.04922,16.14,69.84366,1.1938347826087,6.0,328448264.0,16.905
2007-11,55.81672,356250107877.034,69.31895,,67.29151,1.18474090909091,6.0,332502206.0,16.442
2007-12,55.93952,362970446219.854,71.20702,,68.36989,1.17330952380952,6.05,344376752.0,16.3475
2008-01,56.38851,369669824490.272,70.26298,15.38,60.68743,1.17047391304348,6.0,345039820.0,16.08
2008-02,57.11764,377703180750.358,71.6116,,55.38111,1.18924761904762,6.0,351541277.0,15.744
2008-03,57.6664,396363596543.22894,71.6116,,51.3775,1.23789047619048,6.215,372435011.0,15.775
2008-04,58.63346,400913087301.395,70.66756,16.65,52.36167,1.29549545454545,6.9,374709014.0,15.79
2008-05,59.50842,395955053251.49695,70.39784,,51.53864,1.24273636363636,7.9,370137438.0,16.046
2008-06,59.29351,402356060475.71,70.80243,,47.48669,1.22836666666667,8.49,379097979.0,16.7525
2008-07,59.63505,407017827936.155,69.31895,,45.61256,1.20724782608696,8.625,380641620.0,17.1675
2008-08,59.489230000000006,406063190829.58496,68.37492,,51.0292,1.17353333333333,8.7,381053390.0,16.954
2008-09,59.75785,423933185107.9169,68.24005,,45.92988,1.23231818181818,8.645,399314554.0,17.0775
2008-10,61.31205,440910880978.242,64.73365,,35.53415,1.47882173913043,8.725,414116682.0,17.536
2008-11,61.82244,447204957699.33,62.30614,,31.26653,1.587955,8.985,422482232.0,17.97
2008-12,61.56916,452680590647.79,60.68779,,31.50699,1.54125217391304,8.62,436380325.0,17.63
2009-01,61.74569,461012318167.2,56.50708,,32.29531,1.59463571428571,7.54,435510154.0,14.964
2009-02,61.53462,471499968687.433,57.72084,,30.94178,1.655005,7.0,444276689.0,12.5875
2009-03,62.21386,470991120012.736,57.04653,,29.88944,1.70411818181818,6.665,447061458.0,11.4825
2009-04,62.22538,468818941695.052,57.99056,,35.34078,1.60034090909091,6.74,439284789.0,11.0625
2009-05,62.624480000000005,472877317488.536,59.87862,,41.81968,1.55112380952381,6.5,443839022.0,10.452
2009-06,62.69355,474926279127.584,61.63183,,43.68513,1.53935,6.5,450220461.0,10.43
2009-07,62.85089,479562518017.8861,62.71072,,47.49289,1.51127391304348,6.5,452153251.0,10.138
2009-08,62.66285,484216446852.4609,61.90155,,56.37147,1.48048571428571,6.4,457238234.0,9.265
2009-09,62.90845,493857300206.11,62.57586,,57.7498,1.48283636363636,6.3,468103547.0,8.555
2009-10,64.42428000000001,499091993296.85706,63.78962,,61.73729,1.46330909090909,6.255,471896475.0,7.836
2009-11,65.24167,511152197782.102,66.48685,,58.07951,1.48025238095238,6.295,484503316.0,7.4325
2009-12,65.58704,511858193123.512,63.65475,,62.40662,1.4997,6.45,493060975.0,7.52
2010-01,66.7997,518944890046.5831,63.11531,,67.41547,1.46711904761905,6.685,491925514.0,7.468
2010-02,67.76675,528145013412.384,64.59879,,64.37248,1.50821,6.89,500267353.0,7.2325
2010-03,68.16202,531688338468.934,65.81255,,66.58376,1.52742608695652,7.05,508028109.0,7.555
2010-04,68.56879,535558646394.275,66.48685,,72.54454,1.48538636363636,7.33,506739804.0,7.518
2010-05,68.3232,543547020414.28705,68.24005,,68.9884,1.54101904761905,7.385,515038013.0,7.6775
2010-06,67.93945,556493753889.151,68.64464,,68.89791,1.5697,7.3,532117277.0,7.88
2010-07,67.61326,560640751461.277,69.18409,,72.08469,1.53316818181818,7.27,533291863.0,7.6
2010-08,67.88571999999999,563867631048.924,70.80243,,73.40848,1.50325,7.125,537446147.0,7.46
2010-09,68.71846,571174063360.844,70.93729,,78.02316,1.4867,7.1,546109351.0,7.495
2010-10,69.97717,579844054434.532,71.74646,,85.26063,1.41838095238095,7.0,551318229.0,7.286
2010-11,69.99635,587391903271.063,73.90425,,85.34367,1.43238636363636,7.0,560599376.0,7.40666667
2010-12,69.78529,607574956620.6,75.118,,81.85323,1.51482173913043,7.0,587261177.0,7.156
2011-01,70.0731,616378628217.588,78.35468,,82.7184,1.55674761904762,6.5,585506045.0,6.56
2011-02,70.5835,631516799250.157,77.14093,,79.76714,1.582515,6.5,600590517.0,6.71
2011-03,70.87898,641423269638.673,76.87121,,78.01448,1.57221304347826,6.775,612916566.0,6.9175
2011-04,71.49299,653206644547.376,76.73634,,84.43759,1.5145619047619,6.775,615968600.0,6.942
2011-05,73.22370999999998,665641462402.1741,77.54552,,81.25951,1.56785,6.825,630708198.0,6.8475
2011-06,72.17605999999996,671824707924.109,79.02899,,77.58189,1.59536818181818,6.975,640200133.0,6.865
2011-07,71.88058000000001,683075867013.239,80.51247,,77.38853,1.64945714285714,6.975,649010941.0,7.08
2011-08,72.40248000000001,696622869518.2671,82.93999,,67.60263,1.74747391304348,6.885,661883190.0,7.01
2011-09,72.94740999999999,695353277172.5499,78.48955,,70.82535,1.78592409090909,6.8,663929435.0,6.918
2011-10,75.33433999999998,692320023822.296,82.93999,,71.31371,1.8220619047619,6.8,657814714.0,6.9575
2011-11,76.63526,698568228847.9921,82.26568,,67.39935,1.80468636363636,6.875,661091530.0,7.4825
2011-12,77.07658,700779245993.132,82.26568,,65.29467,1.86103181818182,7.025,674409579.0,8.462
2012-01,77.51022,697374825535.495,81.32165,,66.32842,1.83325909090909,6.95,659931261.0,9.02
2012-02,77.94769000000002,701176347101.9661,80.24275,,74.66534,1.74982857142857,6.95,663809764.0,8.8775
2012-03,78.27004999999998,709711218214.922,81.99596,,75.64082,1.78090454545455,6.875,672025170.0,8.662
2012-04,79.45584000000001,719049760184.3469,82.93999,,75.37309,1.77869523809524,7.0,674704190.0,8.745
2012-05,79.28699,725285660643.0659,83.20971,,71.02243,1.79895652173913,7.0,683957100.0,9.13
2012-06,78.57705,735175506765.1699,82.67027,,72.61271,1.81445714285714,7.0,694307425.0,9.266
2012-07,78.39668,735570519843.691,83.47943,,77.70336,1.8039727272727295,6.73,697424791.0,8.8825
2012-08,78.83415999999998,744884481487.705,82.26568,,81.03763,1.78679130434783,6.55,705819744.0,8.216
2012-09,79.64771,754656468025.9939,84.15374,,83.65175,1.79431,6.525,717634909.0,7.515
2012-10,81.20959,767105418755.462,84.2886,,86.19646,1.79387826086957,6.74,726248626.0,7.12
2012-11,81.51659000000002,769710778345.0249,83.07485,,88.78826,1.78509090909091,6.675,725095646.0,6.766
2012-12,81.82742,776442794362.4191,84.2886,,95.34277,1.7791,6.425,743043389.0,6.655
2013-01,83.17439,788141051957.2151,84.69319,,101.7882,1.76316956521739,6.1,745255840.0,6.375
2013-02,83.42384,796523010628.136,86.4464,,97.11526,1.77196,6.07,752627312.0,6.075
2013-03,83.97643999999998,807629974253.572,86.31153,,102.584,1.8078238095238095,6.18,763321233.0,5.796
2013-04,84.32949,819186183144.688,86.98584,,104.4643,1.79614090909091,6.13,772431756.0,5.6875
2013-05,84.45229,836542371922.3837,87.1207,,111.4514,1.82677272727273,6.15,792034212.0,5.264
2013-06,85.09699,849807543442.7982,89.81794,,94.58914,1.89823,6.2,807047573.0,5.385
2013-07,85.36179,867066525615.8789,89.27849,,92.15848,1.93185217391304,6.45,829743521.0,6.0425
2013-08,85.27351999999999,886618683188.2991,86.85098,,88.69158,1.9621454545454495,6.45,848273726.0,6.62
2013-09,85.9259,897662070229.002,91.84087,,90.27814,2.0192,6.64,863518843.0,6.97
2013-10,87.47242,910203764679.2339,90.89683,,95.54976,1.98737826086957,6.61,868843841.0,6.905
2013-11,87.48009,924990171943.38,91.43628,,92.71626,2.0248761904761894,6.74,879344465.0,6.692
2013-12,87.88303,942279378928.982,91.03169,,87.84872,2.0648,6.74,908059333.0,6.9475
2014-01,89.62143,967095717896.928,94.40324,,81.90652,2.22111739130435,7.06,921325263.0,7.314
2014-02,90.00518000000001,966543414485.092,93.59406,,78.72843,2.211885,7.21,922154061.0,9.185
2014-03,91.01829,967635272113.4941,93.59406,,80.13031,2.21705714285714,7.31,923380639.0,9.7125
2014-04,92.24245,974020282967.642,92.7849,,90.04388,2.12797727272727,7.22,926654456.0,9.61
2014-05,92.60702,967172181982.1992,91.57114,,94.58791,2.09303181818182,7.21,924114963.0,9.282
2014-06,92.89484,987384024759.7152,93.45921,,97.97547,2.11909523809524,7.19,942496619.0,8.97
2014-07,93.31696,1004236830618.09,95.75185,,100.4198,2.1175434782608695,7.27,967001541.0,8.3925
2014-08,93.40522000000001,1010577723450.9,91.03169,,98.22089,2.1613666666666695,7.35,967173176.0,7.97
2014-09,93.5357,1032897449809.9,95.21241,,97.09543,2.21094090909091,7.44,994182489.0,7.965
2014-10,95.31247,1029602755265.78,94.13351,,94.71062,2.2573695652173895,7.54,984013436.0,8.108
2014-11,95.48516,1038653145561.47,94.80782,,100.6677,2.235945,7.5,987533316.0,8.215
2014-12,95.06303,1054624856469.81,94.80782,,104.3379,2.29478695652174,7.21,1015920601.0,8.51
2015-01,96.11067,1069643354089.95,94.40324,,109.5909,2.33448181818182,6.81,1022057292.0,8.528
2015-02,96.79759000000001,1097345074203.46,94.40324,,106.2566,2.46193,6.69,1046179728.0,8.4375
2015-03,97.94501,1119701873393.75,98.17937,,100.2686,2.59094545454545,6.78,1070387826.0,8.6775
2015-04,99.54142,1147721922515.28,98.58395,,103.2806,2.65425,6.91,1098268735.0,8.9425
2015-05,100.1017,1156090905397.31,98.58395,,105.5538,2.64584761904762,6.85,1108585679.0,8.99
2015-06,99.58746,1168871171569.67,99.52798,,100.99,2.70475909090909,7.0,1119496059.0,9.1525
2015-07,99.67573,1191268706797.14,98.85368,,100.3318,2.6988347826087,7.05,1148945028.0,8.96833333
2015-08,100.0748,1216790637150.61,101.8206,,94.51726,2.85448095238095,7.04,1172420463.0,9.38
2015-09,100.969,1245903341999.26,101.8206,,91.18546,3.01065909090909,7.25,1204692707.0,9.338
2015-10,102.5385,1235257555664.35,99.39312,,97.42638,2.92557727272727,7.34,1188074099.0,9.698
2015-11,103.2216,1229263110632.51,101.6858,,99.5546,2.87367142857143,7.42,1179305100.0,9.695
2015-12,103.4365,1225797282031.8,102.4949,,91.04416,2.92015217391304,7.56,1189495148.0,9.83
2016-01,105.3169,1241934182569.63,101.6858,,88.26271,3.0074380952381,7.92,1197885983.0,9.884
2016-02,105.2939,1253177245642.78,102.7647,,90.68842,2.94328571428571,7.96,1206624205.0,9.93
2016-03,105.2516,1266467661091.03,101.6858,,99.12946,2.8883913043478295,7.89,1220421457.0,10.01
2016-04,106.0767,1270403509454.48,101.9555,,104.8163,2.83614285714286,7.78,1223924736.0,9.87
2016-05,106.6907,1294930503023.76,103.5738,,97.28383,2.93834545454545,7.81,1249963165.0,9.6875
2016-06,107.1934,1309828305059.2,103.1693,,95.30434,2.9165590909090895,7.6,1261520416.0,9.355
2016-07,108.4406,1324501358896.79,96.83075,,95.71338,2.95586666666667,7.59,1282795654.0,9.094
2016-08,108.1259,1326983117882.68,104.1133,,95.64397,2.9626043478260895,7.61,1283703073.0,8.9925
2016-09,108.3217,1344276394986.2102,101.1463,,95.94269,2.96392272727273,7.62,1301518102.0,9.022
2016-10,109.8797,1367828928304.48,105.5968,,96.9628,3.0755619047619,7.61,1321651942.0,8.9575
2016-11,110.4476,1415318992368.6,104.7876,,93.44632,3.2846909090909095,7.87,1367445757.0,8.9325
2016-12,112.2628,1443237201289.13,104.1133,,94.77879,3.49667272727273,8.04,1406872842.0,8.702
2017-01,115.0258,1469446577780.99,104.9225,,100.3814,3.75043181818182,8.19,1426505883.0,8.5775
2017-02,115.9583,1454724731972.97,106.6757,,109.219,3.66667,8.21,1407933124.0,8.7775
2017-03,117.1364,1495626945093.16,108.0243,,111.3696,3.67044782608696,8.15,1448942430.0,9.01
2017-04,118.6676,1522806828705.8,110.9912,,113.1495,3.652805,8.27,1476089913.0,9.6175
2017-05,119.1972,1536345775310.05,109.6426,,118.7421,3.56785217391304,8.41,1491806735.0,10.0825
2017-06,118.8787,1555192331804.67,110.1821,,122.8709,3.51965454545455,8.32,1516294070.0,10.624
2017-07,119.0552,1566385173973.35,110.0472,,129.7452,3.5633380952381,8.41,1522315696.0,10.83
2017-08,119.673,1591629709645.61,113.4187,,134.4529,3.50895217391304,8.37,1544897146.0,10.8775
2017-09,120.4521,1612624523263.75,114.9022,,132.0544,3.47387619047619,8.35,1563134203.0,10.862
2017-10,122.9541,1667638047968.61,115.3068,,131.5859,3.6757,8.52,1610022776.0,11.0625
2017-11,124.7885,1686443937924.7998,115.9811,,133.677,3.8899545454545503,8.65,1627300950.0,11.1875
2017-12,125.6442,1674770171295.97,119.0829,,135.6986,3.8431619047619,9.3,1628023132.0,11.236
2018-01,126.926,1672176150218.13,116.7903,,144.6862,3.7749043478260895,9.24,1617630665.0,11.21
2018-02,127.8546,1698907134623.1,115.9811,,144.0913,3.7837,9.26,1633682306.0,11.355
2018-03,129.1248,1745393926516.17,116.116,,144.623,3.89113181818182,9.24,1678040812.0,11.554
2018-04,131.5425,1781039306912.97,117.5995,,137.3818,4.06100952380952,9.62,1712468513.0,11.695
2018-05,133.6761,1855350007689.38,115.8463,,127.1348,4.42099130434783,10.15,1787144026.0,11.9675
2018-06,137.1683,1880236267468.9695,112.4747,,118.757,4.63712380952381,10.47,1807860689.0,14.084
2018-07,137.9243,1937018533947.06,115.3068,,117.2919,4.76768636363636,11.07,1870996641.0,15.3575
2018-08,141.0902,1952757242906.7295,114.9022,,115.0261,5.88254347826087,12.96,2099272197.0,16.336
2018-09,149.9856,2081738543928.16,111.261,,118.3492,6.344575,14.46,2020764883.0,21.205
2018-10,153.9881,2032496990051.74,108.9683,,117.9042,5.8327347826087,17.03,1956073358.0,22.8525
2018-11,151.7662,1952102910718.7295,108.6986,,116.0661,5.3627909090909105,17.38,1899242192.0,22.042
2018-12,151.1522,1980495369809.9497,106.9454,,113.8387,5.31678571428571,16.46,1938998976.0,21.3825
2019-01,152.7601,,108.8334,,118.6678,5.36731304347826,15.91,1950687708.0,20.435
2019-02,153.0057,,110.0472,,127.6269,5.27211,15.47,1984646947.0,19.355
2019-03,154.5791,,113.4187,,125.0983,5.4616285714285695,15.24,2090276096.0,19.066
2019-04,157.1963,,112.7444,,119.1388,5.759904545454551,15.38,2151020045.0,20.085
2019-05,158.6891,,113.6885,,109.8152,6.04668260869565,15.48,2165907128.0,21.948
2019-06,158.7313,,108.8334,,115.4228,5.819235,14.88,2159862130.0,22.17
2019-07,160.8842,,113.8233,,124.3484,5.66798695652174,13.9,2152836961.0,20.9125
2019-08,162.2657,,110.7215,,121.0712,5.63204545454545,12.77,2254518412.0,17.68
2019-09,163.8774,,114.9022,,125.6573,5.70980476190476,12.21,2259287516.0,15.0725
2019-10,167.1585,,113.2839,,123.1436,5.7914,11.18,2313425349.0,13.2725
2019-11,167.7955,,114.0931,,129.4862,5.73789523809524,10.46,2343648606.0,11.476
2019-12,169.0427,,116.3857,,137.1934,5.85193181818182,10.07,2445447858.0,10.235
2020-01,171.326,,115.9811,,147.3884,5.92583913043478,9.54,2469235642.0,9.312
2020-02,171.9285,,119.0829,,146.1774,6.06259,9.61,2556911596.0,8.9775
2020-03,172.9109,,111.8004,,118.1311,6.335754545454551,9.51,2681493623.0,8.9725
2020-04,174.3884,,79.02899,,119.4264,6.85031363636364,9.7,2910666523.0,8.7625
2020-05,176.7638,,93.72893,,125.35,6.93194285714286,9.2,2918865211.0,7.326
2020-06,178.767,,108.4289,,138.3387,6.8162772727272705,9.03,3001226936.0,6.9975
2020-07,179.8108,,120.2967,,145.1833,6.86516086956522,9.33,3141593256.0,6.946
2020-08,181.365,,122.1848,,135.8287,7.26222857142857,9.7,3196795800.0,8.285
2020-09,183.1303,,124.7471,,136.8365,7.53394090909091,10.15,3273110992.0,9.5525
2020-10,187.033,,125.0169,,144.6094,7.917513636363639,10.53,3414449433.0,10.42
2020-11,191.331,,126.6352,,156.6537,7.985804761904759,10.77,3314555345.0,12.64
2020-12,193.7218,,127.3095,,172.2132,7.71192173913043,10.84,3326512024.0,14.64
2021-01,196.9799,,130.2765,,189.1498,7.39720476190476,10.53,3306057972.0,15.664
2021-02,198.7682,,130.681,,189.4795,7.08122,10.36,3326645026.0,15.5425
2021-03,200.9057,,130.8159,,184.959,7.676669565217391,10.47,3519147499.0,16.3175
2021-04,204.2788,,130.2765,,172.6346,8.163263636363638,11.26,3574864016.0,17.174
2021-05,206.094,,133.2434,,178.0661,8.356566666666671,11.81,3676730667.0,17.3975
2021-06,210.0965,,134.4572,,175.9714,8.61266363636364,12.12,3763771681.0,17.375
2021-07,213.888,,131.8948,,169.4739,8.589804545454541,12.62,3804781569.0,17.322
2021-08,216.2826,,138.3682,,178.7615,8.47377727272727,12.48,3815142498.0,17.4425
2021-09,218.9919,,136.4801,,176.6618,8.54566818181818,12.94,3993750060.0,17.48
2021-10,224.2339,,137.4241,,178.2719,9.193180952380951,13.91,4239266828.0,16.432
2021-11,232.1085,,142.0094,,208.5939,10.6900272727273,15.61,5021717951.0,14.95
2021-12,263.6184,,142.6837,,243.7289,13.5576652173913,21.39,5108132702.0,16.01
2022-01,292.891,,138.2333,,248.8394,13.5348857142857,25.37,5140228239.0,16.9675
2022-02,306.9747,,146.325,,247.9147,13.654775,24.83,5308036475.0,16.09
2022-03,323.7485,,140.9305,,260.7969,14.6139260869565,26.43,5699858632.0,15.0925
2022-04,347.2149,,142.8186,,301.5159,14.7038571428571,28.41,5895872508.0,14.984
2022-05,357.5647,,142.9535,,301.537,15.6099045454545,33.28,6277459612.0,14.975
2022-06,375.271,,144.8415,,314.977,16.9924409090909,37.91,6428508832.0,15.6225
2022-07,384.1472,,134.7269,,305.7538,17.4530476190476,40.23,6958505889.0,16.602
2022-08,389.7577,,139.3122,,363.3586,18.030586956521695,41.99,7231185430.0,16.23
2022-09,401.7461,,136.615,,411.8022,18.3137818181818,36.74,7475494815.0,15.026
2022-10,415.9871,,140.7957,,462.9503,18.5848095238095,37.34,7735052757.0,14.615
2022-11,427.9832,,139.8517,,564.2861,18.6089363636364,37.47,7871318084.0,14.5275
2022-12,433.0449,,142.5489,,647.8486,18.6573409090909,34.92,8209273693.0,15.246
2023-01,461.8378,,144.0324,,650.723,18.7785545454545,30.44,8427505053.0,15.795
2023-02,476.3628,,134.7269,,603.3962,18.84412,30.75,8650527989.0,16.505
2023-03,487.269,,143.0883,,637.5173,18.998947826087,31.63,9073195173.0,17.072
2023-04,498.8929,,141.7397,,616.2871,19.33725,31.02,9537845081.0,18.4825
2023-05,499.1078,,144.0324,,568.3678,19.7477434782609,29.84,9508104415.0,21.0825
2023-06,518.6753,,146.325,,678.4359,23.696504545454495,30.65,10874575044.0,27.286
2023-07,567.8915,,146.1902,,804.656,26.4994,33.21,11510220409.0,25.685
2023-08,619.4946,,144.437,,943.6888,26.9430782608696,42.01,11947306760.0,23.485
2023-09,648.9399,,144.437,,1004.694,26.999080952381,44.94,12374659285.0,29.678
2023-10,671.2244,,143.7626,,994.754,27.8602,45.28,12789135293.0,34.1825
2023-11,693.2479,,142.0094,,972.5681,28.6379136363636,43.94,13049971609.0,37.4025
2023-12,713.5407,,146.0553,,955.748,29.0781333333333,41.23,13665141252.0,42.344
2024-01,761.3714999999999,,146.325,,986.8522,30.039582608695696,39.09,13697119812.0,44.205
2024-02,795.8555,,150.5057,,1126.616,30.773019047619,37.78,14020214021.0,43.995
2024-03,821.0258,,149.9663,,1111.801,32.0116380952381,36.7,14348468781.0,47.47
2024-04,847.1323999999998,,,,1192.489,32.2756590909091,35.17,14523330249.0,55.4025
2024-05,875.6644,,,,1292.965,32.216452173913,33.21,14837921368.0,56.176
2024-06,890.0319999999998,,,,1295.021,32.52592,31.79,15319202915.0,55.3275
2024-07,918.7405000000001,,,,1349.464,32.8792304347826,30.02,15726267311.0,54.6025
2024-08,941.474,,,,1232.352,33.6457181818182,28.71,16206558025.0,53.994
2024-09,969.4188,,,,1214.961,34.009280952381,27.49,16452308928.0,54.42
2024-10,997.3368,,,,1107.382,34.2050956521739,27.44,16767749092.0,54.62
2024-11,1019.717,,,,1148.492,34.4147523809524,27.2,16915022358.0,54.714
2024-12,1030.201,,,,1230.124,34.9671636363636,27.07,17527677986.0,54.7075
2025-01,1082.046,,,,1236.246,35.5012695652174,25.38,17636192186.0,52.504
2025-02,1106.645,,,,1210.512,36.157475,25.26,18321342785.0,50.045
2025-03,1133.868,,,,1251.013,37.107861904761904,24.55,19821138846.0,48.89
2025-04,1167.845,,,,1161.769,38.0767772727273,25.56,20106009573.0,52.1275
2025-05,,,,,1160.26,38.7332181818182,25.06,20624031860.0,56.198
2025-06,,,,,1164.264,39.380138095238095,24.56,21222731191.0,56.015
2025-07,,,,,1285.816,40.175047826087,23.39,21830111045.0,53.79
2025-08,,,,,1373.22,40.78556190476191,22.84,22188709107.0,50.61
2025-09,,,,,1358.823,41.281945454545514,22.25,22860968238.0,48.7925
2025-10,,,,,1327.284,41.7906913043478,23.26,23313861922.0,47.456
2025-11,,,,,1344.124,42.240315,23.49,23618924923.0,46.49
2025-12,,,,,1392.25,42.6458260869565,23.35,24729036670.0,45.6575
2026-01,,,,,1557.418,43.1617136363636,22.2,25273094090.0,44.306
2026-02,,,,,1725.185,43.64791,22.1,25686545565.0,43.3525
2026-03,,,,,1610.465,44.1432318181818,22.17,25729187059.0,44.595
2026-04,,,,,1730.682,44.723477272727294,23.39,26518751183.0,46.2525
2026-05,,,,,1767.402,45.4224714285714,23.82,27293420191.0,46.492
2026-06,,,,,1756.87,46.219795454545505,23.81,27375153253.0,46.535
2026-07,,,,,1741.597,47.0242086956522,23.95,28148817213.0,46.362
2026-08,,,,,1753.475,47.8213571428571,23.69,,45.7925
