fecha,ipc,dinero,produccion,tasa_corta,tasa_larga,acciones,tipo_cambio,salario
1914-01,4.740585,,,,,,,
1914-02,4.740585,,,,,,,
1914-03,4.740585,,,,,,,
1914-04,4.740585,,,,,,,
1914-05,4.661575,,,,,,,
1914-06,4.740585,,,,,,,
1914-07,4.661575,,,,,,,
1914-08,4.740585,,,,,,,
1914-09,4.740585,,,,,,,
1914-10,4.819594,,,,,,,
1914-11,4.819594,,,,,,,
1914-12,4.819594,,,,,,,
1915-01,4.819594,,,,,,,
1915-02,4.819594,,,,,,,
1915-03,4.819594,,,,,,,
1915-04,4.819594,,,,,,,
1915-05,4.819594,,,,,,,
1915-06,4.819594,,,,,,,
1915-07,4.819594,,,,,,,
1915-08,4.819594,,,,,,,
1915-09,4.819594,,,,,,,
1915-10,4.819594,,,,,,,
1915-11,4.977614,,,,,,,
1915-12,4.977614,,,,,,,
1916-01,5.056623,,,,,,,
1916-02,5.135633,,,,,,,
1916-03,5.135633,,,,,,,
1916-04,5.135633,,,,,,,
1916-05,5.135633,,,,,,,
1916-06,5.214643,,,,,,,
1916-07,5.214643,,,,,,,
1916-08,5.214643,,,,,,,
1916-09,5.372662999999999,,,,,,,
1916-10,5.451673,,,,,,,
1916-11,5.609692,,,,,,,
1916-12,5.688701999999999,,,,,,,
1917-01,5.846721,,,,,,,
1917-02,5.846721,,,,,,,
1917-03,6.004741,,,,,,,
1917-04,6.004741,,,,,,,
1917-05,6.24177,,,,,,,
1917-06,6.32078,,,,,,,
1917-07,6.32078,,,,,,,
1917-08,6.32078,,,,,,,
1917-09,6.32078,,,,,,,
1917-10,6.478799,,,,,,,
1917-11,6.478799,,,,,,,
1917-12,6.557809,,,,,,,
1918-01,6.636817999999999,,,,,,,
1918-02,6.715828,,,,,,,
1918-03,6.794838,,,,,,,
1918-04,6.794838,,,,,,,
1918-05,6.873848,,,,,,,
1918-06,6.952857000000001,,,,,,,
1918-07,7.031867,,,,,,,
1918-08,7.268897,,,,,,,
1918-09,7.268897,,,,,,,
1918-10,7.347906,,,,,,,
1918-11,7.426916,,,,,,,
1918-12,7.426916,,,,,,,
1919-01,7.505925999999999,,,,,,,
1919-02,7.426916,,,,,,,
1919-03,7.426916,,,,,,,
1919-04,7.426916,,,,,,,
1919-05,7.663945,,,,,,,
1919-06,7.663945,,,,,,,
1919-07,7.742955,,,,,,,
1919-08,7.9009740000000015,,,,,,,
1919-09,7.9009740000000015,,,,,,,
1919-10,7.9009740000000015,,,,,,,
1919-11,7.979984,,,,,,,
1919-12,8.058994,,,,,,,
1920-01,8.375033,,,,,,,
1920-02,8.533051999999998,,,,,,,
1920-03,8.849092,,,,,,,
1920-04,8.928102,,,,,,,
1920-05,9.165131,,,,,,,
1920-06,9.32315,,,,,,,
1920-07,9.32315,,,,,,,
1920-08,9.24414,,,,,,,
1920-09,9.086121,,,,,,,
1920-10,9.086121,,,,,,,
1920-11,8.928102,,,,,,,
1920-12,8.849092,,,,,,,
1921-01,8.691072,,,,,,,
1921-02,8.533051999999998,,,,,,,
1921-03,8.296023,,,,,,,
1921-04,8.058994,,,,,,,
1921-05,7.9009740000000015,,,,,,,
1921-06,7.663945,,,,,,,
1921-07,7.663945,,,,,,,
1921-08,7.663945,,,,,,,
1921-09,7.663945,,,,,,,
1921-10,7.663945,,,,,,,
1921-11,7.426916,,,,,,,
1921-12,7.426916,,,,,,,
1922-01,7.426916,,,,,,,
1922-02,7.347906,,,,,,,
1922-03,7.268897,,,,,,,
1922-04,7.268897,,,,,,,
1922-05,7.189887,,,,,,,
1922-06,7.189887,,,,,,,
1922-07,7.189887,,,,,,,
1922-08,7.268897,,,,,,,
1922-09,7.268897,,,,,,,
1922-10,7.268897,,,,,,,
1922-11,7.268897,,,,,,,
1922-12,7.268897,,,,,,,
1923-01,7.268897,,,,,,,
1923-02,7.268897,,,,,,,
1923-03,7.347906,,,,,,,
1923-04,7.268897,,,,,,,
1923-05,7.268897,,,,,,,
1923-06,7.268897,,,,,,,
1923-07,7.189887,,,,,,,
1923-08,7.268897,,,,,,,
1923-09,7.268897,,,,,,,
1923-10,7.268897,,,,,,,
1923-11,7.268897,,,,,,,
1923-12,7.268897,,,,,,,
1924-01,7.268897,,,,,,,
1924-02,7.268897,,,,,,,
1924-03,7.268897,,,,,,,
1924-04,7.110877,,,,,,,
1924-05,7.031867,,,,,,,
1924-06,6.952857000000001,,,,,,,
1924-07,6.952857000000001,,,,,,,
1924-08,7.110877,,,,,,,
1924-09,7.110877,,,,,,,
1924-10,7.110877,,,,,,,
1924-11,7.189887,,,,,,,
1924-12,7.189887,,,,,,,
1925-01,7.268897,,,,,,,
1925-02,7.268897,,,,,,,
1925-03,7.268897,,,,,,,
1925-04,7.189887,,,,,,,
1925-05,7.110877,,,,,,,
1925-06,7.110877,,,,,,,
1925-07,7.110877,,,,,,,
1925-08,7.189887,,,,,,,
1925-09,7.189887,,,,,,,
1925-10,7.268897,,,,,,,
1925-11,7.268897,,,,,,,
1925-12,7.347906,,,,,,,
1926-01,7.268897,,,,,,,
1926-02,7.268897,,,,,,,
1926-03,7.268897,,,,,,,
1926-04,7.268897,,,,,,,
1926-05,7.268897,,,,,,,
1926-06,7.268897,,,,,,,
1926-07,7.268897,,,,,,,
1926-08,7.268897,,,,,,,
1926-09,7.268897,,,,,,,
1926-10,7.268897,,,,,,,
1926-11,7.268897,,,,,,,
1926-12,7.268897,,,,,,,
1927-01,7.268897,,,,,,,
1927-02,7.268897,,,,,,,
1927-03,7.189887,,,,,,,
1927-04,7.110877,,,,,,,
1927-05,7.110877,,,,,,,
1927-06,7.110877,,,,,,,
1927-07,7.189887,,,,,,,
1927-08,7.110877,,,,,,,
1927-09,7.110877,,,,,,,
1927-10,7.110877,,,,,,,
1927-11,7.189887,,,,,,,
1927-12,7.189887,,,,,,,
1928-01,7.268897,,,,,,,
1928-02,7.268897,,,,,,,
1928-03,7.189887,,,,,,,
1928-04,7.189887,,,,,,,
1928-05,7.110877,,,,,,,
1928-06,7.110877,,,,,,,
1928-07,7.110877,,,,,,,
1928-08,7.268897,,,,,,,
1928-09,7.268897,,,,,,,
1928-10,7.268897,,,,,,,
1928-11,7.268897,,,,,,,
1928-12,7.268897,,,,,,,
1929-01,7.268897,,,,,,,
1929-02,7.268897,,,,,,,
1929-03,7.268897,,,,,,,
1929-04,7.189887,,,,,,,
1929-05,7.268897,,,,,,,
1929-06,7.268897,,,,,,,
1929-07,7.268897,,,,,,,
1929-08,7.268897,,,,,,,
1929-09,7.268897,,,,,,,
1929-10,7.347906,,,,,,,
1929-11,7.347906,,,,,,,
1929-12,7.426916,,,,,,,
1930-01,7.426916,,,,,,,
1930-02,7.426916,,,,,,,
1930-03,7.347906,,,,,,,
1930-04,7.268897,,,,,,,
1930-05,7.268897,,,,,,,
1930-06,7.268897,,,,,,,
1930-07,7.268897,,,,,,,
1930-08,7.268897,,,,,,,
1930-09,7.031867,,,,,,,
1930-10,7.031867,,,,,,,
1930-11,7.031867,,,,,,,
1930-12,6.952857000000001,,,,,,,
1931-01,6.873848,,,,,,,
1931-02,6.794838,,,,,,,
1931-03,6.715828,,,,,,,
1931-04,6.636817999999999,,,,,,,
1931-05,6.557809,,,,,,,
1931-06,6.478799,,,,,,,
1931-07,6.399789,,,,,,,
1931-08,6.478799,,,,,,,
1931-09,6.399789,,,,,,,
1931-10,6.24177,,,,,,,
1931-11,6.24177,,,,,,,
1931-12,6.24177,,,,,,,
1932-01,6.16276,,,,,,,
1932-02,6.004741,,,,,,,
1932-03,6.004741,,,,,,,
1932-04,6.004741,,,,,,,
1932-05,5.846721,,,,,,,
1932-06,5.846721,,,,,,,
1932-07,5.846721,,,,,,,
1932-08,5.846721,,,,,,,
1932-09,5.846721,,,,,,,
1932-10,5.767711,,,,,,,
1932-11,5.767711,,,,,,,
1932-12,5.767711,,,,,,,
1933-01,5.688701999999999,,,,,,,
1933-02,5.688701999999999,,,,,,,
1933-03,5.609692,,,,,,,
1933-04,5.609692,,,,,,,
1933-05,5.609692,,,,,,,
1933-06,5.609692,,,,,,,
1933-07,5.609692,,,,,,,
1933-08,5.688701999999999,,,,,,,
1933-09,5.688701999999999,,,,,,,
1933-10,5.609692,,,,,,,
1933-11,5.609692,,,,,,,
1933-12,5.609692,,,,,,,
1934-01,5.688701999999999,,,,,,,
1934-02,5.688701999999999,,,,,,,
1934-03,5.767711,,,,,,,
1934-04,5.767711,,,,,,,
1934-05,5.688701999999999,,,,,,,
1934-06,5.688701999999999,,,,,,,
1934-07,5.688701999999999,,,,,,,
1934-08,5.688701999999999,,,,,,,
1934-09,5.688701999999999,,,,,,,
1934-10,5.688701999999999,,,,,,,
1934-11,5.688701999999999,,,,,,,
1934-12,5.688701999999999,,,,,,,
1935-01,5.688701999999999,,,,,,,
1935-02,5.688701999999999,,,,,,,
1935-03,5.688701999999999,,,,,,,
1935-04,5.688701999999999,,,,,,,
1935-05,5.688701999999999,,,,,,,
1935-06,5.688701999999999,,,,,,,
1935-07,5.688701999999999,,,,,,,
1935-08,5.688701999999999,,,,,,,
1935-09,5.767711,,,,,,,
1935-10,5.767711,,,,,,,
1935-11,5.846721,,,,,,,
1935-12,5.846721,,,,,,,
1936-01,5.846721,,,,,,,
1936-02,5.846721,,,,,,,
1936-03,5.846721,,,,,,,
1936-04,5.767711,,,,,,,
1936-05,5.767711,,,,,,,
1936-06,5.767711,,,,,,,
1936-07,5.846721,,,,,,,
1936-08,5.846721,,,,,,,
1936-09,5.846721,,,,,,,
1936-10,5.925731,,,,,,,
1936-11,5.925731,,,,,,,
1936-12,5.925731,,,,,,,
1937-01,6.004741,,,,,,,
1937-02,6.004741,,,,,,,
1937-03,6.004741,,,,,,,
1937-04,6.004741,,,,,,,
1937-05,6.004741,,,,,,,
1937-06,6.004741,,,,,,,
1937-07,6.004741,,,,,,,
1937-08,6.08375,,,,,,,
1937-09,6.08375,,,,,,,
1937-10,6.16276,,,,,,,
1937-11,6.16276,,,,,,,
1937-12,6.16276,,,,,,,
1938-01,6.08375,,,,,,,
1938-02,6.08375,,,,,,,
1938-03,6.16276,,,,,,,
1938-04,6.16276,,,,,,,
1938-05,6.08375,,,,,,,
1938-06,6.08375,,,,,,,
1938-07,6.16276,,,,,,,
1938-08,6.16276,,,,,,,
1938-09,6.08375,,,,,,,
1938-10,6.004741,,,,,,,
1938-11,6.004741,,,,,,,
1938-12,6.004741,,,,,,,
1939-01,6.004741,,,,,,,
1939-02,6.004741,,,,,,,
1939-03,6.004741,,,,,,,
1939-04,6.004741,,,,,,,
1939-05,6.004741,,,,,,,
1939-06,6.004741,,,,,,,
1939-07,6.004741,,,,,,,
1939-08,6.004741,,,,,,,
1939-09,6.004741,,,,,,,
1939-10,6.16276,,,,,,,
1939-11,6.16276,,,,,,,
1939-12,6.16276,,,,,,,
1940-01,6.16276,,,,,,,
1940-02,6.16276,,,,,,,
1940-03,6.24177,,,,,,,
1940-04,6.24177,,,,,,,
1940-05,6.24177,,,,,,,
1940-06,6.24177,,,,,,,
1940-07,6.32078,,,,,,,
1940-08,6.32078,,,,,,,
1940-09,6.399789,,,,,,,
1940-10,6.399789,,,,,,,
1940-11,6.399789,,,,,,,
1940-12,6.478799,,,,,,,
1941-01,6.478799,,,,,,,
1941-02,6.478799,,,,,,,
1941-03,6.478799,,,,,,,
1941-04,6.478799,,,,,,,
1941-05,6.478799,,,,,,,
1941-06,6.636817999999999,,,,,,,
1941-07,6.715828,,,,,,,
1941-08,6.794838,,,,,,,
1941-09,6.873848,,,,,,,
1941-10,6.873848,,,,,,,
1941-11,6.952857000000001,,,,,,,
1941-12,6.873848,,,,,,,
1942-01,6.873848,,,,,,,
1942-02,6.873848,,,,,,,
1942-03,6.952857000000001,,,,,,,
1942-04,6.952857000000001,,,,,,,
1942-05,6.952857000000001,,,,,,,
1942-06,6.952857000000001,,,,,,,
1942-07,7.031867,,,,,,,
1942-08,7.031867,,,,,,,
1942-09,6.952857000000001,,,,,,,
1942-10,7.031867,,,,,,,
1942-11,7.110877,,,,,,,
1942-12,7.110877,,,,,,,
1943-01,6.952857000000001,,,,,,,
1943-02,6.952857000000001,,,,,,,
1943-03,6.952857000000001,,,,,,,
1943-04,7.110877,,,,,,,
1943-05,7.110877,,,,,,,
1943-06,7.110877,,,,,,,
1943-07,7.189887,,,,,,,
1943-08,7.189887,,,,,,,
1943-09,7.268897,,,,,,,
1943-10,7.268897,,,,,,,
1943-11,7.268897,,,,,,,
1943-12,7.268897,,,,,,,
1944-01,7.189887,,,,,,,
1944-02,7.189887,,,,,,,
1944-03,7.189887,,,,,,,
1944-04,7.189887,,,,,,,
1944-05,7.189887,,,,,,,
1944-06,7.189887,,,,,,,
1944-07,7.189887,,,,,,,
1944-08,7.189887,,,,,,,
1944-09,7.189887,,,,,,,
1944-10,7.189887,,,,,,,
1944-11,7.189887,,,,,,,
1944-12,7.110877,,,,,,,
1945-01,7.110877,,,,,,,
1945-02,7.189887,,,,,,,
1945-03,7.189887,,,,,,,
1945-04,7.189887,,,,,,,
1945-05,7.189887,,,,,,,
1945-06,7.268897,,,,,,,
1945-07,7.268897,,,,,,,
1945-08,7.268897,,,,,,,
1945-09,7.268897,,,,,,,
1945-10,7.268897,,,,,,,
1945-11,7.268897,,,,,,,
1945-12,7.268897,,,,,,,
1946-01,7.268897,,,,,,,
1946-02,7.268897,,,,,,,
1946-03,7.268897,,,,,,,
1946-04,7.268897,,,,,,,
1946-05,7.268897,,,,,,,
1946-06,7.426916,,,,,,,
1946-07,7.505925999999999,,,,,,,
1946-08,7.584936,,,,,,,
1946-09,7.584936,,,,,,,
1946-10,7.663945,,,,,,,
1946-11,7.663945,,,,,,,
1946-12,7.663945,,,,,,,
1947-01,7.663945,,,,,,,
1947-02,7.663945,,,,,,,
1947-03,7.742955,,,,,,,
1947-04,7.821964999999999,,,,,,,
1947-05,7.979984,,,,,,,
1947-06,8.058994,,,,,,,
1947-07,8.138002999999998,,,,,,,
1947-08,8.138002999999998,,,,,,,
1947-09,8.375033,,,,,,,
1947-10,8.533051999999998,,,,,,,
1947-11,8.612062,,,,,,,
1947-12,8.770082,,,,,,,
1948-01,8.849092,,,,,,,
1948-02,9.007111,,,,,,,
1948-03,9.007111,,,,,,,
1948-04,9.086121,,,,,,,
1948-05,9.165131,,,,,,,
1948-06,9.32315,,,,,,,
1948-07,9.32315,,,,,,,
1948-08,9.40216,,,,,,,
1948-09,9.560179,,,,,,,
1948-10,9.560179,,,,,,,
1948-11,9.560179,,,,,,,
1948-12,9.560179,,,,,,,
1949-01,9.560179,,,,,,,
1949-02,9.560179,,,,,,,
1949-03,9.560179,,,,,,,
1949-04,9.560179,,,,,,,
1949-05,9.560179,,,,,,,
1949-06,9.560179,,,,,,,
1949-07,9.560179,,,,,,,
1949-08,9.639189,,,,,,,
1949-09,9.639189,,,,,,,
1949-10,9.718199,,,,,,,
1949-11,9.718199,,,,,,,
1949-12,9.639189,,,,,,,
1950-01,9.560179,,,,,,,
1950-02,9.639189,,,,,,,
1950-03,9.718199,,,,,,,
1950-04,9.718199,,,,,,,
1950-05,9.718199,,,,,,,
1950-06,9.718199,,,,,,,
1950-07,9.797209,,,,,,,
1950-08,9.876218,,,,,,,
1950-09,10.03424,,,,,,,
1950-10,10.19226,,,,,,,
1950-11,10.19226,,,,,,,
1950-12,10.19226,,,,,,,
1951-01,10.27127,,,,,,,
1951-02,10.5083,,,,,,,
1951-03,10.58731,,,,,,,
1951-04,10.74533,,,,,,,
1951-05,10.74533,,,,,,,
1951-06,10.98235,,,,,,,
1951-07,10.98235,,,,,,,
1951-08,11.06136,,,,,,,
1951-09,11.14037,,,,,,,
1951-10,11.21938,,,,,,,
1951-11,11.29839,,,,,,,
1951-12,11.29839,,,,,,,
1952-01,11.3774,,,,,,,
1952-02,11.29839,,,,,,,
1952-03,11.21938,,,,,,,
1952-04,11.21938,,,,,,,
1952-05,11.14037,,,,,,,
1952-06,11.14037,,,,,,,
1952-07,11.14037,,,,,,,
1952-08,11.14037,,,,,,,
1952-09,11.14037,,,,,,,
1952-10,11.14037,,,,,,,
1952-11,11.14037,,,,,,,
1952-12,11.14037,,,,,,,
1953-01,11.14037,,,,,,,
1953-02,11.06136,,,,,,,
1953-03,10.98235,,,,,,,
1953-04,10.98235,,,,,,,
1953-05,10.98235,,,,,,,
1953-06,10.98235,,,,,,,
1953-07,10.98235,,,,,,,
1953-08,11.14037,,,,,,,
1953-09,11.14037,,,,,,,
1953-10,11.21938,,,,,,,
1953-11,11.14037,,,,,,,
1953-12,11.14037,,,,,,,
1954-01,11.14037,,,,,,,
1954-02,11.14037,,,,,,,
1954-03,11.06136,,,,,,,
1954-04,11.06136,,,,,,,
1954-05,11.06136,,,,,,,
1954-06,11.14037,,,,,,,
1954-07,11.14037,,,,,,,
1954-08,11.21938,,,,,,,
1954-09,11.21938,,,,,,,
1954-10,11.21938,,,,,,,
1954-11,11.21938,,,,,,,
1954-12,11.14037,,,,,,,
1955-01,11.14037,,,,3.2,,,5.842299
1955-02,11.14037,,,,3.13,,,5.883154
1955-03,11.14037,,,,3.09,,,5.883154
1955-04,11.14037,,,,3.09,,,5.924009
1955-05,11.14037,,,,3.11,,,5.964865
1955-06,11.14037,,,,3.1,,,5.924009
1955-07,11.14037,,,,3.12,,,5.924009
1955-08,11.14037,,,,3.21,,,5.883154
1955-09,11.21938,,,,3.25,,,5.924009
1955-10,11.21938,,,,3.26,,,5.924009
1955-11,11.21938,,,,3.3,,,5.964865
1955-12,11.21938,,,,3.41,,,6.046575
1956-01,11.21938,,,2.94,3.38,3.665714,,6.00572
1956-02,11.14037,,,2.94,3.3,3.801845,,6.046575
1956-03,11.14037,,,2.68,3.36,4.107025,,6.128285
1956-04,11.14037,,,3.19,3.51,4.070063,,6.169141
1956-05,11.14037,,,3.53,3.57,3.906036,,6.209996
1956-06,11.29839,,,3.78,3.45,4.012737,,6.250851
1956-07,11.3774,,,3.95,3.48,4.307596,,6.209996
1956-08,11.45641,,,4.12,3.7,4.210518,,6.209996
1956-09,11.3774,,,4.12,3.81,3.954156,,6.250851
1956-10,11.45641,,,4.29,3.87,3.863704,,6.332561
1956-11,11.53542,,,4.29,3.9,3.65874,,6.373417
1956-12,11.53542,,,4.98,3.94,3.940069,,6.455127
1957-01,11.53542,,,4.98,4.1,3.962176,0.961,6.455127
1957-02,11.53542,,,5.32,4.06,3.802473,0.958,6.455127
1957-03,11.53542,,,5.32,4.0,3.93163,0.956,6.495983
1957-04,11.61443,,,5.32,4.03,4.109884,0.96,6.536838
1957-05,11.61443,,,5.32,4.19,4.227186,0.956,6.577693
1957-06,11.69344,,,5.32,4.22,4.133735,0.953,6.577693
1957-07,11.69344,,,5.32,4.25,4.026337,0.951,6.536838
1957-08,11.77245,,,5.32,4.33,3.627567,0.948,6.536838
1957-09,11.85146,,,5.32,4.32,3.370507,0.959,6.536838
1957-10,11.85146,,,5.32,4.19,3.123002,0.965,6.659403
1957-11,11.85146,,,5.15,3.98,3.196019,0.962,6.700259
1957-12,11.77245,,,5.06,3.83,3.013511,0.977,6.781969
1958-01,11.85146,,,4.89,3.93,3.131092,0.985,6.700259
1958-02,11.85146,,,3.78,3.94,3.097128,0.981,6.741114
1958-03,11.93047,,,3.7,3.96,3.189742,0.977,6.781969
1958-04,11.93047,,,3.02,3.95,3.16631,0.971,6.781969
1958-05,11.93047,,,2.94,3.86,3.297838,0.967,6.822824
1958-06,11.93047,,,2.77,3.91,3.379782,0.962,6.822824
1958-07,11.93047,,,2.52,4.06,3.543949,0.96,6.781969
1958-08,11.93047,,,2.52,4.11,3.590326,0.965,6.700259
1958-09,12.08849,,,2.77,4.19,3.708185,0.977,6.700259
1958-10,12.08849,,,2.94,4.31,3.747728,0.971,6.781969
1958-11,12.08849,,,2.77,4.54,3.765581,0.968,6.822824
1958-12,12.08849,,,3.28,4.63,3.819768,0.965,6.986246
1959-01,12.08849,,,3.28,4.63,3.922983,0.967,6.94539
1959-02,12.08849,,,3.87,4.68,3.951715,0.975,6.986246
1959-03,12.00948,,,4.55,4.86,3.924029,0.97,7.027101
1959-04,12.00948,,,4.65,4.79,3.960572,0.964,7.027101
1959-05,12.08849,,,5.23,4.95,3.968104,0.963,7.067956
1959-06,11.93047,,,5.23,5.03,3.99858,0.959,7.027101
1959-07,12.08849,,,5.4,5.02,4.177114,0.957,6.986246
1959-08,12.08849,,,6.48,5.2,3.964687,0.954,6.94539
1959-09,12.24651,,,6.43,5.42,3.775414,0.952,7.027101
1959-10,12.24651,,,6.0,5.33,3.774229,0.948,7.108811
1959-11,12.24651,,,5.58,5.3,3.754562,0.95,7.108811
1959-12,12.24651,,,5.49,5.37,3.871166,0.951,7.272232
1960-01,12.24651,,,5.4,5.54,3.694795,0.953,7.231377
1960-02,12.24651,,,5.23,5.46,3.572263,0.952,7.231377
1960-03,12.1675,,,4.12,5.39,3.571008,0.951,7.272232
1960-04,12.24651,,,4.29,5.29,3.508451,0.963,7.313087
1960-05,12.24651,,,3.78,5.21,3.612293,0.978,7.313087
1960-06,12.24651,,,3.87,5.07,3.522609,0.979,7.272232
1960-07,12.24651,,,3.78,5.08,3.445547,0.978,7.231377
1960-08,12.24651,,,3.02,4.98,3.671572,0.97,7.190522
1960-09,12.24651,,,2.52,4.8,3.489273,0.972,7.231377
1960-10,12.40453,,,3.45,4.96,3.488367,0.979,7.272232
1960-11,12.40453,,,4.21,5.2,3.622476,0.977,7.313087
1960-12,12.40453,,,4.29,5.28,3.798986,0.982,7.476508
1961-01,12.40453,,22.0498,3.78,5.27,4.014202,0.993,7.435653
1961-02,12.40453,,22.07201,3.53,5.17,4.145312,0.99,7.435653
1961-03,12.40453,,21.9865,3.78,5.14,4.22349,0.987,7.476508
1961-04,12.40453,,22.44758,3.53,5.21,4.417575,0.989,7.517364
1961-05,12.40453,,22.56096,3.78,5.17,4.505795,0.988,7.517364
1961-06,12.40453,,22.93323,3.28,5.04,4.537736,1.005,7.476508
1961-07,12.40453,,23.15858,3.02,4.95,4.619192,1.034,7.435653
1961-08,12.40453,,23.03338,3.28,4.99,4.689559,1.031,7.435653
1961-09,12.40453,,23.58045,3.11,4.98,4.613961,1.031,7.435653
1961-10,12.40453,,23.78926,3.02,4.97,4.641299,1.03,7.517364
1961-11,12.40453,,23.88705,2.85,4.87,4.781963,1.036,7.517364
1961-12,12.40453,,24.03445,3.45,4.94,4.887689,1.043,7.680784
1962-01,12.40453,,24.13365,3.514,4.96,4.762018,1.045,7.599074
1962-02,12.40453,,24.36656,3.3825,4.95,4.789774,1.049,7.639929
1962-03,12.40453,,24.70623,3.31,4.88,4.784195,1.049,7.639929
1962-04,12.48354,,24.79504,3.4175,4.81,4.655456,1.05,7.72164
1962-05,12.48354,,25.20747,3.546,4.89,4.270913,1.08232,7.72164
1962-06,12.56255,,25.50084,4.1275,5.13,3.992304,1.08801,7.72164
1962-07,12.56255,,25.80461,5.6975,5.41,4.087289,1.07928,7.680784
1962-08,12.64156,,25.28683,5.698,5.42,4.186319,1.07785,7.599074
1962-09,12.56255,,25.88303,5.445,5.38,3.98798,1.07703,7.680784
1962-10,12.64156,,25.71343,4.964,5.19,4.049769,1.07626,7.72164
1962-11,12.64156,,25.73564,4.38,5.06,4.366874,1.07702,7.762495
1962-12,12.64156,,25.71343,4.3125,5.11,4.386541,1.07615,7.925916
1963-01,12.64156,,25.73705,4.248,5.1,4.602036,1.07732,7.885061
1963-02,12.64156,,25.95153,4.1625,5.11,4.452514,1.07785,7.885061
1963-03,12.64156,,26.23829,4.155,5.11,4.585507,1.07821,7.885061
1963-04,12.64156,,26.27939,3.8075,5.01,4.806581,1.07699,7.966771
1963-05,12.64156,,26.63891,3.582,4.95,4.88462,1.07747,7.966771
1963-06,12.64156,,27.00645,3.6275,4.95,4.703437,1.07849,7.966771
1963-07,12.79958,,26.48159,3.806,5.06,4.577139,1.07994,7.885061
1963-08,12.87859,,26.49198,4.1675,5.22,4.607824,1.08313,7.885061
1963-09,12.79958,,27.58706,4.13,5.22,4.746605,1.08003,7.966771
1963-10,12.79958,,27.56816,4.0,5.07,4.784335,1.07809,8.007627
1963-11,12.87859,,28.03916,4.115,5.14,4.736354,1.07784,8.089336
1963-12,12.87859,,28.33443,4.3275,5.15,4.90066,1.07958,8.211903
1964-01,12.87859,,28.55552,4.202,5.17,5.031282,1.08049,8.130192
1964-02,12.87859,,29.03833,4.06,5.17,4.98888,1.08021,8.130192
1964-03,12.87859,,28.85929,4.17,5.22,5.182965,1.08068,8.211903
1964-04,12.9576,,29.06715,4.118,5.24,5.373145,1.0811,8.211903
1964-05,12.9576,,29.40116,4.05,5.2,5.559209,1.08109,8.252758
1964-06,12.9576,,29.42808,4.02,5.2,5.548679,1.08109,8.252758
1964-07,13.03661,,29.21786,4.032,5.21,5.675117,1.0814,8.211903
1964-08,13.03661,,29.46918,4.2225,5.24,5.640805,1.07887,8.252758
1964-09,13.03661,,30.12065,4.308,5.22,5.883149,1.07628,8.293613
1964-10,13.03661,,30.06774,4.38,5.19,5.904559,1.07545,8.293613
1964-11,13.03661,,30.59874,4.36,5.09,5.928549,1.07411,8.334468
1964-12,13.11562,,30.60583,4.59,5.06,5.95247,1.07482,8.49789
1965-01,13.11562,,31.04943,4.3625,4.98,6.286313,1.07401,8.49789
1965-02,13.11562,,30.87653,4.37,5.0,6.258766,1.07593,8.49789
1965-03,13.11562,,31.52233,4.444,5.09,6.203602,1.08131,8.620455
1965-04,13.194629999999998,,31.48831,4.48,5.05,6.355076,1.07928,8.66131
1965-05,13.194629999999998,,31.69051,4.685,5.08,6.340082,1.0796,8.620455
1965-06,13.35265,,31.74248,4.816,5.15,5.907628,1.08247,8.620455
1965-07,13.35265,,32.56969,4.9,5.24,5.847094,1.08366,8.538744
1965-08,13.35265,,31.84168,5.17,5.3,5.99006,1.07859,8.538744
1965-09,13.35265,,32.53567,5.226,5.3,6.090903,1.07657,8.702166
1965-10,13.35265,,33.26414,5.34,5.36,6.19886,1.07528,8.783875
1965-11,13.43166,,33.41768,5.65,5.42,6.023744,1.07516,8.824731
1965-12,13.51067,,33.91703,5.96,5.42,6.14502,1.07597,8.906442
1966-01,13.51067,,33.89624,6.0475,5.41,6.400337,1.07486,8.947297
1966-02,13.58968,,34.07718,6.02,5.54,6.243144,1.07648,8.988152
1966-03,13.66869,,33.97183,6.05,5.63,6.158202,1.07641,9.069862
1966-04,13.7477,,34.18962,6.055,5.6,6.215318,1.07717,9.110718
1966-05,13.7477,,34.20285,6.1375,5.6,6.009726,1.07686,9.110718
1966-06,13.8267,,34.22883,6.244,5.64,5.976251,1.0767,9.110718
1966-07,13.8267,,34.08332,6.3175,5.72,5.87743,1.07507,9.110718
1966-08,13.90571,,33.53673,6.344,5.88,5.442326,1.07536,9.151573
1966-09,13.90571,,34.39512,6.405,5.79,5.307938,1.07638,9.274138
1966-10,13.90571,,34.78251,6.3825,5.73,5.411013,1.07955,9.355849
1966-11,13.90571,,34.63842,6.47,5.82,5.375237,1.08227,9.437559
1966-12,13.98472,,34.68094,6.6025,5.86,5.505998,1.0832,9.437559
1967-01,13.98472,,34.93699,6.44,5.62,5.882103,1.07965,9.51927
1967-02,13.98472,,34.62236,6.0375,5.57,5.937825,1.08074,9.600981
1967-03,14.06373,,34.6729,5.566,5.5,6.136722,1.08208,9.682691
1967-04,14.14274,,35.01777,5.01,5.51,6.263648,1.08251,9.723546
1967-05,14.22175,,34.89778,5.046,5.72,6.029532,1.08225,9.723546
1967-06,14.30076,,35.06454,5.4225,5.85,6.18526,1.08057,9.764401
1967-07,14.37977,,35.19635,5.5875,5.85,6.384297,1.07798,9.805257
1967-08,14.45878,,35.79207,5.63,5.92,6.308908,1.076,9.805257
1967-09,14.45878,,35.67775,5.825,6.05,6.433463,1.0754,9.927822
1967-10,14.45878,,35.43587,6.5025,6.32,6.057916,1.07355,10.00953
1967-11,14.45878,,35.97396,6.524,6.39,6.211622,1.07522,10.05039
1967-12,14.53779,,36.3774,6.575,6.48,6.27097,1.08039,10.21381
1968-01,14.6168,,36.18796,6.578,6.49,6.092577,1.08482,10.17295
1968-02,14.6168,,36.04623,6.8,6.69,5.825544,1.08741,10.17295
1968-03,14.69581,,36.24985,7.1375,6.88,5.6823,1.08494,10.25466
1968-04,14.69581,,37.18902,7.2575,6.61,6.189166,1.08029,10.45894
1968-05,14.69581,,37.66003,7.35,6.81,6.130654,1.07805,10.4998
1968-06,14.77482,,37.95624,7.3275,6.74,6.453618,1.07705,10.4998
1968-07,14.93284,,37.80553,7.118,6.6,6.417005,1.07385,10.45894
1968-08,15.01185,,38.31339,6.7225,6.45,6.583054,1.07281,10.58151
1968-09,15.01185,,38.72959,6.215,6.51,6.897997,1.07317,10.70407
1968-10,15.01185,,38.97667,6.318,6.8,7.00163,1.07294,10.78578
1968-11,15.16987,,39.45428,6.4475,6.93,7.263781,1.07323,10.86749
1968-12,15.16987,,39.39807,6.55,7.19,7.412465,1.07323,11.03091
1969-01,15.16987,,39.54216,6.858,7.23,7.607317,1.07289,11.07177
1969-02,15.16987,,40.08733,6.885,7.16,7.246067,1.07458,11.11262
1969-03,15.248879999999998,,40.77612,6.9525,7.24,7.477183,1.07686,11.19433
1969-04,15.48591,,40.3911,7.064,7.23,7.688494,1.07639,11.23519
1969-05,15.48591,,40.35661,7.1325,7.38,7.887809,1.07716,11.3169
1969-06,15.56492,,40.41803,7.5975,7.55,7.033571,1.07959,11.35776
1969-07,15.64393,,40.76431,8.082,7.54,6.630477,1.08078,11.3169
1969-08,15.72294,,40.01883,8.355,7.51,6.963692,1.07825,11.35776
1969-09,15.72294,,40.14355,8.43,7.72,6.916687,1.07838,11.52118
1969-10,15.72294,,39.82891,8.55,7.84,7.013626,1.07803,11.60289
1969-11,15.72294,,40.31173,8.6025,8.03,7.191949,1.07595,11.76631
1969-12,15.88096,,40.67691,9.03,8.27,7.111818,1.07431,11.92973
1970-01,15.959970000000002,38233000000.0,40.41944,9.065,8.34,6.836069,1.07297,11.92973
1970-02,15.959970000000002,38587000000.0,40.79171,8.575,8.21,7.018577,1.0732,11.97058
1970-03,15.959970000000002,38738000000.0,40.11331,8.2375,8.05,7.016206,1.07282,12.09315
1970-04,16.03898,38581000000.0,39.5346,7.738,7.88,6.400127,1.07288,12.21572
1970-05,16.03898,39086000000.0,39.61963,7.855,8.18,5.77589,1.07302,12.21572
1970-06,16.03898,39358000000.0,39.50105,7.3275,8.06,5.654334,1.038,12.29743
1970-07,16.197,39424000000.0,39.51523,7.624,7.97,5.91237,1.032,12.25657
1970-08,16.197,39989000000.0,39.82513,7.6275,7.99,6.067261,1.021,12.33828
1970-09,16.11799,40530000000.0,39.29366,6.86,7.92,6.34064,1.016,12.33828
1970-10,16.11799,40635000000.0,39.27996,6.835,7.93,6.162665,1.021,12.5017
1970-11,16.11799,41527000000.0,39.73821,6.12,7.8,6.431301,1.02,12.62427
1970-12,16.03898,41835000000.0,40.00324,5.582,7.26,6.60809,1.017,12.95111
1971-01,16.11799,42439000000.0,40.37976,5.775,6.69,6.800502,1.012,13.03282
1971-02,16.197,42437000000.0,40.63817,5.4725,6.81,6.796108,1.008,13.11453
1971-03,16.197,42842000000.0,40.79266,4.092,6.8,6.979034,1.006,13.11453
1971-04,16.35502,42904000000.0,40.85927,3.745,6.83,7.092501,1.008,13.19624
1971-05,16.35502,43208000000.0,41.43657,3.9025,7.19,6.785996,1.009,13.35966
1971-06,16.43403,43328000000.0,41.70963,3.91,7.25,6.882236,1.021,13.44137
1971-07,16.59205,43793000000.0,41.8419,4.4375,7.41,6.858804,1.021,13.35966
1971-08,16.75007,44669000000.0,42.99981,4.545,7.34,6.80887,1.013,13.40052
1971-09,16.67106,44696000000.0,43.26909,4.796,7.0,6.708724,1.013,13.56394
1971-10,16.75007,45526000000.0,43.45995,5.155,6.82,6.146904,1.004,13.6865
1971-11,16.75007,45736000000.0,43.17366,4.605,6.66,6.175706,1.004,13.72736
1971-12,16.82907,45905000000.0,43.78167,4.396,6.54,6.90797,0.999,13.93164
1972-01,16.908079999999998,47509000000.0,44.04622,4.0625,6.66,7.524327,1.006,13.97249
1972-02,16.98709,47485000000.0,43.50294,4.4975,6.87,7.77518,1.005,14.01335
1972-03,17.0661,48064000000.0,44.00748,5.256,7.07,7.585698,0.998,14.13591
1972-04,17.14511,49035000000.0,45.15075,5.7525,7.32,7.665201,0.996,14.29933
1972-05,17.14511,49636000000.0,44.8295,6.018,7.33,7.876441,0.989,14.34019
1972-06,17.14511,50479000000.0,45.28491,5.515,7.39,7.701256,0.979,14.34019
1972-07,17.38214,50677000000.0,45.48616,4.98,7.48,7.87958,0.984,14.4219
1972-08,17.54016,50302000000.0,45.56978,4.836,7.46,8.294042,0.982,14.54446
1972-09,17.61917,51249000000.0,46.69462,5.025,7.48,8.141661,0.983,14.66703
1972-10,17.61917,52403000000.0,47.57521,5.025,7.34,7.927561,0.983,14.7896
1972-11,17.61917,51920000000.0,48.15629,5.124,7.18,8.276258,0.987,14.87131
1972-12,17.698179999999997,53134000000.0,48.40998,5.085,7.12,8.5541,0.997,15.07558
1973-01,17.8562,53836000000.0,48.83327,5.116,7.12,8.695252,0.998879272772727,15.15729
1973-02,18.01422,54708000000.0,50.28266,4.9375,7.18,8.717639,0.99538554245,15.19815
1973-03,18.01422,55071000000.0,50.89067,5.1025,7.3,8.641692,0.996455019181818,15.36157
1973-04,18.25125,55867000000.0,50.49478,5.5825,7.34,8.35611,1.00081306128571,15.48413
1973-05,18.33026,56052000000.0,50.61713,6.35,7.58,8.043677,1.00036512513043,15.6067
1973-06,18.48828,57120000000.0,50.99318,7.085,7.76,8.013062,0.998213813380952,15.72927
1973-07,18.72531,58492000000.0,51.93661,7.705,7.75,8.552844,0.999192505954545,15.72927
1973-08,18.96234,58604000000.0,50.51084,8.31,7.8,8.340837,1.00368955343478,15.64756
1973-09,19.04135,59714000000.0,51.01113,8.8025,7.82,8.720079,1.0075902521,16.05611
1973-10,19.12036,61003000000.0,51.56434,9.35,7.63,9.200445,1.00108679743478,16.26038
1973-11,19.27838,62773000000.0,52.19172,9.35,7.37,8.247176,0.998604053727273,16.21953
1973-12,19.35739,64506000000.0,52.02495,9.925,7.69,8.283511,0.999092124714286,16.50552
1974-01,19.51541,65542000000.0,52.7487,9.468,7.74,8.343905,0.991298543434783,16.66894
1974-02,19.67343,67071000000.0,52.75012,8.745,7.73,8.660104,0.97629432085,16.70979
1974-03,19.91046,68578999999.99999,52.9868,8.9075,7.92,8.472505,0.971764905190476,16.95492
1974-04,20.06848,69605000000.0,52.04951,10.4175,8.59,7.67078,0.967143299954546,17.20005
1974-05,20.46352,71618000000.0,52.67973,11.782,8.87,7.195297,0.962006457391304,17.44519
1974-06,20.62154,72156000000.0,51.95834,11.375,9.26,7.038313,0.96617792855,17.56775
1974-07,20.77956,74018000000.0,51.70512,11.648,9.66,7.37118,0.975161070565217,17.93545
1974-08,21.01659,75217000000.0,51.64654,11.805,9.73,6.415191,0.979646669227273,18.13972
1974-09,21.17461,76476000000.0,50.98326,11.54,9.76,5.908255,0.986209551428571,18.54828
1974-10,21.41164,76702000000.0,50.91098,10.752,9.42,6.246631,0.982895454608696,18.95683
1974-11,21.56966,77408000000.0,49.99448,9.795,8.92,5.930642,0.986831897809524,19.03854
1974-12,21.80669,78141000000.0,49.87779,10.4175,8.84,5.826172,0.987729701227273,19.24282
1975-01,21.80669,79182000000.0,48.18652,8.476,8.42,6.831675,0.994373793217391,19.48795
1975-02,22.04372,80059000000.0,48.21912,6.895,8.2,7.018089,1.00045997205,19.73308
1975-03,22.12273,80735000000.0,47.39144,6.77,8.26,6.901415,1.00018857757143,20.05992
1975-04,22.28075,80975000000.0,47.82465,7.094,8.73,7.033432,1.01093452627273,20.2642
1975-05,22.51778,81255000000.0,46.70596,7.51,8.81,7.188044,1.02828586095455,20.46847
1975-06,22.75481,82868000000.0,47.35601,7.2825,8.8,7.359533,1.0259937217619,20.7136
1975-07,23.07084,83420000000.0,48.01126,7.484,9.06,7.334287,1.03046278334783,20.7136
1975-08,23.30787,84582000000.0,47.64655,8.355,9.41,7.24523,1.03508508766667,20.75446
1975-09,23.38688,86022000000.0,47.87992,8.94,9.7,6.809149,1.02646146036364,20.99959
1975-10,23.5449,87021000000.0,47.42215,8.888,9.54,6.492253,1.02474171173913,21.40814
1975-11,23.78193,87163000000.0,48.49643,9.1725,9.45,6.840114,1.01381207705,21.57157
1975-12,23.86094,89286000000.0,49.3964,9.418,9.54,6.649934,1.01365795995455,21.8167
1976-01,23.93995,90221000000.0,49.3312,9.04,9.39,7.248926,1.00701641742857,22.14354
1976-02,24.09797,91845000000.0,49.65339,8.9075,9.29,7.492666,0.9934553445,22.51123
1976-03,24.17698,94023000000.0,50.42627,9.806,9.47,7.351164,0.985669771086957,22.79722
1976-04,24.25599,96169000000.0,51.04893,9.73,9.33,7.497129,0.983110961636364,23.08321
1976-05,24.41401,97907000000.0,51.71882,9.435,9.33,7.503406,0.979807342666667,23.41005
1976-06,24.57203,99051000000.0,50.98562,9.39,9.32,7.361346,0.973553714454545,23.73689
1976-07,24.73005,100318000000.0,51.01917,9.34,9.35,7.323129,0.971842446136364,23.65518
1976-08,24.73005,102273000000.0,51.54213,9.34,9.32,7.310785,0.985326517636364,23.69604
1976-09,24.88807,102293000000.0,51.6711,9.47,9.14,7.174793,0.974823507409091,23.98202
1976-10,25.04609,104383000000.0,50.79523,9.27,9.13,6.901066,0.972449177904762,24.14544
1976-11,25.1251,105678000000.0,51.81189,9.04,9.01,6.416726,0.985016302681818,24.1863
1976-12,25.20411,107176000000.0,51.96542,8.55,8.67,7.054284,1.0185687386087,24.59485
1977-01,25.44114,108571000000.0,52.93956,8.1275,8.5,6.950232,1.01041754090476,24.96255
1977-02,25.59916,109810000000.0,52.25219,7.835,8.57,7.036151,1.02878783242105,25.16683
1977-03,25.9152,111344000000.0,52.33958,7.77,8.76,7.128138,1.05098106030435,25.3711
1977-04,26.07322,112754000000.0,51.9692,7.64,8.8,6.937609,1.05100451761905,25.61623
1977-05,26.38926,115403000000.0,52.58997,7.38,8.81,6.842764,1.04838755019048,25.98393
1977-06,26.46826,115322000000.0,53.12616,7.042,8.74,7.19181,1.05753222390909,26.1065
1977-07,26.7843,116640000000.0,52.82287,7.185,8.72,7.20778,1.06137948931579,26.14735
1977-08,26.7843,118257000000.0,52.96979,7.51,8.67,6.996958,1.07461847430435,26.1065
1977-09,27.02133,120113000000.0,52.74067,7.315,8.57,6.974432,1.07326365638095,26.63761
1977-10,27.25836,121469000000.0,53.10065,7.38,8.69,6.768422,1.09914122131579,26.76018
1977-11,27.41638,121843000000.0,53.25986,7.458,8.73,7.095848,1.1087126313,26.84189
1977-12,27.5744,123277000000.0,53.39544,7.2725,8.76,7.389521,1.09689551880952,26.96446
1978-01,27.73242,124472000000.0,53.49607,7.1675,8.98,6.963064,1.10111639061905,27.04617
1978-02,27.96945,125449000000.0,53.89338,7.2675,9.12,7.013556,1.113002638,27.20959
1978-03,28.20648,127221000000.0,53.6978,7.57,9.15,7.415115,1.12570317227273,27.45472
1978-04,28.28549,129735999999.99998,54.70264,8.3575,9.23,7.54232,1.14082732215,27.45472
1978-05,28.68054,130763000000.0,54.0455,8.172,9.16,7.871909,1.11803688236364,27.69985
1978-06,28.91757,132317000000.0,55.13206,8.3575,9.23,7.853776,1.12104061518182,27.82242
1978-07,29.31261,133628999999.99998,54.31619,8.4475,9.19,8.325424,1.12434846165,27.82242
1978-08,29.39162,135395999999.99998,54.57697,8.942,9.13,8.593363,1.14413305313636,27.94498
1978-09,29.31261,138087000000.0,55.94794,9.27,9.16,8.959146,1.1663383663,28.4761
1978-10,29.70766,139642000000.0,56.13502,9.78,9.3,8.479199,1.18133257680952,28.63952
1978-11,29.86568,143525000000.0,56.6698,10.626,9.55,8.855514,1.17228895704762,28.76209
1978-12,29.94469,145170000000.0,57.55417,10.6075,9.63,9.128892,1.17990884775,28.76209
1979-01,30.10271,147658000000.0,57.46535,10.97,9.83,9.452483,1.18957451268182,29.21149
1979-02,30.49776,149967000000.0,57.55653,11.005,9.91,9.661423,1.1936602294,29.33406
1979-03,30.8138,151152000000.0,57.43134,11.11,9.92,10.22638,1.17349009631818,29.57919
1979-04,31.05083,153602000000.0,57.06332,11.24,9.76,10.35149,1.1458425067619,29.90603
1979-05,31.36687,156212000000.0,58.03604,11.286,9.76,10.59809,1.15535860168182,30.15117
1979-06,31.52489,158547000000.0,57.64771,11.19,9.74,11.2867,1.17183104009524,30.27373
1979-07,31.76192,161610000000.0,58.28501,11.2625,9.76,10.8661,1.16388484409524,30.43715
1979-08,31.84093,163055000000.0,58.25761,11.79,10.01,11.82293,1.16964956982609,30.55972
1979-09,32.15697,164703000000.0,58.13761,12.0,10.29,12.21758,1.16506556463158,30.92741
1979-10,32.39399,166746000000.0,58.05021,13.47,10.85,11.01374,1.17552156345455,31.25426
1979-11,32.71003,170581000000.0,57.56126,14.1625,11.12,11.85305,1.17941415304762,31.41768
1979-12,32.86805,172629000000.0,56.81342,14.05,11.2,12.64495,1.16932926775,31.45853
1980-01,33.026070000000004,174153000000.0,57.57779,13.91,11.69,14.14107,1.16376363677273,31.90794
1980-02,33.42112,177122000000.0,56.55122,14.0375,12.61,15.29093,1.15547369678947,32.27563
1980-03,33.65815,179719000000.0,57.20789,14.725,13.22,12.53622,1.17385714966667,32.60248
1980-04,33.89518,182018000000.0,55.93707,16.13,12.56,13.04079,1.18577619952381,32.7659
1980-05,34.29023,184618000000.0,54.55807,12.975,11.4,13.75073,1.17332857557143,32.80676
1980-06,34.68528,187166000000.0,54.21368,11.6375,11.28,14.37574,1.15145714504762,33.17445
1980-07,34.92231,189401000000.0,54.70027,11.03,11.6,15.3244,1.15257727563636,33.37873
1980-08,35.31736,189118000000.0,54.44611,10.5625,12.38,15.46828,1.15908572228571,33.50129
1980-09,35.554390000000005,190468000000.0,55.69944,10.7625,12.59,15.76139,1.16434545413636,34.27754
1980-10,35.87042,192701000000.0,56.34383,11.67,12.76,15.62268,1.16940455009091,34.72695
1980-11,36.34448,194956000000.0,56.45343,13.0875,13.03,16.75302,1.18672353388235,34.84952
1980-12,36.5025,197235000000.0,56.90412,17.02,12.94,15.82179,1.19677726786364,35.09465
1981-01,37.05557,201431000000.0,56.28052,17.0125,12.82,15.5286,1.19100952709524,35.46235
1981-02,37.45062,206171000000.0,56.62114,17.475,13.3,15.19985,1.19852221666667,35.91175
1981-03,37.92468,205457000000.0,56.49925,16.9625,13.37,16.27077,1.19110454209091,36.27945
1981-04,38.16171,206677000000.0,57.67889,17.22,14.25,16.08491,1.19135238438095,36.688
1981-05,38.47775,206891000000.0,56.78223,18.975,15.34,16.53675,1.2006950021,37.13741
1981-06,39.10983,210709000000.0,57.12521,19.25,14.76,16.46639,1.20411428380952,37.38254
1981-07,39.42586,213505000000.0,57.18143,19.66,15.89,15.71857,1.21239546213636,37.09655
1981-08,39.7419,218048000000.0,55.02861,22.0125,16.45,15.18025,1.22253809652381,37.46425
1981-09,40.05794,219262000000.0,56.38729,20.54,17.0,13.13486,1.20071428157143,37.46425
1981-10,40.45299,219024000000.0,55.5648,18.7875,16.76,12.85033,1.20219999013636,39.01675
1981-11,40.76903,215947000000.0,54.52406,16.6125,14.93,14.0322,1.18731000415,39.18017
1981-12,40.92705,218795000000.0,54.84814,16.0,15.0,13.62876,1.18476362122727,39.54787
1982-01,41.24309,217448000000.0,54.06439,15.025,15.82,12.46181,1.192569983,40.28326
1982-02,41.71714,216581000000.0,54.13762,15.325,15.66,11.65583,1.21422630857895,40.48754
1982-03,42.27021,218327000000.0,53.48095,15.74,14.95,11.07344,1.22032608665217,40.93695
1982-04,42.50724,219307000000.0,51.99235,15.7375,14.93,10.79685,1.22493808604762,41.3455
1982-05,43.06031,219752000000.0,52.39816,15.5375,14.7,10.62606,1.2333249927,41.50892
1982-06,43.53437,220653000000.0,51.49064,16.88,15.96,9.531986,1.274881818,41.75405
1982-07,43.7714,221059000000.0,50.46218,16.2625,16.1625,9.846511,1.26908180927273,42.04004
1982-08,43.92942,222928000000.0,51.41458,14.7625,14.9625,11.2512,1.24456818527273,42.12175
1982-09,44.16645,223386000000.0,50.80658,13.61,13.926,11.17233,1.23392381557143,42.48944
1982-10,44.482490000000006,224045000000.0,49.85464,12.0125,12.735,12.37206,1.22944499855,42.898
1982-11,44.71952,224643000000.0,50.67949,11.05,11.77,12.82027,1.2260000168,43.10228
1982-12,44.71952,224280000000.0,50.32045,10.56,11.648,13.65554,1.23802173134783,43.38826
1983-01,44.64051,225749000000.0,51.24971,9.8875,11.365,14.16736,1.2285142852381,42.77543
1983-02,44.87754,226329000000.0,51.29459,9.75,11.4325,14.57812,1.22721053421053,42.85714
1983-03,45.35159,225865000000.0,51.64276,9.37,11.186,15.03624,1.2259045405,43.10228
1983-04,45.35159,225143000000.0,52.48792,9.3625,11.0675,16.32468,1.23190475080952,43.3474
1983-05,45.4306,224476000000.0,52.82003,9.225,10.71,16.88148,1.22917272277273,43.3474
1983-06,45.90466,223878000000.0,54.44422,9.35,11.046,17.06503,1.23200453954545,43.42912
1983-07,46.14169,224295000000.0,54.44233,9.35,11.5675,17.27878,1.2324100018,43.46997
1983-08,46.37872,225453000000.0,55.82133,9.44,11.79,17.31693,1.23366956621739,43.38826
1983-09,46.37872,226508000000.0,56.95184,9.325,11.77,17.43193,1.23243635886364,43.91938
1983-10,46.69476,226882000000.0,56.44445,9.3,11.5475,16.46604,1.23189999455,44.20536
1983-11,46.69476,226847000000.0,57.20552,9.38,11.516,17.72002,1.23689473289474,44.4505
1983-12,46.77377,227632000000.0,58.93979,9.85,11.785,17.79995,1.24677144338095,44.65477
1984-01,47.08981,227764000000.0,58.56562,9.8375,11.7175,17.21783,1.24845453831818,45.22675
1984-02,47.32684,227801000000.0,58.36768,9.83,11.872,16.87576,1.24785262663158,44.98162
1984-03,47.40585,229131000000.0,59.2034,10.35,12.8425,16.61263,1.27001361959091,45.22675
1984-04,47.56387,230502000000.0,60.97734,10.7,13.235,16.20284,1.27982000695,45.51273
1984-05,47.56387,232353000000.0,61.7266,11.43,13.64,15.55015,1.29183635927273,45.47188
1984-06,47.87991,234664000000.0,61.73652,11.775,13.6675,15.48871,1.30442856614286,45.47188
1984-07,48.03793,236718000000.0,62.64168,12.9125,13.73,14.92417,1.32364761252381,45.59444
1984-08,48.03793,236962000000.0,62.70498,12.38,12.912,16.65943,1.30316956665217,45.47188
1984-09,48.11694,237930000000.0,61.65148,12.175,12.7675,16.68621,1.31484735631579,46.00299
1984-10,48.27496,240434000000.0,62.91049,11.95,12.544,16.4115,1.31943913652174,45.92128
1984-11,48.51198,239516000000.0,62.71065,10.9875,11.93,16.51806,1.3171899975,46.32984
1984-12,48.51198,242621000000.0,62.78907,10.3375,11.6625,16.73977,1.31994499575,46.4524
1985-01,48.74901,243686000000.0,63.31535,9.67,11.406,18.09773,1.3236238162381,46.73839
1985-02,49.06505,245349000000.0,64.10288,10.575,11.855,18.09724,1.35348420384211,46.98352
1985-03,49.14406,245780000000.0,64.42507,11.3,12.16,18.22159,1.38336191852381,47.10609
1985-04,49.38109,247396000000.0,63.93328,10.1625,11.545,18.3785,1.36520952280952,47.14694
1985-05,49.53911,249071000000.0,64.38775,9.75,11.074,19.08287,1.37583182077273,47.14694
1985-06,49.776140000000005,249825000000.0,64.31405,9.4875,10.515,18.91682,1.368260014,47.02438
1985-07,50.01317,251090000000.0,64.49735,9.26,10.594,19.3778,1.35240868886957,47.06523
1985-08,50.01317,252401000000.0,64.69104,9.1125,10.595,19.66638,1.35924545740909,47.06523
1985-09,50.09218,254071000000.0,64.93245,9.0625,10.7925,18.35716,1.37037499545,47.47379
1985-10,50.2502,255551000000.0,65.52251,8.71,10.668,18.65418,1.36646955434783,47.80062
1985-11,50.40822,257320000000.0,65.60423,8.825,10.0175,19.92581,1.37676000015,48.08661
1985-12,50.64524,258806000000.0,65.68218,9.2375,9.72,20.22862,1.39554761695238,48.49517
1986-01,50.88227,262081000000.00003,66.04075,10.16,10.042,19.82664,1.40713182890909,48.41346
1986-02,51.1193,263541000000.0,65.64486,11.725,9.9675,19.9164,1.3997799814,48.53602
1986-03,51.27732,266648000000.00003,64.49404,11.025,9.4025,21.25142,1.40148421336842,48.49517
1986-04,51.27732,269700000000.0,65.02599,9.55,8.848,21.47201,1.38741817781818,48.33175
1986-05,51.59336,267397000000.0,63.66258,8.575,8.9325,21.77244,1.37640951933333,48.49517
1986-06,51.67237,267918000000.0,63.41834,8.7,9.12,21.5181,1.38987143266667,48.45431
1986-07,52.06742,269851000000.0,63.87848,8.47,8.872,20.47083,1.38059999647826,48.49517
1986-08,52.14643,272142000000.0,63.30449,8.5125,8.825,21.1185,1.38840477238095,48.20918
1986-09,52.14643,274030000000.0,63.58983,8.35,9.0025,20.77747,1.3875095277619,48.78115
1986-10,52.46247,277703000000.0,63.51519,8.44,9.166,21.19305,1.38851739526087,49.14885
1986-11,52.6995,281378000000.0,63.37866,8.3875,8.9025,21.24821,1.3863900006,49.43484
1986-12,52.77851,285662000000.0,64.50018,8.36,8.666,21.38337,1.37986189980952,49.76168
1987-01,52.93653,287671000000.0,65.16724,7.925,8.33,23.35469,1.36001427395238,50.04766
1987-02,53.17356,292007000000.0,65.3085,7.4375,8.4575,24.40134,1.334194748,50.08852
1987-03,53.33158,294108000000.0,65.73793,7.175,8.2825,26.07885,1.31926818872727,50.12938
1987-04,53.64762,297055000000.0,65.42613,7.62,8.828,25.92034,1.32018638190909,50.2928
1987-05,53.96366,299843000000.0,65.46912,8.25,9.5925,25.70066,1.34147999885,50.21109
1987-06,54.12167,302536000000.0,66.23681,8.4625,9.3325,26.08387,1.33860453690909,49.9251
1987-07,54.43771,304406000000.0,66.95678,8.64,9.574,28.10743,1.32600434973913,49.88424
1987-08,54.51671999999999,305215000000.0,67.71313,9.1375,10.095,27.85114,1.32516666247619,50.04766
1987-09,54.51671999999999,307013000000.0,68.0854,9.36,10.722,27.21491,1.31573808752381,50.7422
1987-10,54.67474,309466000000.0,68.78033,9.1625,10.4375,21.05622,1.30970908831818,50.94648
1987-11,54.91177,306319000000.0,69.34203,8.775,9.875,20.77077,1.3166100085,51.06905
1987-12,54.99078000000001,308821000000.0,70.03461,8.97,10.122,22.03801,1.30783809366667,51.15076
1988-01,55.06979,309899000000.0,70.59821,8.7125,9.715,21.32088,1.28548501135,51.72273
1988-02,55.30682,311593000000.0,70.80937,8.55,9.2,22.3503,1.2666349947,51.64102
1988-03,55.62286,314991000000.0,71.40227,8.59,9.422,23.11019,1.25013913278261,51.88615
1988-04,55.78088,318637000000.0,71.27377,8.8625,9.6925,23.29137,1.23557618690476,52.04957
1988-05,56.09692,321778000000.0,71.79012,9.0375,9.9425,22.65988,1.23797273645455,51.88615
1988-06,56.25494,326927000000.0,71.40085,9.37,9.722,24.00069,1.21700000227273,52.21299
1988-07,56.570980000000006,330722000000.0,70.98512,9.4125,9.9,23.54913,1.20768001065,52.00872
1988-08,56.64999,336077000000.0,71.02007,9.91,10.242,22.91512,1.22440869395652,52.00872
1988-09,56.729,338360000000.0,71.49155,10.475,10.15,22.90041,1.22601363881818,52.94839
1988-10,57.04504,340298000000.0,70.85378,10.4375,9.8475,23.68016,1.21048095680952,53.31608
1988-11,57.12405,343300000000.0,70.39034,10.85,10.02,22.97691,1.21748571733333,53.15266
1988-12,57.12405,345363000000.0,71.35361,11.1125,10.1175,23.6416,1.1953904742381,53.15266
1989-01,57.44008,348591000000.0,71.11645,11.2875,10.1271428571429,25.22224,1.1915952307619,54.25575
1989-02,57.83513000000001,350475000000.0,71.84728,11.5625,10.2555,24.91176,1.18927894747368,54.25575
1989-03,58.15116999999999,355836000000.0,71.44195,12.21,10.5631818181818,24.9543,1.19513635740909,54.50089
1989-04,58.30919,358439000000.0,71.87185,12.475,10.326,25.30042,1.1882049977,54.62345
1989-05,58.94127,362924000000.0,71.18211,12.402,9.900454545454553,25.85548,1.19305651604348,54.54174
1989-06,59.1783,366853000000.0,70.64119,12.3125,9.43272727272727,26.22837,1.19831817813636,54.66431
1989-07,59.57335,369541000000.0,70.07618,12.225,9.3245,27.69213,1.18905000095,54.70516
1989-08,59.65236,373921000000.0,70.19665,12.292,9.35090909090909,27.96691,1.175782608,55.23628
1989-09,59.73137,377193000000.0,70.38609,12.3275,9.5465,27.49896,1.1825200021,55.84911
1989-10,59.9684,380640000000.0,69.53526,12.33,9.4905,27.32879,1.17501364513636,56.05338
1989-11,60.12642,385947000000.0,70.24908,12.352,9.488571428571428,27.49686,1.17011904142857,56.42108
1989-12,60.12642,390101000000.0,71.02102,12.345,9.581052631578952,27.68509,1.1610700072,56.46194
1990-01,60.60048,393274000000.0,69.42423,12.244,9.837727272727268,25.83497,1.1718909145,56.78878
1990-02,60.99551999999999,395545000000.0,69.78564,12.8425,10.283,25.71154,1.19653157805263,56.9522
1990-03,61.23255,397280000000.0,70.12625,13.3575,10.8059090909091,25.38237,1.18080454522727,57.48332
1990-04,61.23255,401024000000.0,69.58864,13.515,11.5185,23.29995,1.163864994,57.60588
1990-05,61.54859,404247000000.0,69.7365,13.76,11.145,24.9806,1.17437272186364,57.85101
1990-06,61.78562,405656000000.0,69.83949,13.8175,10.74,24.71566,1.17288570185714,57.81016
1990-07,62.02265,408552000000.0,69.90327,13.675,10.6542857142857,24.83561,1.1568000032381,57.72845
1990-08,62.10166,411134000000.0,68.84032,13.256,10.705,23.33691,1.14542174343478,57.6876
1990-09,62.25968,413872000000.0,67.63801,12.755,10.9794736842105,22.03348,1.15792632094737,58.137
1990-10,62.81275,416176000000.0,67.67014,12.578,11.1827272727273,21.48853,1.15996521456522,58.87239
1990-11,63.20779,418496000000.0,66.90056,12.405,10.6185714285714,21.97559,1.16402272731818,59.24009
1990-12,63.128780000000006,421678000000.0,66.36436,12.05,10.2547368421053,22.71274,1.1602849901,59.73035
1991-01,64.78799000000001,424640000000.0,66.70356,11.366,10.1163636363636,22.82572,1.15626817945455,61.11943
1991-02,64.78799000000001,427173000000.0,65.54471,10.52,9.551,24.14637,1.1546149969,61.69141
1991-03,65.02502,429564000000.0,65.59007,9.9575,9.621,24.37881,1.15710999375,62.22253
1991-04,65.02502,431102000000.0,65.62644,9.7075,9.52045454545454,24.19191,1.15406363118182,62.22253
1991-05,65.34106,433996000000.0,66.11823,9.198,9.58181818181818,24.731,1.14973180390909,62.09996
1991-06,65.6571,433590000000.0,66.45932,8.8325,9.9265,24.17043,1.1439649999,62.0591
1991-07,65.73611,433162000000.0,66.64262,8.76,9.97772727272727,24.68525,1.14965455640909,61.81397
1991-08,65.81512,432325000000.0,66.55522,8.7225,9.741428571428568,24.53357,1.14511903690476,61.81397
1991-09,65.6571,434731000000.0,66.82592,8.59,9.441,23.62688,1.1370450079,62.4268
1991-10,65.57809,437868000000.0,66.53585,8.366,9.00681818181818,24.51871,1.1281782646087,62.71279
1991-11,65.81512,439219000000.0,66.19807,7.8475,8.5735,24.04972,1.13111905252381,62.83535
1991-12,65.49908,441320000000.0,65.49747,7.455,8.4135,24.495,1.1469095207619,63.6116
1992-01,65.81512,443159000000.0,66.41869,7.31,8.14045454545455,25.07914,1.1573045525,63.65246
1992-02,65.81512,445301000000.0,66.35302,7.2525,8.387,24.98025,1.18278947,64.26529
1992-03,66.05215,448832000000.0,66.29775,7.54,8.745,23.79607,1.19279545004545,64.46957
1992-04,66.13116,448982000000.0,66.90245,7.118,8.78857142857143,23.40149,1.18780000995238,64.67384
1992-05,66.21016999999999,449729000000.0,66.55522,6.6175,8.545,23.62723,1.1996649921,64.30614
1992-06,66.36819,452198000000.0,66.79285,6.0325,8.23863636363636,23.62563,1.19601817022727,63.9793
1992-07,66.52620999999999,455478000000.0,66.12862,5.574,7.72681818181818,24.01422,1.19031817813636,63.73417
1992-08,66.52620999999999,457307000000.0,66.57884,5.1725,7.2935,23.73177,1.19117619295238,64.10187
1992-09,66.52620999999999,458884000000.0,66.94969,5.038,7.47428571428571,22.99923,1.22249046961905,64.42871
1992-10,66.60521999999999,461618000000.0,67.75423,7.6375,7.67809523809524,23.26591,1.24529545427273,64.63298
1992-11,66.92126,466163000000.0,67.93327,6.9325,7.856,22.89427,1.26889524585714,64.91897
1992-12,66.92126,466303000000.0,68.09295,7.9,7.86142857142857,23.36578,1.27198635436364,65.5318
1993-01,67.15828,467765000000.0,68.21956,6.9925,7.969,23.05216,1.2778350056,65.8995
1993-02,67.39531,470401000000.0,69.21212,6.395,7.6585,24.07189,1.26056317278947,66.34891
1993-03,67.3163,472341000000.0,69.91981,5.61,7.44391304347826,25.12321,1.24701817459091,66.2672
1993-04,67.3163,472204000000.0,69.60612,5.275,7.46857142857143,26.42713,1.26218094714286,66.10378
1993-05,67.47431999999999,472775000000.0,69.24188,5.325,7.566,27.07759,1.26957223144444,65.69522
1993-06,67.47431999999999,473616000000.0,69.63541,4.88,7.45545454545455,27.66124,1.27926817790909,65.69522
1993-07,67.63234,474943000000.0,69.18188,4.4725,7.20380952380952,27.66724,1.28233635968182,65.49094
1993-08,67.71135,474999000000.0,70.12011,4.3075,6.95428571428571,28.85504,1.30840908940909,65.36838
1993-09,67.71135,477011000000.0,71.03,4.786,6.88142857142857,27.83029,1.32151818804545,65.94035
1993-10,67.86936999999999,479090000000.0,71.04889,4.7375,6.7975,29.6779,1.32572380128571,65.94035
1993-11,68.18541,478513000000.0,71.25109,4.3625,6.84904761904762,29.15255,1.31694089822727,65.81779
1993-12,68.02739,479717000000.0,70.6171,4.092,6.69333333333333,30.13741,1.33099091581818,66.14463
1994-01,68.02739,482918000000.0,71.35077,3.8725,6.464,31.76527,1.31782857009524,66.67574
1994-02,67.47431999999999,482311000000.0,71.54729,3.805,6.7065,30.85161,1.34214500185,67.28857
1994-03,67.47431999999999,482142000000.0,72.5408,4.206,7.46565217391304,30.19453,1.36529565891304,67.49285
1994-04,67.47431999999999,486424000000.0,73.04913,5.8875,8.08,29.75865,1.3822600007,66.96173
1994-05,67.3163,488170000000.0,73.74925,6.285,8.44047619047619,30.17465,1.38109998263636,66.83916
1994-06,67.47431999999999,491963000000.0,74.70686,6.394,8.99863636363636,28.07187,1.38333637063636,66.96173
1994-07,67.71135,495759000000.0,74.68938,6.3625,9.1455,29.1439,1.38206665857143,66.67574
1994-08,67.79035999999999,499334000000.0,75.34084,5.68,8.89636363636364,30.33317,1.37800435917391,66.06292
1994-09,67.86936999999999,500904000000.0,75.99798,5.6425,8.90285714285714,30.36581,1.35374286628571,66.7166
1994-10,67.71135,501372000000.0,75.74287,5.44,9.062,29.92973,1.35014285928571,66.96173
1994-11,68.1064,502511000000.0,76.63953,5.68,9.151428571428568,28.54721,1.36511904309524,67.49285
1994-12,68.18541,504205000000.0,77.83948,6.5975,9.065,29.38548,1.38985714457143,67.94226
1995-01,68.42244000000001,505586000000.0,78.67034,7.838,9.349523809523808,28.01768,1.4131150008,67.69713
1995-02,68.73848000000001,505616000000.0,78.68018,8.118,8.9015,28.76619,1.39968000655,67.73798
1995-03,68.8965,508602000000.0,78.11946,8.314782609,8.64217391304348,30.08287,1.40722609073913,67.61542
1995-04,69.13353000000001,511274000000.0,77.95197,8.148421053,8.41684210526316,29.84478,1.37580000094737,67.61542
1995-05,69.29155,514047000000.0,77.87333,7.561363636,8.06045454545455,31.02456,1.36069544886364,67.57456
1995-06,69.29155,517061000000.00006,77.73061,7.047727273,7.85818181818182,31.57209,1.37761364731818,67.57456
1995-07,69.44955999999999,520458000000.0,77.48484,6.666,8.076,32.1851,1.36101000905,67.32943
1995-08,69.29155,523095000000.0,77.65669,6.586818182,8.26409090909091,31.49921,1.35551739782609,68.02397
1995-09,69.37055,525577000000.0,77.41093,6.6875,7.9285,31.59022,1.35045999885,68.02397
1995-10,69.29155,525376000000.0,77.3716,6.697619048,7.72095238095238,31.09793,1.34601363804545,68.10568
1995-11,69.52857,529816000000.00006,77.56821,6.008095238,7.47380952380952,32.50681,1.35322858033333,68.30995
1995-12,69.37055,531128000000.00006,77.20412,5.895263158,7.24947368421053,32.87196,1.36952499755,69.29048
1996-01,69.52857,534228000000.0,77.95707,5.546818182,7.09181818181818,34.64955,1.3669045405,68.59594
1996-02,69.60758,539118000000.00006,77.93741,5.222857143,7.24047619047619,34.40749,1.37568570885714,68.96364
1996-03,69.92362,540003000000.00006,77.44552,5.214761905,7.62190476190476,34.66629,1.36566190495238,68.84107
1996-04,70.08164000000001,541473000000.0,77.83874,5.008571429,7.69952380952381,35.89119,1.35965501075,68.59594
1996-05,70.31867,545542000000.0,78.23233,4.809090909,7.76818181818182,36.5881,1.36921364072727,69.73989
1996-06,70.31867,547095000000.0,78.42421,4.849,7.8095,35.17706,1.3653399824,70.55699
1996-07,70.31867,547385000000.0,79.22122,4.732727273,7.71181818181818,34.37561,1.36922608769565,69.8216
1996-08,70.31867,549041000000.00006,79.49174,4.267619048,7.30571428571429,35.86999,1.37214090909091,70.39357
1996-09,70.39768000000001,549298000000.0,79.47208,4.0785,7.3385,36.89962,1.36942,70.88383
1996-10,70.5557,553899000000.0,79.22122,3.516818182,6.64454545454545,39.04586,1.35040434782609,70.84298
1996-11,70.87174,555597000000.0,80.46098,3.0195,6.135,41.95992,1.3386,71.3741
1996-12,70.87174,558040000000.0,79.11782,3.1225,6.392,41.33477,1.36317142857143,71.25153
1997-01,71.02976,559121000000.0,80.64236,3.152727273,6.63272727272727,42.60787,1.34901818181818,70.47528
1997-02,71.18778,564047000000.0,81.53017,3.116,6.3035,42.94443,1.35615,71.16982
1997-03,71.26679,569036000000.0,81.04134,3.2175,6.5395,40.7991,1.37290952380952,70.76127
1997-04,71.26679,568401000000.0,82.15816,3.460454545,6.78454545454545,41.68068,1.39485454545455,70.271
1997-05,71.3458,568636000000.0,82.29134,3.321904762,6.57333333333333,44.50854,1.3803,71.29239
1997-06,71.50381999999999,569771000000.0,81.59661,3.265238095,6.27142857142857,44.89643,1.38419523809524,69.90331
1997-07,71.50381999999999,569157000000.0,83.61976,3.531818182,5.96318181818182,47.96455,1.37749047619048,69.57647
1997-08,71.58283,573735000000.0,83.43552,3.638,5.9945,46.11025,1.39095263157895,69.73989
1997-09,71.58283,576499000000.0,83.29949,3.626666667,5.87619047619048,49.09817,1.386925,69.16792
1997-10,71.58283,580374000000.0,84.27513,3.799545455,5.60909090909091,47.71824,1.38781904761905,70.31186
1997-11,71.50381999999999,582446000000.0,84.3758,3.994736842,5.50315789473684,45.41976,1.41371111111111,70.80212
1997-12,71.42481,589295000000.0,84.65187,4.567142857,5.66571428571429,46.72152,1.425685,72.15034
1998-01,71.81985,587930000000.0,84.02958,4.651904762,5.36047619047619,46.72682,1.44196111111111,72.15034
1998-02,71.89886,586577000000.0,85.06425,4.9775,5.434,49.46263,1.43461052631579,71.70094
1998-03,71.97787,585540000000.0,85.90243,4.874090909,5.42727272727273,52.71255,1.41617,72.39548
1998-04,71.89886,585146000000.0,85.5257,4.898095238,5.31238095238095,53.45521,1.42968333333333,72.59975
1998-05,72.13589,589420000000.0,84.84266,5.02,5.387,52.9307,1.44513157894737,71.98692
1998-06,72.2149,594174000000.0,84.79047,5.016818182,5.31863636363636,51.37627,1.4663380952381,72.72232
1998-07,72.2149,594161000000.0,83.46661,5.051363636,5.34772727272727,48.3394,1.48775454545455,71.90521
1998-08,72.2149,594690000000.0,85.61011,5.3055,5.565,38.57086,1.53346315789474,70.80212
1998-09,72.05688,595663000000.0,85.8531,5.60047619,5.24666666666667,39.15256,1.5209380952381,71.08811
1998-10,72.37291999999998,600562000000.0,86.02706,5.275238095,4.90809523809524,43.2962,1.54374285714286,71.33324
1998-11,72.37291999999998,597535000000.0,86.2689,5.147,5.169,44.24179,1.53989,71.3741
1998-12,72.13589,607467000000.0,87.63554,5.002857143,4.87238095238095,45.23258,1.5422380952381,72.35462
1999-01,72.29390999999998,598861000000.0,88.61232,5.0045,4.9465,46.93157,1.51852777777778,72.64061
1999-02,72.37291999999998,599133000000.0,88.52818,5.0335,5.124,44.02435,1.497515,72.88574
1999-03,72.68895999999998,601635000000.0,88.19736,5.057391304,5.2204347826087,46.01262,1.51751739130435,72.31377
1999-04,73.08400999999996,606551000000.0,88.7358,4.716666667,5.02952380952381,48.92012,1.48721904761905,72.27291
1999-05,73.24203,609241000000.0,88.5704,4.6155,5.3595,47.71433,1.46264,72.59975
1999-06,73.40004999999998,613265000000.0,89.78616,4.815454545,5.58090909090909,48.88783,1.46918636363636,73.7437
1999-07,73.55807,616116000000.0,90.29751,4.792857143,5.49095238095238,49.38271,1.48905238095238,73.62114
1999-08,73.71609000000002,619559000000.0,91.15993,4.924761905,5.75571428571429,48.61404,1.49107142857143,72.72232
1999-09,73.95312,619129000000.0,92.3737,4.83047619,5.72142857142857,48.52275,1.47671058433333,71.86436
1999-10,74.03213000000001,627772000000.0,91.86008,5.014,6.0895,50.60447,1.47698241838095,72.72232
1999-11,73.95312,632136000000.0,93.03791,5.040952381,6.0347619047619,52.46658,1.46742290214286,72.51804
1999-12,74.03213000000001,636424000000.0,94.48897,5.135238095,6.14,58.67702,1.47260322114286,73.98883
2000-01,73.87411,638821000000.0,94.85088,5.025,6.4915,58.96162,1.4482259902,74.56081
2000-02,74.34816999999998,644670000000.0,94.48497,5.0325,6.33857142857143,64.06229,1.4503407322381,74.88765
2000-03,74.90124,650944000000.0,95.57754,5.108,6.02826086956522,66.82956,1.46035444669565,74.4791
2000-04,74.66420999999998,654043000000.0,95.30861,5.35,5.92421052631579,63.71625,1.4683048305,74.64252
2000-05,74.98025,651726000000.0,96.75567,5.664,6.215,64.83278,1.49478053527273,75.25535
2000-06,75.45430999999996,652790000000.0,97.0825,5.5525,5.89545454545455,69.41068,1.47670108727273,74.68337
2000-07,75.69133999999998,662354000000.0,97.08734,5.6,5.8635,73.68076,1.47802067609524,74.80594
2000-08,75.61233,671594000000.0,98.07182,5.618,5.76636363636364,76.22492,1.48226044134783,74.88765
2000-09,75.92837,674700000000.0,98.03304,5.5725,5.7295,75.42292,1.48519488555,74.56081
2000-10,76.08639000000002,675419000000.0,98.25035,5.5975,5.72333333333333,70.73071,1.51196474963636,74.56081
2000-11,76.32340999999998,677209000000.0,98.24294,5.668,5.72714285714286,64.1326,1.54268092757143,74.4791
2000-12,76.40241999999996,687470000000.0,98.34047,5.52,5.40210526315789,62.87749,1.5224434587,74.88765
2001-01,76.08639000000002,688608000000.0,95.82423,5.236,5.41863636363636,62.43716,1.50279914645455,74.9285
2001-02,76.48143,688060000000.0,95.59893,5.0475,5.43,60.57344,1.52309773135,74.1114
2001-03,76.71845999999998,691345000000.0,94.87511,4.595,5.30136363636364,54.83681,1.55839912240909,74.4791
2001-04,77.27153,688736000000.0,95.19567,4.5025,5.5915,54.41182,1.55817782915,74.88765
2001-05,77.90361,692405000000.0,95.32287,4.34,5.85136363636364,56.81107,1.54102991991304,75.62304
2001-06,77.98261999999998,692133000000.0,94.38544,4.26,5.71809523809524,55.11724,1.52446485914286,76.15416
2001-07,77.74559,693685000000.0,93.07128,4.18,5.80047619047619,53.38261,1.52937082986364,75.01022
2001-08,77.74559,697433000000.0,93.56438,3.936,5.53090909090909,53.01906,1.53889624056522,74.88765
2001-09,77.90361,708790000000.0,92.12987,3.3325,5.30263157894737,48.65707,1.56669978435,74.96936
2001-10,77.50856,709344000000.0,92.40365,2.728,5.23272727272727,48.25816,1.57079018217391,74.72423
2001-11,76.79747,712886000000.0,92.48635,2.1525,5.17714285714286,50.80525,1.59011189368182,75.41877
2001-12,76.95548999999998,717062000000.0,90.68423,2.0,5.40842105263158,52.62984,1.577009054,76.07245
2002-01,77.11350999999999,722393000000.0,93.87352,1.914,5.34363636363636,53.4778,1.59912731042857,75.94988
2002-02,77.58757,726232000000.0,95.14234,2.015,5.321,52.56401,1.5962820821,75.54133
2002-03,78.14064,728619000000.0,94.98776,2.155,5.667,54.83158,1.5861408127619,74.72423
2002-04,78.61468999999998,730673000000.0,96.34328,2.325,5.65863636363636,54.16732,1.58081362195455,74.64252
2002-05,78.77271,730705000000.0,96.2851,2.514,5.59590909090909,53.43659,1.55018139904348,75.82732
2002-06,78.93073000000001,732842000000.0,95.59865,2.69,5.424,50.9911,1.53095145545,76.35844
2002-07,79.40479,741647000000.0,96.59054,2.782,5.29045454545455,46.83861,1.54520627586957,77.91093
2002-08,79.72083,746891000000.0,96.39119,2.83,5.12047619047619,45.99965,1.56880214413636,74.35653
2002-09,79.72083,752508000000.0,95.51366,2.805,4.8855,44.37339,1.5746910927619,75.90903
2002-10,79.95785999999998,752838000000.0,96.15961,2.768,5.12727272727273,42.88111,1.57795724082609,76.93041
2002-11,80.19489,756590000000.0,95.55415,2.7,5.0895,44.99958,1.57156358366667,77.42067
2002-12,79.87885,756657000000.0,94.48725,2.6775,4.9675,46.06395,1.55872269515789,76.93041
2003-01,80.58994,758973000000.0,95.52393,2.716,4.96181818181818,46.8285,1.53997062113636,76.56271
2003-02,81.22202,753746000000.0,95.6765,2.8125,5.012,45.48057,1.51195073345,77.87008
2003-03,81.45905,764347000000.0,95.32201,3.0375,4.99714285714286,44.45478,1.4752132502381,76.93041
2003-04,80.90598,770974000000.0,94.97864,3.196,5.05190476190476,45.23342,1.45712247840909,78.23778
2003-05,80.98498999999998,779812000000.0,95.04024,3.1775,4.67190476190476,46.93018,1.38313513459091,78.52377
2003-06,80.98498999999998,787096000000.0,94.59335,3.0975,4.28809523809524,49.01316,1.35173424066667,79.70856
2003-07,81.06399999999998,794366000000.0,95.62859,2.912,4.68318181818182,49.70874,1.37991292273913,79.586
2003-08,81.30103000000001,791166000000.0,94.34466,2.7775,4.902,51.40766,1.39497838285714,79.79028
2003-09,81.45905,794528000000.0,96.22236,2.6325,4.75714285714286,52.77692,1.36345263422727,80.77081
2003-10,81.22202,798389000000.0,96.76593,2.618,4.81545454545455,53.44719,1.32272553030435,80.44396
2003-11,81.45905,806332000000.0,96.84579,2.7,4.85684210526316,54.52989,1.3119394746,81.05679
2003-12,81.53806,808396000000.0,97.04057,2.624,4.72904761904762,56.14394,1.31215870195238,81.46534
2004-01,81.61707,823069000000.0,96.63817,2.3725,4.58619047619048,59.04029,1.29607889571429,82.11903
2004-02,81.77509,827125000000.0,96.30535,2.195,4.4515,60.53781,1.3286038153,81.83304
2004-03,82.09113,834152000000.0,97.48262,2.038,4.2604347826087,60.08792,1.32795310113043,81.38363
2004-04,82.24915,841398000000.0,97.3038,1.9625,4.61285714285714,60.33731,1.34114026018182,80.52567
2004-05,82.96023000000001,852049000000.0,96.88714,1.97,4.773,57.64899,1.37738823204762,82.36416
2004-06,83.03924,849618000000.0,98.30312,2.008,4.93272727272727,58.80555,1.35804805781818,81.71047
2004-07,82.96023000000001,854785000000.0,97.63833,2.035,4.75,58.76984,1.32242954095455,80.77081
2004-08,82.80221999999996,862088000000.0,98.16451,2.0625,4.63095238095238,57.78826,1.31272423927273,81.79218
2004-09,82.96023000000001,866224000000.0,98.65989,2.346,4.60238095238095,59.22698,1.28748604195455,80.48482
2004-10,83.11825,874882000000.0,98.56549,2.5325,4.55,61.3274,1.24745142552381,82.60929
2004-11,83.43429,880738000000.0,98.57661,2.64,4.48476190476191,62.30326,1.19588253331818,83.34468
2004-12,83.27626999999998,892617000000.0,98.6308,2.466,4.32047619047619,63.72378,1.21794257178261,82.93613
2005-01,83.19726,900394000000.0,99.89876,2.455,4.2605,63.42913,1.22479893166667,84.2435
2005-02,83.5133,913573000000.0,98.89004,2.445,4.205,66.46056,1.23788242865,84.12093
2005-03,83.98735999999998,920564000000.0,97.86107,2.498,4.35818181818182,67.57674,1.21538963243478,83.09955
2005-04,84.22439,929397000000.0,99.10022,2.47,4.19380952380952,66.07714,1.23664066547619,84.32521
2005-05,84.30339999999998,934682000000.0,99.93954,2.46,4.07380952380952,66.05225,1.25387067736364,82.97698
2005-06,84.46142,941652000000.0,99.27932,2.448,3.82818181818182,68.76427,1.24034910831818,84.16179
2005-07,84.61943999999998,949038000000.0,99.5668,2.555,3.8995,71.35077,1.22723169809524,83.05869
2005-08,84.93548,949935000000.0,100.4255,2.68,3.92045454545455,73.67915,1.20497266821739,83.75323
2005-09,85.64655999999998,952377000000.0,100.6023,2.795,3.86857142857143,76.09396,1.17798262236364,85.75514
2005-10,85.25150999999998,956826000000.0,100.6856,2.98,4.047,73.18114,1.178071209,84.73376
2005-11,85.0935,957510000000.0,101.4562,3.206,4.10714285714286,74.94723,1.18123798613636,83.91666
2005-12,85.01449000000001,960509000000.0,102.1369,3.35,4.041,77.82489,1.162057111,83.67152
2006-01,85.48854,965520000000.0,101.7066,3.42,4.02904761904762,81.20816,1.15708621668182,83.42639
2006-02,85.33051999999996,977723000000.0,101.4682,3.63,4.17,82.0852,1.14895882105,83.91666
2006-03,85.80458,989399000000.0,101.6205,3.76,4.1995652173913,83.49017,1.15732184304348,83.83495
2006-04,86.27863999999998,988467000000.0,100.9685,3.96,4.41578947368421,85.70238,1.1438478842,83.5081
2006-05,86.67369000000002,995896000000.0,100.6217,4.126,4.39954545454545,83.03589,1.10922145104348,83.30383
2006-06,86.51567,1002580000000.0,100.0858,4.24,4.44136363636364,79.09191,1.11409280713636,82.15988
2006-07,86.59468000000001,1009267000000.0,100.1249,4.2,4.444,81.2915,1.12894207757143,82.89527
2006-08,86.7527,1016831000000.0,99.41279,4.132,4.25272727272727,83.90303,1.11867327869565,84.32521
2006-09,86.27863999999998,1028695000000.0,97.78236,4.15,4.06857142857143,82.20487,1.11611179271429,84.36607
2006-10,86.12062,1035132000000.0,97.58928,4.1575,4.10666666666667,83.39114,1.128186914,84.20264
2006-11,86.27863999999998,1043284000000.0,97.5117,4.178,3.99952380952381,86.63263,1.1363942235,84.28436
2006-12,86.43666,1054937000000.0,98.51159,4.16,3.96631578947368,89.5492,1.15297758019048,85.87771
2007-01,86.43666,1061888000000.0,98.08437,4.156,4.12181818181818,88.94408,1.17537308947826,85.46915
2007-02,87.06874,1068444000000.0,99.13815,4.18,4.1175,92.10006,1.170706321,85.71429
2007-03,87.77982,1081886000000.0,99.32182,4.1675,4.04590909090909,90.84308,1.16868522513636,86.36797
2007-04,88.17487,1088342000000.0,98.88148,4.1625,4.1715,94.35606,1.1350765572381,87.87962
2007-05,88.56991999999998,1097787000000.0,99.10194,4.19,4.29272727272727,97.1953,1.09477266743478,88.36987
2007-06,88.4119,1104480000000.0,99.376,4.36,4.61285714285714,97.18142,1.06607575242857,88.57415
2007-07,88.49091,1116704000000.0,98.33163,4.4975,4.59,98.91542,1.0512151,88.9827
2007-08,88.25388000000001,1137347000000.0,98.94622,4.262,4.42863636363636,93.57519,1.05838075391304,87.67534
2007-09,88.4119,1158433000000.0,98.41719,3.9975,4.35631578947368,96.61527,1.02635048055,88.00218
2007-10,88.17487,1159337000000.0,97.72588,3.936,4.36272727272727,99.14297,0.975638619304348,90.29007
2007-11,88.4119,1174683000000.0,97.39107,3.9625,4.12142857142857,95.81201,0.967630501181818,90.49435
2007-12,88.49091,1183734000000.0,95.62745,3.8325,4.01578947368421,95.35424,1.0018955773,91.67915
2008-01,88.33289,1197008000000.0,95.38846,3.582,3.84818181818182,92.35126,1.01157569395652,90.78033
2008-02,88.64893000000002,1198525000000.0,95.54075,3.265,3.828,93.07788,1.00021911652381,91.35231
2008-03,88.96496999999998,1217792000000.0,94.67605,2.185,3.509,92.21645,1.00299197842857,92.4554
2008-04,89.67605999999996,1228031000000.0,95.67992,2.404,3.62863636363636,96.87679,1.01619915918182,90.29007
2008-05,90.54517,1243608000000.0,95.40329,2.65,3.62142857142857,102.0274,0.999318181818182,90.00408
2008-06,91.17725,1257467000000.0,96.08775,2.6125,3.76,102.6479,1.01638095238095,90.08579
2008-07,91.49329,1260951000000.0,97.60953,2.368,3.75045454545455,95.26191,1.015,88.57415
2008-08,91.33527,1268455000000.0,96.46905,2.47,3.5915,93.24463,1.05371428571429,88.24731
2008-09,91.41428,1276451000000.0,95.51252,2.1175,3.54095238095238,87.24745,1.05868181818182,87.47106
2008-10,90.46616,1285110000000.0,95.13464,1.556,3.66818181818182,67.9493,1.18052173913043,89.79981
2008-11,90.15012,1292437000000.0,93.35932,1.7825,3.57157894736842,63.07032,1.219,90.9029
2008-12,89.51804,1293688000000.0,90.39704,1.05,2.94571428571429,58.98987,1.2371,87.55277
2009-01,89.28100999999998,1290052000000.0,88.65282,0.8025,2.81238095238095,62.0204,1.22805,85.87771
2009-02,89.91308999999998,1281435000000.0,87.57422,0.7275,2.96052631578947,58.92724,1.24415,86.69481
2009-03,90.07111,1282841000000.0,85.79862,0.4075,2.88590909090909,57.98178,1.26413636363636,87.30764
2009-04,89.99209999999998,1286903000000.0,84.18415,0.324,2.95428571428571,64.32034,1.22409090909091,86.44968
2009-05,90.62418,1283993000000.0,83.43752,0.18,3.202,69.86866,1.15085714285714,84.52949
2009-06,90.94022,1286106000000.0,83.07533,0.225,3.45909090909091,72.33577,1.12617272727273,82.97698
2009-07,90.62418,1291900000000.0,83.16716,0.234,3.42909090909091,71.80637,1.12321739130435,82.44587
2009-08,90.62418,1292380000000.0,82.91876,0.23,3.4645,75.42292,1.08728571428571,83.67152
2009-09,90.62418,1297706000000.0,84.34158,0.22,3.36571428571429,78.41676,1.08104545454545,87.30764
2009-10,90.54517,1300590000000.0,84.34615,0.215,3.4252380952381,78.79231,1.05404545454545,83.71238
2009-11,91.01923,1302616000000.0,85.65403,0.215,3.3925,79.58658,1.0587619047619,84.36607
2009-12,90.70319,1307211000000.0,85.1538,0.198,3.41619047619048,80.86483,1.05469565217391,87.18507
2010-01,90.94022,1309865000000.0,86.09237,0.1725,3.485,81.30677,1.04271428571429,87.10336
2010-02,91.33527,1322003000000.0,87.22543,0.165,3.42368421052632,79.8829,1.05655,88.32902
2010-03,91.33527,1322571000000.0,88.34338,0.228,3.4904347826087,83.45537,1.02304347826087,88.61501
2010-04,91.65131,1339017000000.0,88.16998,0.3375,3.67,84.78104,1.00545454545455,85.10146
2010-05,91.88834000000001,1354646000000.0,90.35541,0.39,3.4455,82.30941,1.0402380952381,88.65586
2010-06,91.80933,1365174000000.0,90.93634,0.522,3.29772727272727,81.45685,1.03809090909091,88.53329
2010-07,92.28338,1375259000000.0,90.96571,0.575,3.1852380952381,80.52513,1.04345454545455,91.06632
2010-08,92.20437,1385797000000.0,90.98967,0.66,2.94952380952381,81.78944,1.04077272727273,90.41264
2010-09,92.36239,1383065000000.0,90.5539,0.85,2.88142857142857,84.8238,1.03286363636364,92.21027
2010-10,92.75744,1392278000000.0,91.3165,0.895,2.766,87.64761,1.01904761904762,90.12665
2010-11,92.83645000000001,1395402000000.0,91.34473,0.9525,3.02238095238095,89.56783,1.01286363636364,91.43402
2010-12,92.83645000000001,1401941000000.0,93.07299,0.994,3.2047619047619,92.64738,1.00769565217391,91.59744
2011-01,93.07348,1412820000000.0,92.85825,0.9625,3.253,93.41709,0.993857142857143,89.79981
2011-02,93.31051,1421289000000.0,92.48236,0.9525,3.41736842105263,97.07018,0.9878,93.1908
2011-03,94.33763,1433739000000.0,93.53471,0.926,3.26652173913043,97.16712,0.976695652173913,92.29198
2011-04,94.65367,1444081000000.0,93.89805,0.965,3.328,97.37599,0.957809523809524,91.88342
2011-05,95.28575,1447791000000.0,92.25392,0.9625,3.15190476190476,95.00018,0.9685,93.51764
2011-06,94.65367,1455444000000.0,92.8283,0.928,2.98772727272727,91.54075,0.977227272727273,91.92428
2011-07,94.81169,1459209000000.0,94.47385,0.9225,2.9385,92.72158,0.955809523809524,91.2706
2011-08,95.04872,1476302000000.0,95.47288,0.874,2.44636363636364,86.53025,0.981652173913043,92.00599
2011-09,95.28575,1494135000000.0,96.11541,0.8725,2.19666666666667,84.74576,1.00181818181818,90.29007
2011-10,95.44377,1492804000000.0,95.47972,0.8625,2.296,83.03756,1.02052380952381,93.51764
2011-11,95.52278,1501111000000.0,95.23417,0.882,2.12238095238095,83.95289,1.02463636363636,92.37369
2011-12,94.96971,1509991000000.0,96.14821,0.83,1.992,82.75748,1.02318181818182,95.07014
2012-01,95.36476,1523634000000.0,96.15933,0.825,1.98,85.88154,1.01304545454545,92.78224
2012-02,95.75981,1526712000000.0,94.07145,0.918,2.021,87.51072,0.996285714285714,93.39507
2012-03,96.15486000000001,1537580000000.0,94.23629,0.915,2.10681818181818,86.92337,0.993454545454545,94.0079
2012-04,96.54991,1546126000000.0,95.08273,0.9825,2.0645,84.62113,0.992761904761905,94.3756
2012-05,96.4709,1554507000000.0,95.02769,0.988,1.92227272727273,81.09511,1.00991304347826,96.29579
2012-06,96.07585,1561319000000.0,94.48126,0.8825,1.74761904761905,80.17008,1.0277619047619,94.25303
2012-07,95.99684,1569569000000.0,94.12335,0.8875,1.65619047619048,81.07572,1.01386363636364,95.76467
2012-08,96.23387,1571921000000.0,93.17595,1.002,1.82681818181818,83.05807,0.992565217391304,95.88724
2012-09,96.39189,1572150000000.0,92.86166,1.0075,1.83789473684211,85.56171,0.9783,96.21408
2012-10,96.54991,1582283000000.0,92.83657,0.976,1.81181818181818,86.0667,0.986478260869565,94.825
2012-11,96.31288,1587366000000.0,93.78397,0.97,1.73809523809524,84.82533,0.996863636363636,93.72191
2012-12,95.75981,1594382000000.0,93.37473,0.945,1.76789473684211,85.765,0.989571428571429,97.64401
2013-01,95.83882,1601575000000.0,94.09569,0.92,1.93136363636364,88.2803,0.991782608695652,94.41645
2013-02,96.94495,1616248000000.0,95.09557,0.9475,1.96789473684211,88.80955,1.01,97.27631
2013-03,97.10297000000001,1622955000000.0,95.68649,0.9625,1.8515,89.09897,1.02409523809524,95.84638
2013-04,96.94495,1634749000000.0,95.02256,0.9825,1.74863636363636,85.77365,1.01863636363636,96.58178
2013-05,97.18198,1645336000000.0,94.82378,0.998,1.90181818181818,87.77636,1.02052380952381,93.59935
2013-06,97.18198,1655703000000.0,94.53516,1.025,2.2445,85.23157,1.031325,96.58178
2013-07,97.26099,1654741000000.0,94.9216,1.012,2.43818181818182,86.92616,1.0402652173913,95.15185
2013-08,97.26099,1672329000000.0,95.75151,0.9925,2.61142857142857,88.02386,1.04047727272727,94.825
2013-09,97.41901,1687279000000.0,96.54491,0.9875,2.698,89.34368,1.03522380952381,94.78415
2013-10,97.18198,1702903000000.0,97.89358,0.924,2.51818181818182,91.01359,1.03667391304348,94.29388
2013-11,97.18198,1722554000000.0,97.56447,0.925,2.5585,93.42351,1.04896666666667,91.35231
2013-12,96.94495,1737570000000.0,96.72771,0.9175,2.6735,93.14001,1.06354090909091,94.41645
2014-01,97.26099,1760453000000.0,97.08991,0.894,2.53409090909091,95.7065,1.09348695652174,91.2706
2014-02,98.05109,1754271000000.0,98.90002,0.87,2.42,97.41881,1.105675,93.06823
2014-03,98.60416,1762973000000.0,99.21972,0.8425,2.45428571428571,99.59733,1.11068571428571,93.43593
2014-04,98.9202,1771667000000.0,100.5188,0.926,2.4447619047619,100.7263,1.09912272727273,95.07014
2014-05,99.39426,1778565000000.0,100.7863,0.925,2.3152380952381,102.0304,1.08870909090909,91.96513
2014-06,99.47327000000001,1788130000000.0,101.6367,0.935,2.29857142857143,104.3338,1.08258095238095,95.1927
2014-07,99.31525,1802844000000.0,101.0467,0.948,2.19454545454545,106.4434,1.0737347826087,95.96895
2014-08,99.31525,1816335000000.0,99.36431,0.95,2.062,107.2668,1.09221428571429,98.01171
2014-09,99.39426,1830195000000.0,101.2682,0.9275,2.18095238095238,107.1606,1.10071363636364,97.97086
2014-10,99.47327000000001,1840314000000.0,102.0788,0.894,2.01045454545455,100.7782,1.12166956521739,98.09342
2014-11,99.07822,1846051000000.0,101.7034,0.9025,2.00315789473684,103.387,1.133365,99.0331
2014-12,98.36713,1851800000000.0,102.1093,0.902,1.85190476190476,100.1089,1.15436956521739,98.99224
2015-01,98.20911,1865845000000.0,101.4177,0.765,1.52571428571429,100.9038,1.20994090909091,95.43784
2015-02,99.07822,1875776000000.0,100.7692,0.5325,1.37947368421053,105.7285,1.249695,100.1362
2015-03,99.78931,1887970000000.0,100.1591,0.5525,1.42136363636364,104.0623,1.26120454545455,99.07395
2015-04,99.7103,1892034000000.0,99.28503,0.618,1.41095238095238,106.6098,1.23413636363636,103.1186
2015-05,100.2634,1898133000000.0,98.35815,0.6575,1.744,105.4901,1.2177,98.6654
2015-06,100.5004,1907903000000.0,99.15469,0.61,1.78,103.4648,1.23576363636364,99.40079
2015-07,100.5794,1947407000000.0,100.6106,0.47,1.56954545454545,100.7142,1.2848,100.5856
2015-08,100.5794,1969234000000.0,101.6957,0.385,1.3915,97.85998,1.31401904761905,98.2977
2015-09,100.4214,1982932000000.0,99.53628,0.4,1.48142857142857,93.99223,1.32664090909091,99.35993
2015-10,100.5004,1979533000000.0,99.31012,0.4025,1.46333333333333,95.97256,1.30621818181818,102.1381
2015-11,100.4214,1994520000000.0,99.62583,0.4525,1.6335,93.61954,1.3274619047619,101.9338
2015-12,99.94733,2011770000000.0,100.0699,0.484,1.45952380952381,91.58231,1.37170434782609,101.8521
2016-01,100.1844,2030964000000.0,100.675,0.435,1.258,86.42041,1.42071428571429,102.1381
2016-02,100.4214,2042343000000.0,99.74361,0.4575,1.1245,88.01437,1.37918571428571,101.4436
2016-03,101.0535,2032275000000.0,98.71379,0.46,1.26818181818182,93.31869,1.32116956521739,100.9533
2016-04,101.3695,2047797000000.0,98.94821,0.5125,1.33619047619048,95.19677,1.2817619047619,100.1362
2016-05,101.7645,2077799000000.0,95.1335,0.5075,1.35,96.62364,1.29507727272727,96.58178
2016-06,102.0016,2093965000000.0,97.57616,0.51,1.16818181818182,97.93118,1.2887,102.1789
2016-07,101.8436,2120136000000.0,100.0941,0.5,1.051,100.6193,1.3039619047619,101.9747
2016-08,101.6855,2128511000000.0,100.4555,0.506,1.04272727272727,102.3534,1.29959565217391,102.7101
2016-09,101.7645,2142465000000.0,101.5851,0.505,1.08619047619048,102.1077,1.30972272727273,99.8502
2016-10,102.0016,2158122000000.0,100.9859,0.4875,1.1665,102.5932,1.32545714285714,102.0155
2016-11,101.6065,2164777000000.0,102.1866,0.48,1.43761904761905,103.3672,1.34418636363636,102.2198
2016-12,101.4485,2177625000000.0,102.3417,0.4775,1.732,106.4306,1.33537727272727,103.9766
2017-01,102.3176,2187563000000.0,102.7398,0.45,1.72238095238095,107.9394,1.32064545454545,104.0174
2017-02,102.4756,2184597000000.0,102.5311,0.465,1.70210526315789,109.1398,1.31089,105.1205
2017-03,102.6337,2199617000000.0,103.175,0.498,1.71434782608696,108.2026,1.33834782608696,105.4474
2017-04,103.0287,2221806000000.0,103.6225,0.535,1.52315789473684,109.0509,1.34378,107.4084
2017-05,103.1077,2240153000000.0,104.767,0.512,1.51318181818182,107.9957,1.36043043478261,102.3424
2017-06,103.0287,2233725000000.0,104.4795,0.565,1.50272727272727,106.7628,1.32980454545455,103.282
2017-07,103.0287,2228234000000.0,104.5742,0.73,1.908,105.6894,1.27024761904762,105.7742
2017-08,103.1077,2234230000000.0,103.0863,0.722,1.88363636363636,105.4141,1.26062173913043,103.0369
2017-09,103.3447,2242407000000.0,103.3119,0.98,2.0495,106.5621,1.22879047619048,103.7723
2017-10,103.4238,2258339000000.0,102.5584,0.96,2.05095238095238,110.3385,1.26020909090909,102.2607
2017-11,103.7398,2271493000000.0,103.6778,0.88,1.91857142857143,111.8084,1.27649545454545,104.0174
2017-12,103.3447,2284759000000.0,104.0429,0.96,1.91526315789474,112.2785,1.27694285714286,105.4882
2018-01,104.0558,2281341000000.0,104.5009,1.164,2.19818181818182,113.464,1.24325217391304,103.4046
2018-02,104.6879,2298989000000.0,105.4971,1.1625,2.32421052631579,107.6199,1.25839,101.8112
2018-03,105.004,2307461000000.0,107.0191,1.095,2.18857142857143,107.9901,1.293,105.2022
2018-04,105.32,2312470000000.0,107.0303,1.165,2.24904761904762,107.2621,1.27325714285714,99.35993
2018-05,105.399,2317738000000.0,106.7753,1.246,2.37545454545455,111.3948,1.2871347826087,104.5077
2018-06,105.557,2333327000000.0,107.6146,1.2375,2.20904761904762,113.3493,1.31239047619048,101.8112
2018-07,106.1101,2337974000000.0,108.2865,1.375,2.18714285714286,114.5507,1.31318181818182,101.4436
2018-08,106.0311,2352908000000.0,108.0749,1.488,2.29545454545455,113.9279,1.3038652173913,102.996
2018-09,105.636,2364907000000.0,107.9822,1.5175,2.35368421052632,112.5069,1.303745,103.282
2018-10,105.9521,2380260000000.0,108.1357,1.66,2.48863636363636,107.8389,1.3006347826087,104.5485
2018-11,105.478,2396412000000.0,107.3562,1.7125,2.40761904761905,105.6134,1.32006363636364,105.5291
2018-12,105.399,2429608000000.0,106.21,1.66,2.05789473684211,100.9393,1.34468095238095,107.9395
2019-01,105.557,2427370000000.0,106.2474,1.634,1.95363636363636,104.6165,1.33158260869565,103.7723
2019-02,106.2681,2441889000000.0,106.1222,1.665,1.90736842105263,110.2759,1.32086,107.3267
2019-03,106.9792,2478136000000.0,107.2952,1.66,1.71238095238095,112.4168,1.33681904761905,105.1614
2019-04,107.4533,2498966000000.0,108.5138,1.675,1.72428571428571,114.9087,1.33779090909091,106.8773
2019-05,107.9273,2498944000000.0,109.1692,1.678,1.66454545454545,113.8178,1.34594347826087,105.7742
2019-06,107.6903,2508500000000.0,108.3113,1.665,1.4625,113.8331,1.32873,105.6108
2019-07,108.2433,2522163000000.0,106.5742,1.654,1.51909090909091,115.1347,1.31004347826087,105.5291
2019-08,108.0853,2546539000000.0,106.5685,1.635,1.2052380952381,113.2873,1.32750909090909,108.4298
2019-09,107.6113,2560452000000.0,106.6512,1.6275,1.364,116.2679,1.32430952380952,105.8559
2019-10,107.9273,2583708000000.0,106.4995,1.654,1.44954545454545,114.3991,1.31901304347826,106.2645
2019-11,107.7693,2597381000000.0,106.0315,1.6625,1.4995,118.0409,1.32380476190476,106.0602
2019-12,107.7693,2621295000000.0,105.5849,1.6575,1.6045,118.7978,1.31703636363636,113.169
2020-01,108.0853,2634025000000.0,106.4758,1.646,1.49227272727273,121.1244,1.30824347826087,108.1847
2020-02,108.5594,2652313000000.0,107.6842,1.6325,1.29473684210526,122.4482,1.3284,110.2683
2020-03,107.9273,2731553000000.0,100.2467,0.6725,0.819090909090909,95.94145,1.39525,108.103
2020-04,107.2162,2826343000000.0,84.85007,0.246,0.657142857142857,98.16383,1.40567727272727,111.2488
2020-05,107.5323,2870361000000.0,89.49384,0.235,0.551,103.8505,1.3975619047619,108.8383
2020-06,108.4014,2917425000000.0,94.83833,0.1925,0.561363636363636,107.9628,1.35503181818182,106.9182
2020-07,108.4014,2923819000000.0,97.95603,0.18,0.516363636363636,111.0523,1.35041304347826,110.8811
2020-08,108.2433,2937855000000.0,98.30112,0.1575,0.5635,115.52,1.32307142857143,109.0018
2020-09,108.1643,2958122000000.0,99.38113,0.142,0.55952380952381,113.2146,1.32217727272727,108.8792
2020-10,108.6384,2900909000000.0,100.247,0.1,0.602857142857143,113.2708,1.32111363636364,109.2469
2020-11,108.7964,2909892000000.0,101.7901,0.1075,0.6885,116.7689,1.30657619047619,111.0854
2020-12,108.5594,2926982000000.0,102.9623,0.106,0.730952380952381,122.2525,1.28100869565217,117.6631
2021-01,109.1915,2948304000000.0,103.898,0.0575,0.8055,124.2181,1.27244285714286,113.2916
2021-02,109.7445,2969634000000.0,102.9455,0.0825,1.09947368421053,127.3483,1.26992,115.4977
2021-03,110.2976,2980683000000.0,103.4725,0.106,1.49652173913043,130.1205,1.25737391304348,113.3733
2021-04,110.8507,2979939000000.0,101.4471,0.0925,1.51619047619048,133.6261,1.24990454545455,110.7994
2021-05,111.4037,3010136000000.0,101.5075,0.0975,1.524,135.6217,1.21233333333333,112.9647
2021-06,111.7198,3025335000000.0,103.4172,0.128,1.425,140.2464,1.22186363636364,111.2488
2021-07,112.4309,3062656000000.0,103.2788,0.1675,1.25142857142857,140.6317,1.25226818181818,113.0873
2021-08,112.6679,3095150000000.0,103.5706,0.1775,1.19190476190476,142.6497,1.25967727272727,112.7196
2021-09,112.9049,3102666000000.0,103.3114,0.132,1.263,143.1405,1.26674545454545,112.7605
2021-10,113.695,3115545000000.0,105.1651,0.12,1.597,144.7816,1.2439,111.5348
2021-11,113.9321,3146033000000.0,104.7815,0.1175,1.68571428571429,149.5152,1.25644545454545,112.6787
2021-12,113.774,3160697000000.0,105.3915,0.078,1.45,146.0664,1.27957826086957,117.132
2022-01,114.8012,3192890000000.0,106.1168,0.305,1.759,146.7475,1.26184761904762,114.9258
2022-02,115.9863,3215429000000.0,106.3894,0.325,1.87947368421053,147.9952,1.271675,116.6826
2022-03,117.6455,3234582000000.0,107.3913,0.566,2.13217391304348,150.8203,1.26578695652174,118.0308
2022-04,118.3566,3261560000000.0,108.343,1.0475,2.704,150.6322,1.26267142857143,117.132
2022-05,120.0158,3283922000000.0,107.9759,1.3675,2.91857142857143,142.2092,1.28512272727273,114.8032
2022-06,120.8059,3303106000000.0,108.8244,1.834,3.31545454545455,137.703,1.28136363636364,119.1747
2022-07,120.9639,3315769000000.0,108.3002,2.445,3.04315789473684,131.9919,1.2939619047619,118.8887
2022-08,120.5689,3336695000000.0,108.2531,2.908,2.85909090909091,138.5578,1.29174347826087,120.0327
2022-09,120.6479,3360794000000.0,108.3273,3.42,3.14789473684211,133.5429,1.33272272727273,120.8089
2022-10,121.517,3377464000000.0,107.0836,3.76,3.38052631578947,131.5332,1.37000952380952,122.5657
2022-11,121.675,3404261000000.0,107.2476,3.988,3.16619047619048,138.8564,1.34453636363636,122.484
2022-12,120.9639,3417384000000.0,106.1678,4.1675,2.9415,137.6451,1.35929090909091,124.4859
2023-01,121.596,3454215000000.0,107.2042,4.325,2.93761904761905,140.9926,1.34272272727273,126.6921
2023-02,122.0701,3453190000000.0,107.7033,4.45,3.17421052631579,143.1723,1.34521,126.7738
2023-03,122.7021,3454091000000.0,108.1539,4.388,2.99347826086957,138.4465,1.36821304347826,127.1824
2023-04,123.5712,3473758000000.0,107.9751,4.3675,2.91611111111111,142.7487,1.34847,128.6531
2023-05,124.0453,3465786000000.0,107.7729,4.478,3.04545454545455,141.2347,1.35193913043478,126.447
2023-06,124.2033,3475271000000.0,107.9314,4.8325,3.33818181818182,138.5384,1.32878181818182,127.2232
2023-07,124.9144,3493917000000.0,107.4483,4.935,3.452,141.3794,1.32158095238095,124.6085
2023-08,125.3885,3530632000000.0,107.1201,5.054,3.65409090909091,140.1464,1.34796956521739,122.6883
2023-09,125.2304,3522722000000.0,106.6857,5.0375,3.816,140.2214,1.35370476190476,121.9529
2023-10,125.3095,3549553000000.0,106.7325,5.08,4.062,133.9453,1.37062727272727,121.5852
2023-11,125.4675,,108.2825,4.996,3.71095238095238,138.7668,1.37144090909091,121.0949
2023-12,125.0724,,107.8279,4.9475,3.23421052631579,143.7925,1.34144285714286,126.5287
2024-01,125.0724,,107.5598,4.948,3.34636363636364,146.2804,1.34158695652174,124.1182
2024-02,125.4675,,107.7144,4.935,3.504,147.3095,1.35,127.4683
2024-03,126.2576,,,4.905,3.444,152.4622,1.35399523809524,125.1804
2024-04,126.8896,,,4.925,3.69590909090909,153.2408,1.36737727272727,125.2622
2024-05,127.6007,,,4.868,3.64181818181818,155.011,1.36679565217391,125.2622
2024-06,127.5217,,,4.6475,3.3915,152.3224,1.370685,125.4664
2024-07,128.0748,,,4.508,3.40772727272727,157.2388,1.37107391304348,125.8341
2024-08,127.8378,,,4.2325,3.0715,158.9263,1.3661,127.9995
2024-09,127.2847,,,4.0425,2.94444444444444,164.0318,1.35413333333333,127.1415
2024-10,127.8378,,,3.71,3.18636363636364,170.148,1.37551304347826,149.3259
2024-11,127.8378,,,3.48,3.2785,174.3944,1.39719047619048,126.161
2024-12,127.3637,,,3.195,3.1615,175.2943,1.42536818181818,128.9391
2025-01,127.4427,,,3.058,3.28863636363636,175.119,1.43896956521739,128.8574
2025-02,128.7859,,,2.8425,3.05631578947368,177.3922,1.429435,128.8574
2025-03,129.1809,,,2.66,3.01047619047619,172.9629,1.43589047619048,128.8983
2025-04,,,,2.622,3.10857142857143,168.241,1.39823181818182,130.941
2025-05,,,,2.6225,3.22142857142857,179.0564,1.38655,131.0227
2025-06,,,,2.66,3.314,185.0524,1.36737142857143,131.1453
2025-07,,,,2.662,3.48045454545455,189.6443,1.36889565217391,131.0636
2025-08,,,,2.655,3.4225,194.7787,1.38017619047619,132.8612
2025-09,,,,2.4925,3.2245,204.8339,1.3833,130.7368
2025-10,,,,2.334,3.12818181818182,210.9657,1.3992347826087,132.2484
2025-11,,,,2.185,3.17421052631579,211.936,1.40535,133.0246
2025-12,,,,2.164,3.38761904761905,220.1099,1.37913043478261,133.9643
2026-01,,,,2.19,3.40238095238095,227.9918,1.37749090909091,133.0246
2026-02,,,,2.1775,3.28842105263158,231.5948,1.36489,132.4935
2026-03,,,,2.23,3.44090909090909,228.2303,1.37170909090909,129.5928
2026-04,,,,2.272,3.51833333333333,235.0694,1.37581818181818,130.5325
2026-05,,,,2.2925,3.5415,238.2388,1.37244285714286,
2026-06,,,,2.2725,3.38833333333333,243.0676,1.40402272727273,
2026-07,,,,2.258,3.54727272727273,246.022,1.41116086956522,
2026-08,,,,2.28,3.675,254.1654,1.39043333333333,
