fecha,vivienda_real,credito_pib,expectativa_spf
1975Q1,59.0455,,
1975Q2,58.8337,,
1975Q3,58.7068,,
1975Q4,58.2533,,
1976Q1,58.017,,
1976Q2,59.3577,,
1976Q3,60.4627,,
1976Q4,60.1192,,
1977Q1,59.8464,,
1977Q2,60.6259,,
1977Q3,61.4762,,
1977Q4,61.9179,,
1978Q1,62.468,,
1978Q2,63.0266,,
1978Q3,63.756,,
1978Q4,64.4977,,
1979Q1,65.7715,,
1979Q2,66.5715,,
1979Q3,66.3896,,
1979Q4,64.9728,,
1980Q1,64.0152,,
1980Q2,65.0303,,
1980Q3,67.0862,,
1980Q4,68.074,,
1981Q1,68.7297,,
1981Q2,68.9245,,
1981Q3,67.4976,,
1981Q4,65.6337,,
1982Q1,64.5864,,
1982Q2,63.8336,,
1982Q3,63.6141,,
1982Q4,62.7221,,
1983Q1,62.3226,,
1983Q2,62.053,,
1983Q3,62.0333,,
1983Q4,60.5415,,
1984Q1,59.3976,,
1984Q2,58.8292,,
1984Q3,58.6702,,
1984Q4,57.699,,
1985Q1,56.8494,,
1985Q2,56.3619,,
1985Q3,56.902,,
1985Q4,56.5768,,
1986Q1,56.2056,,
1986Q2,56.7776,,
1986Q3,57.6662,,
1986Q4,57.9111,,
1987Q1,58.6028,,
1987Q2,59.225,,
1987Q3,59.7608,,
1987Q4,60.9463,,
1988Q1,61.4288,,
1988Q2,62.657,,
1988Q3,64.2411,,
1988Q4,64.9144,,
1989Q1,66.1681,,
1989Q2,67.0945,,
1989Q3,68.7612,,
1989Q4,69.6263,,
1990Q1,71.2092,,
1990Q2,72.6675,,
1990Q3,74.2264,,
1990Q4,74.1533,,
1991Q1,74.9516,,
1991Q2,75.9017,,
1991Q3,76.5445,,
1991Q4,76.9061,,
1992Q1,76.6738,,
1992Q2,76.7618,,
1992Q3,77.2133,,
1992Q4,76.7438,,
1993Q1,75.7408,,
1993Q2,76.0346,,
1993Q3,76.4454,,
1993Q4,76.0523,,
1994Q1,75.342,,
1994Q2,75.2841,,
1994Q3,75.7193,,
1994Q4,75.1914,,
1995Q1,74.5354,,
1995Q2,74.4138,,
1995Q3,75.1404,,
1995Q4,74.726,,
1996Q1,74.4814,,
1996Q2,74.3474,,
1996Q3,75.2492,,
1996Q4,75.1373,,
1997Q1,74.1775,,
1997Q2,75.1637,,
1997Q3,75.5089,,
1997Q4,75.6316,,
1998Q1,75.0993,,
1998Q2,75.6306,,
1998Q3,76.647,,
1998Q4,77.2279,,
1999Q1,77.6572,112.8,
1999Q2,78.2447,114.9,
1999Q3,79.8224,116.1,
1999Q4,80.0083,118.9,1.1538709677419354
2000Q1,80.8498,119.1,1.461964285714286
2000Q2,81.6016,120.3,1.4932653061224492
2000Q3,82.4629,122.3,1.5196226415094338
2000Q4,82.4795,125.0,1.6358181818181816
2001Q1,83.3674,124.7,1.7054545454545456
2001Q2,83.3473,125.7,1.806938775510204
2001Q3,84.6039,126.6,1.82390625
2001Q4,84.7509,128.8,1.6732758620689652
2002Q1,86.0174,129.5,1.7803508771929826
2002Q2,86.8409,130.2,1.8021739130434784
2002Q3,88.4049,130.3,1.6274509803921569
2002Q4,88.4205,131.6,1.739423076923077
2003Q1,89.2046,131.5,1.887037037037037
2003Q2,90.235,132.8,1.783
2003Q3,91.6704,133.2,1.8094339622641504
2003Q4,92.14,134.2,1.7621691220370364
2004Q1,92.9566,134.2,1.5666666666666662
2004Q2,93.9099,135.0,1.5037200902083336
2004Q3,95.7769,135.3,1.6424938987037034
2004Q4,96.5507,137.1,1.687272727272727
2005Q1,98.0364,137.6,1.7047473308474574
2005Q2,98.6898,140.3,1.7796296296296297
2005Q3,100.2645,140.9,1.8488056653703704
2005Q4,100.9679,142.1,1.718047938421053
2006Q1,101.8694,144.7,1.7696527272727267
2006Q2,102.9087,146.4,1.744255319148936
2006Q3,104.9817,145.8,1.79
2006Q4,105.4538,146.6,1.8888930447272725
2007Q1,106.3338,147.2,2.13146851851852
2007Q2,106.1807,149.3,2.0700000000000007
2007Q3,107.5809,149.5,2.058490566037736
2007Q4,106.5132,153.1,2.042622451411193
2008Q1,106.6946,154.1,1.9733333333333332
2008Q2,105.4996,156.4,1.958482912149296
2008Q3,105.01,158.1,1.9760000000000004
2008Q4,103.7409,158.2,1.98699488888948
2009Q1,102.7677,160.7,2.134615384615384
2009Q2,100.634,162.8,2.400769230769231
2009Q3,100.8942,164.3,1.94527
2009Q4,100.3744,168.7,1.439351851851852
2010Q1,100.0367,169.0,1.168986956521739
2010Q2,99.6549,169.9,1.211063829787234
2010Q3,100.4512,168.8,1.2915384902040818
2010Q4,99.8593,168.7,1.3751018994339623
2011Q1,99.1654,167.3,1.4299584545454544
2011Q2,97.9984,167.7,1.4826688888888886
2011Q3,98.5138,167.9,1.5478668000000004
2011Q4,96.4064,169.3,1.7942614115365385
2012Q1,95.6017,170.0,1.9409491144934776
2012Q2,94.0401,171.2,1.9457303202651168
2012Q3,93.5615,171.2,1.6313165109884622
2012Q4,92.2722,170.5,1.6577737535061223
2013Q1,91.2285,170.2,1.7979350841413042
2013Q2,90.4981,169.8,1.7639322921418603
2013Q3,91.1689,169.3,1.8555779095085108
2013Q4,90.2889,167.8,1.7236621318893612
2014Q1,90.5641,167.5,1.5587907505159089
2014Q2,90.6937,167.7,1.5331714755560977
2014Q3,91.595,167.4,1.4825411471046517
2014Q4,90.9369,168.6,1.345395823802222
2015Q1,91.8444,172.7,1.2446060971022224
2015Q2,91.577,171.5,1.1815915709638305
2015Q3,92.842,170.7,1.0655108194145837
2015Q4,93.1932,169.4,0.7554202794291668
2016Q1,95.0339,169.5,0.9816518550040816
2016Q2,95.1252,170.4,1.2076375659209304
2016Q3,96.657,170.3,1.1037208270833334
2016Q4,96.7116,169.7,1.1546666666666665
2017Q1,97.5162,170.7,1.0955863414634144
2017Q2,97.7491,169.4,1.1402425833625
2017Q3,99.3984,168.4,1.211837788851282
2017Q4,99.8303,168.0,1.3797786959604166
2018Q1,101.0665,167.4,1.4823839737093023
2018Q2,100.8477,168.1,1.4537895145229165
2018Q3,102.186,167.7,1.4767936160220003
2018Q4,102.6828,166.8,1.5556649130562503
2019Q1,103.8144,167.2,1.5554096876833332
2019Q2,103.8077,167.6,1.6156903540595746
2019Q3,105.354,167.7,1.6688462284600003
2019Q4,106.0578,166.7,1.5808541357081636
2020Q1,107.9207,169.3,1.5451223015860467
2020Q2,108.8645,178.0,1.333954411880952
2020Q3,110.8911,180.7,1.2422269137545454
2020Q4,112.6582,183.5,1.2754302513183335
2021Q1,113.4328,184.7,1.0119312862000005
2021Q2,114.833,179.8,1.0529182883413042
2021Q3,117.7996,177.6,1.096758126826531
2021Q4,117.956,175.7,1.303554429247059
2022Q1,117.5423,173.8,1.321053652095745
2022Q2,116.2941,172.1,1.4290745694088889
2022Q3,115.3601,171.4,1.6530908881914894
2022Q4,110.829,168.4,1.812694997457143
2023Q1,109.4627,165.2,2.811299741014633
2023Q2,107.9636,163.1,3.5566997932190483
2023Q3,107.6258,161.2,4.755920324782608
2023Q4,106.6623,159.9,3.6206025955319134
2024Q1,106.6129,158.1,2.806316633333333
2024Q2,106.9911,157.7,2.7912019645238093
2024Q3,108.4347,156.8,2.4825578438
2024Q4,108.8328,156.3,2.2718729778723405
2025Q1,109.9236,155.8,2.069420994693877
2025Q2,110.4368,154.8,2.069943305454545
2025Q3,111.7576,154.0,1.9546583076086956
2025Q4,112.0621,153.6,1.9830234053061229
2026Q1,112.7761,,1.9817675690697671
